study,subset,composition,filler,filler_wt_pct,force,force_unit,force_as_read,freq_Hz,voltage,voltage_unit,source_figure,x_px,y_px,reading
li2022,pressure,20% BTO/PVDF,BTO,20.0,40.0,kPa,38.8,3.0,1.015,V (peak-to-peak),Fig. 7a,229.0,636.5,bbox
li2022,pressure,20% BTO/PVDF,BTO,20.0,90.0,kPa,90.0,3.0,2.201,V (peak-to-peak),Fig. 7a,311.5,607.5,bbox
li2022,pressure,20% BTO/PVDF,BTO,20.0,130.0,kPa,130.6,3.0,3.081,V (peak-to-peak),Fig. 7a,377.0,586.0,bbox
li2022,pressure,20% BTO/PVDF,BTO,20.0,170.0,kPa,169.4,3.0,4.165,V (peak-to-peak),Fig. 7a,439.5,559.5,bbox
li2022,pressure,20% BTO/PVDF,BTO,20.0,230.0,kPa,230.1,3.0,5.393,V (peak-to-peak),Fig. 7a,537.5,529.5,bbox
li2022,pressure,20% BTO/PVDF,BTO,20.0,300.0,kPa,300.6,3.0,7.52,V (peak-to-peak),Fig. 7a,651.0,477.5,bbox
li2022,pressure,20% BTO/PVDF,BTO,20.0,370.0,kPa,370.3,3.0,8.993,V (peak-to-peak),Fig. 7a,763.5,441.5,bbox
li2022,pressure,20% BTO/PVDF,BTO,20.0,420.0,kPa,419.4,3.0,10.63,V (peak-to-peak),Fig. 7a,842.5,401.5,bbox
li2022,pressure,20% BTO/PVDF,BTO,20.0,480.0,kPa,478.6,3.0,11.06,V (peak-to-peak),Fig. 7a,938.0,391.0,bbox
li2022,pressure,20% TOS-BTO/PVDF,TOS-BTO,20.0,15.0,kPa,14.0,3.0,0.953,V (peak-to-peak),Fig. 7a,189.0,638.0,bbox
li2022,pressure,20% TOS-BTO/PVDF,TOS-BTO,20.0,40.0,kPa,42.5,3.0,2.385,V (peak-to-peak),Fig. 7a,235.0,603.0,bbox
li2022,pressure,20% TOS-BTO/PVDF,TOS-BTO,20.0,90.0,kPa,89.6,3.0,5.229,V (peak-to-peak),Fig. 7a,311.0,533.5,bbox
li2022,pressure,20% TOS-BTO/PVDF,TOS-BTO,20.0,130.0,kPa,129.3,3.0,6.252,V (peak-to-peak),Fig. 7a,375.0,508.5,bbox
li2022,pressure,20% TOS-BTO/PVDF,TOS-BTO,20.0,170.0,kPa,170.0,3.0,8.768,V (peak-to-peak),Fig. 7a,440.5,447.0,bbox
li2022,pressure,20% TOS-BTO/PVDF,TOS-BTO,20.0,230.0,kPa,229.5,3.0,10.282,V (peak-to-peak),Fig. 7a,536.5,410.0,bbox
li2022,pressure,20% TOS-BTO/PVDF,TOS-BTO,20.0,300.0,kPa,300.6,3.0,14.783,V (peak-to-peak),Fig. 7a,651.0,300.0,bbox
li2022,pressure,20% TOS-BTO/PVDF,TOS-BTO,20.0,370.0,kPa,370.3,3.0,17.709,V (peak-to-peak),Fig. 7a,763.5,228.5,bbox
li2022,pressure,20% TOS-BTO/PVDF,TOS-BTO,20.0,420.0,kPa,420.6,3.0,20.041,V (peak-to-peak),Fig. 7a,844.5,171.5,bbox
li2022,pressure,20% TOS-BTO/PVDF,TOS-BTO,20.0,480.0,kPa,480.1,3.0,21.678,V (peak-to-peak),Fig. 7a,940.5,131.5,bbox
