study,subset,composition,device,preload_mass_g,force,force_unit,freq_Hz,voltage,voltage_unit,source_figure,x_px,y_px
park2017,frequency,G/PVDF/G,G/PVDF/G,70,,,105.0,0.1312,V (peak-to-peak),Fig. 3d,104.4,788.0
park2017,frequency,G/PVDF/G,G/PVDF/G,70,,,110.0,0.2212,V (peak-to-peak),Fig. 3d,117.3,784.2
park2017,frequency,G/PVDF/G,G/PVDF/G,70,,,115.0,0.2032,V (peak-to-peak),Fig. 3d,130.2,785.0
park2017,frequency,G/PVDF/G,G/PVDF/G,70,,,120.0,0.1792,V (peak-to-peak),Fig. 3d,143.1,786.0
park2017,frequency,G/PVDF/G,G/PVDF/G,70,,,125.0,0.1792,V (peak-to-peak),Fig. 3d,156.0,786.0
park2017,frequency,G/PVDF/G,G/PVDF/G,70,,,130.0,0.2753,V (peak-to-peak),Fig. 3d,168.9,782.0
park2017,frequency,G/PVDF/G,G/PVDF/G,70,,,135.0,0.9059,V (peak-to-peak),Fig. 3d,181.8,755.8
park2017,frequency,G/PVDF/G,G/PVDF/G,70,,,140.0,0.6837,V (peak-to-peak),Fig. 3d,194.7,765.0
park2017,frequency,G/PVDF/G,G/PVDF/G,70,,,145.0,0.8639,V (peak-to-peak),Fig. 3d,207.6,757.5
park2017,frequency,G/PVDF/G,G/PVDF/G,70,,,150.0,0.8339,V (peak-to-peak),Fig. 3d,220.5,758.8
park2017,frequency,G/PVDF/G,G/PVDF/G,70,,,155.0,1.3504,V (peak-to-peak),Fig. 3d,233.4,737.2
park2017,frequency,G/PVDF/G,G/PVDF/G,70,,,160.0,0.8819,V (peak-to-peak),Fig. 3d,246.3,756.8
park2017,frequency,G/PVDF/G,G/PVDF/G,70,,,165.0,0.4915,V (peak-to-peak),Fig. 3d,259.2,773.0
park2017,frequency,G/PVDF/G,G/PVDF/G,70,,,170.0,0.7137,V (peak-to-peak),Fig. 3d,272.1,763.8
park2017,frequency,G/PVDF/G,G/PVDF/G,70,,,175.0,0.7257,V (peak-to-peak),Fig. 3d,285.0,763.2
park2017,frequency,G/PVDF/G,G/PVDF/G,70,,,180.0,0.3834,V (peak-to-peak),Fig. 3d,297.9,777.5
park2017,frequency,G/PVDF/G,G/PVDF/G,70,,,185.0,0.3534,V (peak-to-peak),Fig. 3d,310.8,778.8
park2017,frequency,G/PVDF/G,G/PVDF/G,70,,,190.0,0.2393,V (peak-to-peak),Fig. 3d,323.7,783.5
park2017,frequency,G/PVDF/G,G/PVDF/G,70,,,195.0,0.2753,V (peak-to-peak),Fig. 3d,336.6,782.0
park2017,frequency,G/PVDF/G,G/PVDF/G,70,,,200.0,0.4074,V (peak-to-peak),Fig. 3d,349.5,776.5
park2017,frequency,G/PVDF/G,G/PVDF/G,70,,,205.0,0.3053,V (peak-to-peak),Fig. 3d,362.4,780.8
park2017,frequency,G/PVDF/G,G/PVDF/G,70,,,210.0,0.2032,V (peak-to-peak),Fig. 3d,375.3,785.0
park2017,frequency,G/PVDF/G,G/PVDF/G,70,,,215.0,0.2393,V (peak-to-peak),Fig. 3d,388.2,783.5
park2017,frequency,G/PVDF/G,G/PVDF/G,70,,,220.0,0.2633,V (peak-to-peak),Fig. 3d,401.1,782.5
park2017,frequency,G/PVDF/G,G/PVDF/G,70,,,225.0,0.1792,V (peak-to-peak),Fig. 3d,414.0,786.0
park2017,frequency,G/PVDF/G,G/PVDF/G,70,,,230.0,0.1191,V (peak-to-peak),Fig. 3d,426.9,788.5
park2017,frequency,G/PVDF/G,G/PVDF/G,70,,,235.0,0.1312,V (peak-to-peak),Fig. 3d,439.8,788.0
park2017,frequency,G/PVDF/G,G/PVDF/G,70,,,240.0,0.2393,V (peak-to-peak),Fig. 3d,452.7,783.5
park2017,frequency,G/PVDF/G,G/PVDF/G,70,,,245.0,0.1312,V (peak-to-peak),Fig. 3d,465.6,788.0
park2017,frequency,G/PVDF/G,G/PVDF/G,70,,,250.0,0.1552,V (peak-to-peak),Fig. 3d,478.5,787.0
park2017,frequency,G/PVDF/G,G/PVDF/G,70,,,255.0,0.2933,V (peak-to-peak),Fig. 3d,491.4,781.2
park2017,frequency,G/PVDF/G,G/PVDF/G,70,,,260.0,0.4615,V (peak-to-peak),Fig. 3d,504.3,774.2
park2017,frequency,G/PVDF/G,G/PVDF/G,70,,,265.0,0.8098,V (peak-to-peak),Fig. 3d,517.2,759.8
park2017,frequency,G/PVDF/G,G/PVDF/G,70,,,270.0,1.2062,V (peak-to-peak),Fig. 3d,530.1,743.2
park2017,frequency,G/PVDF/G,G/PVDF/G,70,,,275.0,0.7678,V (peak-to-peak),Fig. 3d,543.0,761.5
park2017,frequency,G/PVDF/G,G/PVDF/G,70,,,280.0,0.5215,V (peak-to-peak),Fig. 3d,555.9,771.8
park2017,frequency,G/PVDF/G,G/PVDF/G,70,,,285.0,0.3774,V (peak-to-peak),Fig. 3d,568.8,777.8
park2017,frequency,G/PVDF/G,G/PVDF/G,70,,,290.0,0.3233,V (peak-to-peak),Fig. 3d,581.7,780.0
park2017,frequency,G/PVDF/G,G/PVDF/G,70,,,295.0,0.2933,V (peak-to-peak),Fig. 3d,594.6,781.2
park2017,frequency,G/PVDF/G,G/PVDF/G,170,,,105.0,0.1605,V (peak-to-peak),Fig. 3e,736.4,785.5
park2017,frequency,G/PVDF/G,G/PVDF/G,170,,,110.0,0.2987,V (peak-to-peak),Fig. 3e,749.3,779.8
park2017,frequency,G/PVDF/G,G/PVDF/G,170,,,115.0,0.4128,V (peak-to-peak),Fig. 3e,762.2,775.0
park2017,frequency,G/PVDF/G,G/PVDF/G,170,,,120.0,0.3828,V (peak-to-peak),Fig. 3e,775.1,776.2
park2017,frequency,G/PVDF/G,G/PVDF/G,170,,,125.0,0.3467,V (peak-to-peak),Fig. 3e,788.0,777.8
park2017,frequency,G/PVDF/G,G/PVDF/G,170,,,130.0,0.4128,V (peak-to-peak),Fig. 3e,800.9,775.0
park2017,frequency,G/PVDF/G,G/PVDF/G,170,,,135.0,0.3527,V (peak-to-peak),Fig. 3e,813.8,777.5
park2017,frequency,G/PVDF/G,G/PVDF/G,170,,,140.0,0.5389,V (peak-to-peak),Fig. 3e,826.7,769.8
park2017,frequency,G/PVDF/G,G/PVDF/G,170,,,145.0,0.9954,V (peak-to-peak),Fig. 3e,839.6,750.8
park2017,frequency,G/PVDF/G,G/PVDF/G,170,,,150.0,0.9053,V (peak-to-peak),Fig. 3e,852.5,754.5
park2017,frequency,G/PVDF/G,G/PVDF/G,170,,,155.0,1.1936,V (peak-to-peak),Fig. 3e,865.4,742.5
park2017,frequency,G/PVDF/G,G/PVDF/G,170,,,160.0,0.5749,V (peak-to-peak),Fig. 3e,878.3,768.2
park2017,frequency,G/PVDF/G,G/PVDF/G,170,,,165.0,0.665,V (peak-to-peak),Fig. 3e,891.2,764.5
park2017,frequency,G/PVDF/G,G/PVDF/G,170,,,170.0,0.3888,V (peak-to-peak),Fig. 3e,904.1,776.0
park2017,frequency,G/PVDF/G,G/PVDF/G,170,,,175.0,0.4308,V (peak-to-peak),Fig. 3e,917.0,774.2
park2017,frequency,G/PVDF/G,G/PVDF/G,170,,,180.0,0.9653,V (peak-to-peak),Fig. 3e,929.9,752.0
park2017,frequency,G/PVDF/G,G/PVDF/G,170,,,185.0,1.7701,V (peak-to-peak),Fig. 3e,942.8,718.5
park2017,frequency,G/PVDF/G,G/PVDF/G,170,,,190.0,1.1395,V (peak-to-peak),Fig. 3e,955.7,744.8
park2017,frequency,G/PVDF/G,G/PVDF/G,170,,,195.0,0.8032,V (peak-to-peak),Fig. 3e,968.6,758.8
park2017,frequency,G/PVDF/G,G/PVDF/G,170,,,200.0,0.5689,V (peak-to-peak),Fig. 3e,981.5,768.5
park2017,frequency,G/PVDF/G,G/PVDF/G,170,,,205.0,0.5629,V (peak-to-peak),Fig. 3e,994.4,768.8
park2017,frequency,G/PVDF/G,G/PVDF/G,170,,,210.0,0.3948,V (peak-to-peak),Fig. 3e,1007.3,775.8
park2017,frequency,G/PVDF/G,G/PVDF/G,170,,,215.0,0.3227,V (peak-to-peak),Fig. 3e,1020.2,778.8
park2017,frequency,G/PVDF/G,G/PVDF/G,170,,,220.0,0.2927,V (peak-to-peak),Fig. 3e,1033.1,780.0
park2017,frequency,G/PVDF/G,G/PVDF/G,170,,,225.0,0.3007,V (peak-to-peak),Fig. 3e,1046.0,779.7
park2017,frequency,G/PVDF/G,G/PVDF/G,170,,,230.0,0.2326,V (peak-to-peak),Fig. 3e,1058.9,782.5
park2017,frequency,G/PVDF/G,G/PVDF/G,170,,,235.0,0.1665,V (peak-to-peak),Fig. 3e,1071.8,785.2
park2017,frequency,G/PVDF/G,G/PVDF/G,170,,,240.0,0.1005,V (peak-to-peak),Fig. 3e,1084.7,788.0
park2017,frequency,G/PVDF/G,G/PVDF/G,170,,,245.0,0.1005,V (peak-to-peak),Fig. 3e,1097.6,788.0
park2017,frequency,G/PVDF/G,G/PVDF/G,170,,,250.0,0.1305,V (peak-to-peak),Fig. 3e,1110.5,786.8
park2017,frequency,G/PVDF/G,G/PVDF/G,170,,,255.0,0.3467,V (peak-to-peak),Fig. 3e,1123.4,777.8
park2017,frequency,G/PVDF/G,G/PVDF/G,170,,,260.0,0.3828,V (peak-to-peak),Fig. 3e,1136.3,776.2
park2017,frequency,G/PVDF/G,G/PVDF/G,170,,,265.0,0.3767,V (peak-to-peak),Fig. 3e,1149.2,776.5
park2017,frequency,G/PVDF/G,G/PVDF/G,170,,,270.0,0.4668,V (peak-to-peak),Fig. 3e,1162.1,772.8
park2017,frequency,G/PVDF/G,G/PVDF/G,170,,,275.0,0.589,V (peak-to-peak),Fig. 3e,1175.0,767.7
park2017,frequency,G/PVDF/G,G/PVDF/G,170,,,280.0,0.5389,V (peak-to-peak),Fig. 3e,1187.9,769.8
park2017,frequency,G/PVDF/G,G/PVDF/G,170,,,285.0,0.7371,V (peak-to-peak),Fig. 3e,1200.8,761.5
park2017,frequency,G/PVDF/G,G/PVDF/G,170,,,290.0,0.5509,V (peak-to-peak),Fig. 3e,1213.7,769.2
park2017,frequency,G/PVDF/G,G/PVDF/G,170,,,295.0,0.2867,V (peak-to-peak),Fig. 3e,1226.6,780.2
park2017,frequency,G/PVDF/G,G/PVDF/G,370,,,105.0,0.1365,V (peak-to-peak),Fig. 3f,1366.5,786.5
park2017,frequency,G/PVDF/G,G/PVDF/G,370,,,110.0,0.2927,V (peak-to-peak),Fig. 3f,1379.4,780.0
park2017,frequency,G/PVDF/G,G/PVDF/G,370,,,115.0,0.7371,V (peak-to-peak),Fig. 3f,1392.3,761.5
park2017,frequency,G/PVDF/G,G/PVDF/G,370,,,120.0,0.7011,V (peak-to-peak),Fig. 3f,1405.2,763.0
park2017,frequency,G/PVDF/G,G/PVDF/G,370,,,125.0,0.4428,V (peak-to-peak),Fig. 3f,1418.0,773.8
park2017,frequency,G/PVDF/G,G/PVDF/G,370,,,130.0,0.1966,V (peak-to-peak),Fig. 3f,1430.9,784.0
park2017,frequency,G/PVDF/G,G/PVDF/G,370,,,135.0,0.3888,V (peak-to-peak),Fig. 3f,1443.8,776.0
park2017,frequency,G/PVDF/G,G/PVDF/G,370,,,140.0,1.3857,V (peak-to-peak),Fig. 3f,1456.7,734.5
park2017,frequency,G/PVDF/G,G/PVDF/G,370,,,145.0,0.659,V (peak-to-peak),Fig. 3f,1469.5,764.8
park2017,frequency,G/PVDF/G,G/PVDF/G,370,,,150.0,0.3888,V (peak-to-peak),Fig. 3f,1482.4,776.0
park2017,frequency,G/PVDF/G,G/PVDF/G,370,,,155.0,0.7551,V (peak-to-peak),Fig. 3f,1495.3,760.8
park2017,frequency,G/PVDF/G,G/PVDF/G,370,,,160.0,0.7912,V (peak-to-peak),Fig. 3f,1508.2,759.2
park2017,frequency,G/PVDF/G,G/PVDF/G,370,,,165.0,0.9713,V (peak-to-peak),Fig. 3f,1521.0,751.8
park2017,frequency,G/PVDF/G,G/PVDF/G,370,,,170.0,0.8092,V (peak-to-peak),Fig. 3f,1533.9,758.5
park2017,frequency,G/PVDF/G,G/PVDF/G,370,,,175.0,1.8362,V (peak-to-peak),Fig. 3f,1546.8,715.8
park2017,frequency,G/PVDF/G,G/PVDF/G,370,,,180.0,2.3887,V (peak-to-peak),Fig. 3f,1559.7,692.8
park2017,frequency,G/PVDF/G,G/PVDF/G,370,,,185.0,1.0854,V (peak-to-peak),Fig. 3f,1572.5,747.0
park2017,frequency,G/PVDF/G,G/PVDF/G,370,,,190.0,0.8212,V (peak-to-peak),Fig. 3f,1585.4,758.0
park2017,frequency,G/PVDF/G,G/PVDF/G,370,,,195.0,0.5629,V (peak-to-peak),Fig. 3f,1598.3,768.8
park2017,frequency,G/PVDF/G,G/PVDF/G,370,,,200.0,0.629,V (peak-to-peak),Fig. 3f,1611.2,766.0
park2017,frequency,G/PVDF/G,G/PVDF/G,370,,,205.0,0.5329,V (peak-to-peak),Fig. 3f,1624.0,770.0
park2017,frequency,G/PVDF/G,G/PVDF/G,370,,,210.0,0.1665,V (peak-to-peak),Fig. 3f,1636.9,785.2
park2017,frequency,G/PVDF/G,G/PVDF/G,370,,,215.0,0.1425,V (peak-to-peak),Fig. 3f,1649.8,786.2
park2017,frequency,G/PVDF/G,G/PVDF/G,370,,,220.0,0.1725,V (peak-to-peak),Fig. 3f,1662.7,785.0
park2017,frequency,G/PVDF/G,G/PVDF/G,370,,,225.0,0.1485,V (peak-to-peak),Fig. 3f,1675.5,786.0
park2017,frequency,G/PVDF/G,G/PVDF/G,370,,,230.0,0.2867,V (peak-to-peak),Fig. 3f,1688.4,780.2
park2017,frequency,G/PVDF/G,G/PVDF/G,370,,,235.0,1.0014,V (peak-to-peak),Fig. 3f,1701.3,750.5
park2017,frequency,G/PVDF/G,G/PVDF/G,370,,,240.0,0.3287,V (peak-to-peak),Fig. 3f,1714.2,778.5
park2017,frequency,G/PVDF/G,G/PVDF/G,370,,,245.0,1.0494,V (peak-to-peak),Fig. 3f,1727.0,748.5
park2017,frequency,G/PVDF/G,G/PVDF/G,370,,,250.0,1.2476,V (peak-to-peak),Fig. 3f,1739.9,740.2
park2017,frequency,G/PVDF/G,G/PVDF/G,370,,,255.0,0.629,V (peak-to-peak),Fig. 3f,1752.8,766.0
park2017,frequency,G/PVDF/G,G/PVDF/G,370,,,260.0,0.617,V (peak-to-peak),Fig. 3f,1765.7,766.5
park2017,frequency,G/PVDF/G,G/PVDF/G,370,,,265.0,0.5749,V (peak-to-peak),Fig. 3f,1778.5,768.2
park2017,frequency,G/PVDF/G,G/PVDF/G,370,,,270.0,0.3828,V (peak-to-peak),Fig. 3f,1791.4,776.2
park2017,frequency,G/PVDF/G,G/PVDF/G,370,,,275.0,0.1906,V (peak-to-peak),Fig. 3f,1804.3,784.2
park2017,frequency,G/PVDF/G,G/PVDF/G,370,,,280.0,0.4428,V (peak-to-peak),Fig. 3f,1817.2,773.8
park2017,frequency,G/PVDF/G,G/PVDF/G,370,,,285.0,0.3587,V (peak-to-peak),Fig. 3f,1830.0,777.2
park2017,frequency,G/PVDF/G,G/PVDF/G,370,,,290.0,0.4608,V (peak-to-peak),Fig. 3f,1842.9,773.0
park2017,frequency,G/PVDF/G,G/PVDF/G,370,,,295.0,0.3107,V (peak-to-peak),Fig. 3f,1855.8,779.2
park2017,frequency,G/PVDF/G,G/PVDF/G,570,,,105.0,0.5594,V (peak-to-peak),Fig. 3g,104.4,1261.2
park2017,frequency,G/PVDF/G,G/PVDF/G,570,,,110.0,0.3008,V (peak-to-peak),Fig. 3g,117.3,1272.0
park2017,frequency,G/PVDF/G,G/PVDF/G,570,,,115.0,0.3368,V (peak-to-peak),Fig. 3g,130.2,1270.5
park2017,frequency,G/PVDF/G,G/PVDF/G,570,,,120.0,0.3008,V (peak-to-peak),Fig. 3g,143.1,1272.0
park2017,frequency,G/PVDF/G,G/PVDF/G,570,,,125.0,0.1624,V (peak-to-peak),Fig. 3g,156.0,1277.8
park2017,frequency,G/PVDF/G,G/PVDF/G,570,,,130.0,0.2105,V (peak-to-peak),Fig. 3g,168.9,1275.8
park2017,frequency,G/PVDF/G,G/PVDF/G,570,,,135.0,0.6436,V (peak-to-peak),Fig. 3g,181.8,1257.8
park2017,frequency,G/PVDF/G,G/PVDF/G,570,,,140.0,0.4511,V (peak-to-peak),Fig. 3g,194.7,1265.8
park2017,frequency,G/PVDF/G,G/PVDF/G,570,,,145.0,0.3248,V (peak-to-peak),Fig. 3g,207.6,1271.0
park2017,frequency,G/PVDF/G,G/PVDF/G,570,,,150.0,0.3248,V (peak-to-peak),Fig. 3g,220.5,1271.0
park2017,frequency,G/PVDF/G,G/PVDF/G,570,,,155.0,0.3248,V (peak-to-peak),Fig. 3g,233.4,1271.0
park2017,frequency,G/PVDF/G,G/PVDF/G,570,,,160.0,0.2887,V (peak-to-peak),Fig. 3g,246.3,1272.5
park2017,frequency,G/PVDF/G,G/PVDF/G,570,,,165.0,0.5293,V (peak-to-peak),Fig. 3g,259.2,1262.5
park2017,frequency,G/PVDF/G,G/PVDF/G,570,,,170.0,0.5173,V (peak-to-peak),Fig. 3g,272.1,1263.0
park2017,frequency,G/PVDF/G,G/PVDF/G,570,,,175.0,0.4331,V (peak-to-peak),Fig. 3g,285.0,1266.5
park2017,frequency,G/PVDF/G,G/PVDF/G,570,,,180.0,0.3729,V (peak-to-peak),Fig. 3g,297.9,1269.0
park2017,frequency,G/PVDF/G,G/PVDF/G,570,,,185.0,0.391,V (peak-to-peak),Fig. 3g,310.8,1268.2
park2017,frequency,G/PVDF/G,G/PVDF/G,570,,,190.0,0.4571,V (peak-to-peak),Fig. 3g,323.7,1265.5
park2017,frequency,G/PVDF/G,G/PVDF/G,570,,,195.0,0.5894,V (peak-to-peak),Fig. 3g,336.6,1260.0
park2017,frequency,G/PVDF/G,G/PVDF/G,570,,,200.0,1.3172,V (peak-to-peak),Fig. 3g,349.5,1229.8
park2017,frequency,G/PVDF/G,G/PVDF/G,570,,,205.0,0.9323,V (peak-to-peak),Fig. 3g,362.4,1245.8
park2017,frequency,G/PVDF/G,G/PVDF/G,570,,,210.0,2.0209,V (peak-to-peak),Fig. 3g,375.3,1200.5
park2017,frequency,G/PVDF/G,G/PVDF/G,570,,,215.0,1.5938,V (peak-to-peak),Fig. 3g,388.2,1218.2
park2017,frequency,G/PVDF/G,G/PVDF/G,570,,,220.0,1.0405,V (peak-to-peak),Fig. 3g,401.1,1241.2
park2017,frequency,G/PVDF/G,G/PVDF/G,570,,,225.0,0.8481,V (peak-to-peak),Fig. 3g,414.0,1249.2
park2017,frequency,G/PVDF/G,G/PVDF/G,570,,,230.0,0.5293,V (peak-to-peak),Fig. 3g,426.9,1262.5
park2017,frequency,G/PVDF/G,G/PVDF/G,570,,,235.0,0.5173,V (peak-to-peak),Fig. 3g,439.8,1263.0
park2017,frequency,G/PVDF/G,G/PVDF/G,570,,,240.0,0.8601,V (peak-to-peak),Fig. 3g,452.7,1248.8
park2017,frequency,G/PVDF/G,G/PVDF/G,570,,,245.0,0.9263,V (peak-to-peak),Fig. 3g,465.6,1246.0
park2017,frequency,G/PVDF/G,G/PVDF/G,570,,,250.0,1.5517,V (peak-to-peak),Fig. 3g,478.5,1220.0
park2017,frequency,G/PVDF/G,G/PVDF/G,570,,,255.0,1.0706,V (peak-to-peak),Fig. 3g,491.4,1240.0
park2017,frequency,G/PVDF/G,G/PVDF/G,570,,,260.0,0.397,V (peak-to-peak),Fig. 3g,504.3,1268.0
park2017,frequency,G/PVDF/G,G/PVDF/G,570,,,265.0,0.3489,V (peak-to-peak),Fig. 3g,517.2,1270.0
park2017,frequency,G/PVDF/G,G/PVDF/G,570,,,270.0,0.403,V (peak-to-peak),Fig. 3g,530.1,1267.8
park2017,frequency,G/PVDF/G,G/PVDF/G,570,,,275.0,0.403,V (peak-to-peak),Fig. 3g,543.0,1267.8
park2017,frequency,G/PVDF/G,G/PVDF/G,570,,,280.0,0.8721,V (peak-to-peak),Fig. 3g,555.9,1248.2
park2017,frequency,G/PVDF/G,G/PVDF/G,570,,,285.0,0.806,V (peak-to-peak),Fig. 3g,568.8,1251.0
park2017,frequency,G/PVDF/G,G/PVDF/G,570,,,290.0,0.4812,V (peak-to-peak),Fig. 3g,581.7,1264.5
park2017,frequency,G/PVDF/G,G/PVDF/G,570,,,295.0,0.1925,V (peak-to-peak),Fig. 3g,594.6,1276.5
park2017,frequency,G/PVDF/G,G/PVDF/G,870,,,105.0,0.242,V (peak-to-peak),Fig. 3h,736.4,1274.5
park2017,frequency,G/PVDF/G,G/PVDF/G,870,,,110.0,0.2901,V (peak-to-peak),Fig. 3h,749.3,1272.5
park2017,frequency,G/PVDF/G,G/PVDF/G,870,,,115.0,0.3262,V (peak-to-peak),Fig. 3h,762.2,1271.0
park2017,frequency,G/PVDF/G,G/PVDF/G,870,,,120.0,0.4645,V (peak-to-peak),Fig. 3h,775.1,1265.2
park2017,frequency,G/PVDF/G,G/PVDF/G,870,,,125.0,0.5186,V (peak-to-peak),Fig. 3h,788.0,1263.0
park2017,frequency,G/PVDF/G,G/PVDF/G,870,,,130.0,0.4224,V (peak-to-peak),Fig. 3h,800.9,1267.0
park2017,frequency,G/PVDF/G,G/PVDF/G,870,,,135.0,0.2901,V (peak-to-peak),Fig. 3h,813.8,1272.5
park2017,frequency,G/PVDF/G,G/PVDF/G,870,,,140.0,0.1337,V (peak-to-peak),Fig. 3h,826.7,1279.0
park2017,frequency,G/PVDF/G,G/PVDF/G,870,,,145.0,0.5306,V (peak-to-peak),Fig. 3h,839.6,1262.5
park2017,frequency,G/PVDF/G,G/PVDF/G,870,,,150.0,0.7171,V (peak-to-peak),Fig. 3h,852.5,1254.8
park2017,frequency,G/PVDF/G,G/PVDF/G,870,,,155.0,0.6148,V (peak-to-peak),Fig. 3h,865.4,1259.0
park2017,frequency,G/PVDF/G,G/PVDF/G,870,,,160.0,0.2961,V (peak-to-peak),Fig. 3h,878.3,1272.2
park2017,frequency,G/PVDF/G,G/PVDF/G,870,,,165.0,0.1758,V (peak-to-peak),Fig. 3h,891.2,1277.2
park2017,frequency,G/PVDF/G,G/PVDF/G,870,,,170.0,0.1397,V (peak-to-peak),Fig. 3h,904.1,1278.8
park2017,frequency,G/PVDF/G,G/PVDF/G,870,,,175.0,0.1337,V (peak-to-peak),Fig. 3h,917.0,1279.0
park2017,frequency,G/PVDF/G,G/PVDF/G,870,,,180.0,0.1397,V (peak-to-peak),Fig. 3h,929.9,1278.8
park2017,frequency,G/PVDF/G,G/PVDF/G,870,,,185.0,0.1577,V (peak-to-peak),Fig. 3h,942.8,1278.0
park2017,frequency,G/PVDF/G,G/PVDF/G,870,,,190.0,0.1337,V (peak-to-peak),Fig. 3h,955.7,1279.0
park2017,frequency,G/PVDF/G,G/PVDF/G,870,,,195.0,0.1337,V (peak-to-peak),Fig. 3h,968.6,1279.0
park2017,frequency,G/PVDF/G,G/PVDF/G,870,,,200.0,0.2841,V (peak-to-peak),Fig. 3h,981.5,1272.8
park2017,frequency,G/PVDF/G,G/PVDF/G,870,,,205.0,0.1638,V (peak-to-peak),Fig. 3h,994.4,1277.8
park2017,frequency,G/PVDF/G,G/PVDF/G,870,,,210.0,0.1217,V (peak-to-peak),Fig. 3h,1007.3,1279.5
park2017,frequency,G/PVDF/G,G/PVDF/G,870,,,215.0,0.26,V (peak-to-peak),Fig. 3h,1020.2,1273.8
park2017,frequency,G/PVDF/G,G/PVDF/G,870,,,220.0,0.3803,V (peak-to-peak),Fig. 3h,1033.1,1268.8
park2017,frequency,G/PVDF/G,G/PVDF/G,870,,,225.0,0.3302,V (peak-to-peak),Fig. 3h,1046.0,1270.8
park2017,frequency,G/PVDF/G,G/PVDF/G,870,,,230.0,0.4645,V (peak-to-peak),Fig. 3h,1058.9,1265.2
park2017,frequency,G/PVDF/G,G/PVDF/G,870,,,235.0,1.1802,V (peak-to-peak),Fig. 3h,1071.8,1235.5
park2017,frequency,G/PVDF/G,G/PVDF/G,870,,,240.0,1.3306,V (peak-to-peak),Fig. 3h,1084.7,1229.2
park2017,frequency,G/PVDF/G,G/PVDF/G,870,,,245.0,0.663,V (peak-to-peak),Fig. 3h,1097.6,1257.0
park2017,frequency,G/PVDF/G,G/PVDF/G,870,,,250.0,0.5367,V (peak-to-peak),Fig. 3h,1110.5,1262.2
park2017,frequency,G/PVDF/G,G/PVDF/G,870,,,255.0,0.3382,V (peak-to-peak),Fig. 3h,1123.4,1270.5
park2017,frequency,G/PVDF/G,G/PVDF/G,870,,,260.0,0.5908,V (peak-to-peak),Fig. 3h,1136.3,1260.0
park2017,frequency,G/PVDF/G,G/PVDF/G,870,,,265.0,2.6417,V (peak-to-peak),Fig. 3h,1149.2,1174.8
park2017,frequency,G/PVDF/G,G/PVDF/G,870,,,270.0,3.207,V (peak-to-peak),Fig. 3h,1162.1,1151.2
park2017,frequency,G/PVDF/G,G/PVDF/G,870,,,275.0,4.7126,V (peak-to-peak),Fig. 3h,1175.0,1088.7
park2017,frequency,G/PVDF/G,G/PVDF/G,870,,,280.0,7.357,V (peak-to-peak),Fig. 3h,1187.9,978.8
park2017,frequency,G/PVDF/G,G/PVDF/G,870,,,285.0,4.5001,V (peak-to-peak),Fig. 3h,1200.8,1097.5
park2017,frequency,G/PVDF/G,G/PVDF/G,870,,,290.0,2.9003,V (peak-to-peak),Fig. 3h,1213.7,1164.0
park2017,frequency,G/PVDF/G,G/PVDF/G,870,,,295.0,2.7981,V (peak-to-peak),Fig. 3h,1226.6,1168.2
park2017,frequency,G/PVDF/G,G/PVDF/G,1070,,,105.0,0.5131,V (peak-to-peak),Fig. 3i,1366.2,1263.2
park2017,frequency,G/PVDF/G,G/PVDF/G,1070,,,110.0,0.3447,V (peak-to-peak),Fig. 3i,1379.1,1270.2
park2017,frequency,G/PVDF/G,G/PVDF/G,1070,,,115.0,0.477,V (peak-to-peak),Fig. 3i,1392.0,1264.8
park2017,frequency,G/PVDF/G,G/PVDF/G,1070,,,120.0,0.6574,V (peak-to-peak),Fig. 3i,1404.9,1257.2
park2017,frequency,G/PVDF/G,G/PVDF/G,1070,,,125.0,0.6694,V (peak-to-peak),Fig. 3i,1417.8,1256.8
park2017,frequency,G/PVDF/G,G/PVDF/G,1070,,,130.0,0.9099,V (peak-to-peak),Fig. 3i,1430.7,1246.8
park2017,frequency,G/PVDF/G,G/PVDF/G,1070,,,135.0,1.2465,V (peak-to-peak),Fig. 3i,1443.6,1232.8
park2017,frequency,G/PVDF/G,G/PVDF/G,1070,,,140.0,0.3628,V (peak-to-peak),Fig. 3i,1456.5,1269.5
park2017,frequency,G/PVDF/G,G/PVDF/G,1070,,,145.0,0.1824,V (peak-to-peak),Fig. 3i,1469.4,1277.0
park2017,frequency,G/PVDF/G,G/PVDF/G,1070,,,150.0,0.2065,V (peak-to-peak),Fig. 3i,1482.3,1276.0
park2017,frequency,G/PVDF/G,G/PVDF/G,1070,,,155.0,0.1283,V (peak-to-peak),Fig. 3i,1495.2,1279.2
park2017,frequency,G/PVDF/G,G/PVDF/G,1070,,,160.0,0.2185,V (peak-to-peak),Fig. 3i,1508.1,1275.5
park2017,frequency,G/PVDF/G,G/PVDF/G,1070,,,165.0,0.2125,V (peak-to-peak),Fig. 3i,1521.0,1275.8
park2017,frequency,G/PVDF/G,G/PVDF/G,1070,,,170.0,0.2606,V (peak-to-peak),Fig. 3i,1533.9,1273.8
park2017,frequency,G/PVDF/G,G/PVDF/G,1070,,,175.0,0.3207,V (peak-to-peak),Fig. 3i,1546.8,1271.2
park2017,frequency,G/PVDF/G,G/PVDF/G,1070,,,180.0,0.1884,V (peak-to-peak),Fig. 3i,1559.7,1276.8
park2017,frequency,G/PVDF/G,G/PVDF/G,1070,,,185.0,0.1343,V (peak-to-peak),Fig. 3i,1572.6,1279.0
park2017,frequency,G/PVDF/G,G/PVDF/G,1070,,,190.0,0.1524,V (peak-to-peak),Fig. 3i,1585.5,1278.2
park2017,frequency,G/PVDF/G,G/PVDF/G,1070,,,195.0,0.1524,V (peak-to-peak),Fig. 3i,1598.4,1278.2
park2017,frequency,G/PVDF/G,G/PVDF/G,1070,,,200.0,0.2425,V (peak-to-peak),Fig. 3i,1611.3,1274.5
park2017,frequency,G/PVDF/G,G/PVDF/G,1070,,,205.0,0.1824,V (peak-to-peak),Fig. 3i,1624.2,1277.0
park2017,frequency,G/PVDF/G,G/PVDF/G,1070,,,210.0,0.1223,V (peak-to-peak),Fig. 3i,1637.1,1279.5
park2017,frequency,G/PVDF/G,G/PVDF/G,1070,,,215.0,0.2185,V (peak-to-peak),Fig. 3i,1650.0,1275.5
park2017,frequency,G/PVDF/G,G/PVDF/G,1070,,,220.0,0.3628,V (peak-to-peak),Fig. 3i,1662.9,1269.5
park2017,frequency,G/PVDF/G,G/PVDF/G,1070,,,225.0,0.6153,V (peak-to-peak),Fig. 3i,1675.8,1259.0
park2017,frequency,G/PVDF/G,G/PVDF/G,1070,,,230.0,0.459,V (peak-to-peak),Fig. 3i,1688.7,1265.5
park2017,frequency,G/PVDF/G,G/PVDF/G,1070,,,235.0,0.1704,V (peak-to-peak),Fig. 3i,1701.6,1277.5
park2017,frequency,G/PVDF/G,G/PVDF/G,1070,,,240.0,0.2666,V (peak-to-peak),Fig. 3i,1714.5,1273.5
park2017,frequency,G/PVDF/G,G/PVDF/G,1070,,,245.0,0.2065,V (peak-to-peak),Fig. 3i,1727.4,1276.0
park2017,frequency,G/PVDF/G,G/PVDF/G,1070,,,250.0,0.2726,V (peak-to-peak),Fig. 3i,1740.3,1273.2
park2017,frequency,G/PVDF/G,G/PVDF/G,1070,,,255.0,0.5612,V (peak-to-peak),Fig. 3i,1753.2,1261.2
park2017,frequency,G/PVDF/G,G/PVDF/G,1070,,,260.0,0.7536,V (peak-to-peak),Fig. 3i,1766.1,1253.2
park2017,frequency,G/PVDF/G,G/PVDF/G,1070,,,265.0,1.7996,V (peak-to-peak),Fig. 3i,1779.0,1209.8
park2017,frequency,G/PVDF/G,G/PVDF/G,1070,,,270.0,3.982,V (peak-to-peak),Fig. 3i,1791.9,1119.0
park2017,frequency,G/PVDF/G,G/PVDF/G,1070,,,275.0,4.499,V (peak-to-peak),Fig. 3i,1804.8,1097.5
park2017,frequency,G/PVDF/G,G/PVDF/G,1070,,,280.0,5.6773,V (peak-to-peak),Fig. 3i,1817.7,1048.5
park2017,frequency,G/PVDF/G,G/PVDF/G,1070,,,285.0,5.3767,V (peak-to-peak),Fig. 3i,1830.6,1061.0
park2017,frequency,G/PVDF/G,G/PVDF/G,1070,,,290.0,2.4369,V (peak-to-peak),Fig. 3i,1843.5,1183.2
park2017,frequency,G/PVDF/G,G/PVDF/G,1070,,,295.0,1.4089,V (peak-to-peak),Fig. 3i,1856.4,1226.0
park2017,frequency,P(VDF-TrFE),P(VDF-TrFE),70,,,15.0,0.3001,V (peak-to-peak),Fig. 5a,191.0,457.2
park2017,frequency,P(VDF-TrFE),P(VDF-TrFE),70,,,20.0,0.2647,V (peak-to-peak),Fig. 5a,198.6,461.8
park2017,frequency,P(VDF-TrFE),P(VDF-TrFE),70,,,25.0,0.3492,V (peak-to-peak),Fig. 5a,206.2,451.0
park2017,frequency,P(VDF-TrFE),P(VDF-TrFE),70,,,30.0,0.4731,V (peak-to-peak),Fig. 5a,213.9,435.2
park2017,frequency,P(VDF-TrFE),P(VDF-TrFE),70,,,35.0,0.534,V (peak-to-peak),Fig. 5a,221.5,427.5
park2017,frequency,P(VDF-TrFE),P(VDF-TrFE),70,,,40.0,0.2706,V (peak-to-peak),Fig. 5a,229.1,461.0
park2017,frequency,P(VDF-TrFE),P(VDF-TrFE),70,,,50.0,0.1213,V (peak-to-peak),Fig. 5a,244.3,480.0
park2017,frequency,P(VDF-TrFE),P(VDF-TrFE),70,,,55.0,0.1802,V (peak-to-peak),Fig. 5a,251.9,472.5
park2017,frequency,P(VDF-TrFE),P(VDF-TrFE),70,,,65.0,0.2274,V (peak-to-peak),Fig. 5a,267.1,466.5
park2017,frequency,P(VDF-TrFE),P(VDF-TrFE),70,,,85.0,0.3591,V (peak-to-peak),Fig. 5a,297.6,449.8
park2017,frequency,P(VDF-TrFE),P(VDF-TrFE),70,,,90.0,0.4337,V (peak-to-peak),Fig. 5a,305.2,440.2
park2017,frequency,P(VDF-TrFE),P(VDF-TrFE),70,,,95.0,0.4907,V (peak-to-peak),Fig. 5a,312.8,433.0
park2017,frequency,P(VDF-TrFE),P(VDF-TrFE),70,,,100.0,0.5418,V (peak-to-peak),Fig. 5a,320.4,426.5
park2017,frequency,P(VDF-TrFE),P(VDF-TrFE),70,,,105.0,0.6244,V (peak-to-peak),Fig. 5a,328.0,416.0
park2017,frequency,P(VDF-TrFE),P(VDF-TrFE),70,,,110.0,0.6303,V (peak-to-peak),Fig. 5a,335.6,415.2
park2017,frequency,P(VDF-TrFE),P(VDF-TrFE),70,,,115.0,0.6421,V (peak-to-peak),Fig. 5a,343.2,413.8
park2017,frequency,P(VDF-TrFE),P(VDF-TrFE),70,,,120.0,0.6735,V (peak-to-peak),Fig. 5a,350.8,409.8
park2017,frequency,P(VDF-TrFE),P(VDF-TrFE),70,,,125.0,0.7108,V (peak-to-peak),Fig. 5a,358.4,405.0
park2017,frequency,P(VDF-TrFE),P(VDF-TrFE),70,,,130.0,0.8032,V (peak-to-peak),Fig. 5a,366.1,393.2
park2017,frequency,P(VDF-TrFE),P(VDF-TrFE),70,,,135.0,0.7777,V (peak-to-peak),Fig. 5a,373.7,396.5
park2017,frequency,P(VDF-TrFE),P(VDF-TrFE),70,,,140.0,0.7541,V (peak-to-peak),Fig. 5a,381.3,399.5
park2017,frequency,P(VDF-TrFE),P(VDF-TrFE),70,,,145.0,0.7089,V (peak-to-peak),Fig. 5a,388.9,405.2
park2017,frequency,P(VDF-TrFE),P(VDF-TrFE),70,,,150.0,0.648,V (peak-to-peak),Fig. 5a,396.5,413.0
park2017,frequency,P(VDF-TrFE),P(VDF-TrFE),70,,,155.0,0.6362,V (peak-to-peak),Fig. 5a,404.1,414.5
park2017,frequency,P(VDF-TrFE),P(VDF-TrFE),70,,,160.0,0.648,V (peak-to-peak),Fig. 5a,411.7,413.0
park2017,frequency,P(VDF-TrFE),P(VDF-TrFE),70,,,165.0,0.3768,V (peak-to-peak),Fig. 5a,419.3,447.5
park2017,frequency,P(VDF-TrFE),P(VDF-TrFE),70,,,170.0,0.3689,V (peak-to-peak),Fig. 5a,426.9,448.5
park2017,frequency,P(VDF-TrFE),P(VDF-TrFE),70,,,175.0,0.2274,V (peak-to-peak),Fig. 5a,434.6,466.5
park2017,frequency,P(VDF-TrFE),P(VDF-TrFE),70,,,180.0,0.1999,V (peak-to-peak),Fig. 5a,442.2,470.0
park2017,frequency,P(VDF-TrFE),P(VDF-TrFE),70,,,185.0,0.2195,V (peak-to-peak),Fig. 5a,449.8,467.5
park2017,frequency,P(VDF-TrFE),P(VDF-TrFE),70,,,190.0,0.2431,V (peak-to-peak),Fig. 5a,457.4,464.5
park2017,frequency,P(VDF-TrFE),P(VDF-TrFE),70,,,195.0,0.2372,V (peak-to-peak),Fig. 5a,465.0,465.2
park2017,frequency,P(VDF-TrFE),P(VDF-TrFE),70,,,205.0,0.2569,V (peak-to-peak),Fig. 5a,480.2,462.8
park2017,frequency,P(VDF-TrFE),P(VDF-TrFE),70,,,215.0,0.3198,V (peak-to-peak),Fig. 5a,495.4,454.8
park2017,frequency,P(VDF-TrFE),P(VDF-TrFE),70,,,220.0,0.2687,V (peak-to-peak),Fig. 5a,503.0,461.2
park2017,frequency,P(VDF-TrFE),P(VDF-TrFE),70,,,230.0,0.2176,V (peak-to-peak),Fig. 5a,518.3,467.8
park2017,frequency,P(VDF-TrFE),P(VDF-TrFE),70,,,235.0,0.1861,V (peak-to-peak),Fig. 5a,525.9,471.8
park2017,frequency,P(VDF-TrFE),P(VDF-TrFE),70,,,240.0,0.1783,V (peak-to-peak),Fig. 5a,533.5,472.8
park2017,frequency,P(VDF-TrFE),P(VDF-TrFE),70,,,245.0,0.1684,V (peak-to-peak),Fig. 5a,541.1,474.0
park2017,frequency,P(VDF-TrFE),P(VDF-TrFE),70,,,250.0,0.1704,V (peak-to-peak),Fig. 5a,548.7,473.8
park2017,frequency,P(VDF-TrFE),P(VDF-TrFE),170,,,10.0,0.0722,V (peak-to-peak),Fig. 5a,183.4,486.2
park2017,frequency,P(VDF-TrFE),P(VDF-TrFE),170,,,15.0,0.1016,V (peak-to-peak),Fig. 5a,191.0,482.5
park2017,frequency,P(VDF-TrFE),P(VDF-TrFE),170,,,20.0,0.1567,V (peak-to-peak),Fig. 5a,198.6,475.5
park2017,frequency,P(VDF-TrFE),P(VDF-TrFE),170,,,25.0,0.1567,V (peak-to-peak),Fig. 5a,206.2,475.5
park2017,frequency,P(VDF-TrFE),P(VDF-TrFE),170,,,30.0,0.1272,V (peak-to-peak),Fig. 5a,213.9,479.2
park2017,frequency,P(VDF-TrFE),P(VDF-TrFE),170,,,35.0,0.2412,V (peak-to-peak),Fig. 5a,221.5,464.8
park2017,frequency,P(VDF-TrFE),P(VDF-TrFE),170,,,40.0,0.3316,V (peak-to-peak),Fig. 5a,229.1,453.2
park2017,frequency,P(VDF-TrFE),P(VDF-TrFE),170,,,45.0,0.4102,V (peak-to-peak),Fig. 5a,236.7,443.2
park2017,frequency,P(VDF-TrFE),P(VDF-TrFE),170,,,50.0,0.1704,V (peak-to-peak),Fig. 5a,244.3,473.8
park2017,frequency,P(VDF-TrFE),P(VDF-TrFE),170,,,65.0,0.0702,V (peak-to-peak),Fig. 5a,267.1,486.5
park2017,frequency,P(VDF-TrFE),P(VDF-TrFE),170,,,70.0,0.2706,V (peak-to-peak),Fig. 5a,274.7,461.0
park2017,frequency,P(VDF-TrFE),P(VDF-TrFE),170,,,75.0,0.2923,V (peak-to-peak),Fig. 5a,282.3,458.2
park2017,frequency,P(VDF-TrFE),P(VDF-TrFE),170,,,80.0,0.0957,V (peak-to-peak),Fig. 5a,290.0,483.2
park2017,frequency,P(VDF-TrFE),P(VDF-TrFE),170,,,85.0,0.0584,V (peak-to-peak),Fig. 5a,297.6,488.0
park2017,frequency,P(VDF-TrFE),P(VDF-TrFE),170,,,90.0,0.0525,V (peak-to-peak),Fig. 5a,305.2,488.8
park2017,frequency,P(VDF-TrFE),P(VDF-TrFE),170,,,95.0,0.0505,V (peak-to-peak),Fig. 5a,312.8,489.0
park2017,frequency,P(VDF-TrFE),P(VDF-TrFE),170,,,100.0,0.0781,V (peak-to-peak),Fig. 5a,320.4,485.5
park2017,frequency,P(VDF-TrFE),P(VDF-TrFE),170,,,105.0,0.1095,V (peak-to-peak),Fig. 5a,328.0,481.5
park2017,frequency,P(VDF-TrFE),P(VDF-TrFE),170,,,110.0,0.0898,V (peak-to-peak),Fig. 5a,335.6,484.0
park2017,frequency,P(VDF-TrFE),P(VDF-TrFE),170,,,115.0,0.1252,V (peak-to-peak),Fig. 5a,343.2,479.5
park2017,frequency,P(VDF-TrFE),P(VDF-TrFE),170,,,125.0,0.1979,V (peak-to-peak),Fig. 5a,358.4,470.2
park2017,frequency,P(VDF-TrFE),P(VDF-TrFE),170,,,130.0,0.3237,V (peak-to-peak),Fig. 5a,366.1,454.2
park2017,frequency,P(VDF-TrFE),P(VDF-TrFE),170,,,135.0,0.2923,V (peak-to-peak),Fig. 5a,373.7,458.2
park2017,frequency,P(VDF-TrFE),P(VDF-TrFE),170,,,140.0,0.192,V (peak-to-peak),Fig. 5a,381.3,471.0
park2017,frequency,P(VDF-TrFE),P(VDF-TrFE),170,,,145.0,0.139,V (peak-to-peak),Fig. 5a,388.9,477.8
park2017,frequency,P(VDF-TrFE),P(VDF-TrFE),170,,,150.0,0.1213,V (peak-to-peak),Fig. 5a,396.5,480.0
park2017,frequency,P(VDF-TrFE),P(VDF-TrFE),170,,,155.0,0.1252,V (peak-to-peak),Fig. 5a,404.1,479.5
park2017,frequency,P(VDF-TrFE),P(VDF-TrFE),170,,,160.0,0.1174,V (peak-to-peak),Fig. 5a,411.7,480.5
park2017,frequency,P(VDF-TrFE),P(VDF-TrFE),170,,,165.0,0.3021,V (peak-to-peak),Fig. 5a,419.3,457.0
park2017,frequency,P(VDF-TrFE),P(VDF-TrFE),170,,,170.0,0.418,V (peak-to-peak),Fig. 5a,426.9,442.2
park2017,frequency,P(VDF-TrFE),P(VDF-TrFE),170,,,175.0,0.4318,V (peak-to-peak),Fig. 5a,434.6,440.5
park2017,frequency,P(VDF-TrFE),P(VDF-TrFE),170,,,180.0,0.6578,V (peak-to-peak),Fig. 5a,442.2,411.8
park2017,frequency,P(VDF-TrFE),P(VDF-TrFE),170,,,185.0,0.7325,V (peak-to-peak),Fig. 5a,449.8,402.2
park2017,frequency,P(VDF-TrFE),P(VDF-TrFE),170,,,190.0,0.813,V (peak-to-peak),Fig. 5a,457.4,392.0
park2017,frequency,P(VDF-TrFE),P(VDF-TrFE),170,,,195.0,0.8897,V (peak-to-peak),Fig. 5a,465.0,382.2
park2017,frequency,P(VDF-TrFE),P(VDF-TrFE),170,,,200.0,0.9113,V (peak-to-peak),Fig. 5a,472.6,379.5
park2017,frequency,P(VDF-TrFE),P(VDF-TrFE),170,,,205.0,0.9486,V (peak-to-peak),Fig. 5a,480.2,374.8
park2017,frequency,P(VDF-TrFE),P(VDF-TrFE),170,,,210.0,1.1078,V (peak-to-peak),Fig. 5a,487.8,354.5
park2017,frequency,P(VDF-TrFE),P(VDF-TrFE),170,,,215.0,1.1137,V (peak-to-peak),Fig. 5a,495.4,353.8
park2017,frequency,P(VDF-TrFE),P(VDF-TrFE),170,,,220.0,1.2375,V (peak-to-peak),Fig. 5a,503.0,338.0
park2017,frequency,P(VDF-TrFE),P(VDF-TrFE),170,,,225.0,1.3259,V (peak-to-peak),Fig. 5a,510.7,326.8
park2017,frequency,P(VDF-TrFE),P(VDF-TrFE),170,,,230.0,1.4301,V (peak-to-peak),Fig. 5a,518.3,313.5
park2017,frequency,P(VDF-TrFE),P(VDF-TrFE),170,,,235.0,1.5205,V (peak-to-peak),Fig. 5a,525.9,302.0
park2017,frequency,P(VDF-TrFE),P(VDF-TrFE),170,,,240.0,1.4891,V (peak-to-peak),Fig. 5a,533.5,306.0
park2017,frequency,P(VDF-TrFE),P(VDF-TrFE),170,,,245.0,1.5578,V (peak-to-peak),Fig. 5a,541.1,297.2
park2017,frequency,P(VDF-TrFE),P(VDF-TrFE),170,,,250.0,1.66,V (peak-to-peak),Fig. 5a,548.7,284.2
park2017,frequency,P(VDF-TrFE),P(VDF-TrFE),170,,,255.0,1.7072,V (peak-to-peak),Fig. 5a,556.3,278.2
park2017,frequency,P(VDF-TrFE),P(VDF-TrFE),170,,,260.0,1.7858,V (peak-to-peak),Fig. 5a,563.9,268.2
park2017,frequency,P(VDF-TrFE),P(VDF-TrFE),170,,,265.0,1.7504,V (peak-to-peak),Fig. 5a,571.5,272.8
park2017,frequency,P(VDF-TrFE),P(VDF-TrFE),170,,,270.0,1.7052,V (peak-to-peak),Fig. 5a,579.1,278.5
park2017,frequency,P(VDF-TrFE),P(VDF-TrFE),170,,,275.0,2.4756,V (peak-to-peak),Fig. 5a,586.8,180.5
park2017,frequency,P(VDF-TrFE),P(VDF-TrFE),170,,,280.0,2.9236,V (peak-to-peak),Fig. 5a,594.4,123.5
park2017,frequency,P(VDF-TrFE),P(VDF-TrFE),170,,,285.0,2.9295,V (peak-to-peak),Fig. 5a,602.0,122.8
park2017,frequency,P(VDF-TrFE),P(VDF-TrFE),170,,,290.0,0.5065,V (peak-to-peak),Fig. 5a,609.6,431.0
park2017,frequency,P(VDF-TrFE),P(VDF-TrFE),170,,,295.0,0.4475,V (peak-to-peak),Fig. 5a,617.2,438.5
park2017,frequency,P(VDF-TrFE),P(VDF-TrFE),170,,,300.0,0.3807,V (peak-to-peak),Fig. 5a,624.8,447.0
park2017,frequency,P(VDF-TrFE),P(VDF-TrFE),270,,,10.0,0.1331,V (peak-to-peak),Fig. 5a,183.4,478.5
park2017,frequency,P(VDF-TrFE),P(VDF-TrFE),270,,,15.0,0.1665,V (peak-to-peak),Fig. 5a,191.0,474.2
park2017,frequency,P(VDF-TrFE),P(VDF-TrFE),270,,,20.0,0.1095,V (peak-to-peak),Fig. 5a,198.6,481.5
park2017,frequency,P(VDF-TrFE),P(VDF-TrFE),270,,,25.0,0.1822,V (peak-to-peak),Fig. 5a,206.2,472.2
park2017,frequency,P(VDF-TrFE),P(VDF-TrFE),270,,,30.0,0.1763,V (peak-to-peak),Fig. 5a,213.9,473.0
park2017,frequency,P(VDF-TrFE),P(VDF-TrFE),270,,,35.0,0.1704,V (peak-to-peak),Fig. 5a,221.5,473.8
park2017,frequency,P(VDF-TrFE),P(VDF-TrFE),270,,,40.0,0.194,V (peak-to-peak),Fig. 5a,229.1,470.8
park2017,frequency,P(VDF-TrFE),P(VDF-TrFE),270,,,45.0,0.1626,V (peak-to-peak),Fig. 5a,236.7,474.8
park2017,frequency,P(VDF-TrFE),P(VDF-TrFE),270,,,50.0,0.2628,V (peak-to-peak),Fig. 5a,244.3,462.0
park2017,frequency,P(VDF-TrFE),P(VDF-TrFE),270,,,55.0,0.1311,V (peak-to-peak),Fig. 5a,251.9,478.8
park2017,frequency,P(VDF-TrFE),P(VDF-TrFE),270,,,60.0,0.1861,V (peak-to-peak),Fig. 5a,259.5,471.8
park2017,frequency,P(VDF-TrFE),P(VDF-TrFE),270,,,65.0,0.0898,V (peak-to-peak),Fig. 5a,267.1,484.0
park2017,frequency,P(VDF-TrFE),P(VDF-TrFE),270,,,70.0,0.1056,V (peak-to-peak),Fig. 5a,274.7,482.0
park2017,frequency,P(VDF-TrFE),P(VDF-TrFE),270,,,75.0,0.194,V (peak-to-peak),Fig. 5a,282.3,470.8
park2017,frequency,P(VDF-TrFE),P(VDF-TrFE),270,,,80.0,0.253,V (peak-to-peak),Fig. 5a,290.0,463.2
park2017,frequency,P(VDF-TrFE),P(VDF-TrFE),270,,,85.0,0.1193,V (peak-to-peak),Fig. 5a,297.6,480.2
park2017,frequency,P(VDF-TrFE),P(VDF-TrFE),270,,,90.0,0.0977,V (peak-to-peak),Fig. 5a,305.2,483.0
park2017,frequency,P(VDF-TrFE),P(VDF-TrFE),270,,,95.0,0.1586,V (peak-to-peak),Fig. 5a,312.8,475.2
park2017,frequency,P(VDF-TrFE),P(VDF-TrFE),270,,,100.0,0.4121,V (peak-to-peak),Fig. 5a,320.4,443.0
park2017,frequency,P(VDF-TrFE),P(VDF-TrFE),270,,,105.0,0.2097,V (peak-to-peak),Fig. 5a,328.0,468.8
park2017,frequency,P(VDF-TrFE),P(VDF-TrFE),270,,,110.0,0.1449,V (peak-to-peak),Fig. 5a,335.6,477.0
park2017,frequency,P(VDF-TrFE),P(VDF-TrFE),270,,,115.0,0.0957,V (peak-to-peak),Fig. 5a,343.2,483.2
park2017,frequency,P(VDF-TrFE),P(VDF-TrFE),270,,,120.0,0.1193,V (peak-to-peak),Fig. 5a,350.8,480.2
park2017,frequency,P(VDF-TrFE),P(VDF-TrFE),270,,,125.0,0.0997,V (peak-to-peak),Fig. 5a,358.4,482.8
park2017,frequency,P(VDF-TrFE),P(VDF-TrFE),270,,,130.0,0.1115,V (peak-to-peak),Fig. 5a,366.1,481.2
park2017,frequency,P(VDF-TrFE),P(VDF-TrFE),270,,,135.0,0.1783,V (peak-to-peak),Fig. 5a,373.7,472.8
park2017,frequency,P(VDF-TrFE),P(VDF-TrFE),270,,,140.0,0.365,V (peak-to-peak),Fig. 5a,381.3,449.0
park2017,frequency,P(VDF-TrFE),P(VDF-TrFE),270,,,145.0,0.6165,V (peak-to-peak),Fig. 5a,388.9,417.0
park2017,frequency,P(VDF-TrFE),P(VDF-TrFE),270,,,150.0,0.4534,V (peak-to-peak),Fig. 5a,396.5,437.8
park2017,frequency,P(VDF-TrFE),P(VDF-TrFE),270,,,155.0,0.2746,V (peak-to-peak),Fig. 5a,404.1,460.5
park2017,frequency,P(VDF-TrFE),P(VDF-TrFE),270,,,160.0,0.1901,V (peak-to-peak),Fig. 5a,411.7,471.2
park2017,frequency,P(VDF-TrFE),P(VDF-TrFE),270,,,165.0,0.1409,V (peak-to-peak),Fig. 5a,419.3,477.5
park2017,frequency,P(VDF-TrFE),P(VDF-TrFE),270,,,170.0,0.1272,V (peak-to-peak),Fig. 5a,426.9,479.2
park2017,frequency,P(VDF-TrFE),P(VDF-TrFE),270,,,175.0,0.1213,V (peak-to-peak),Fig. 5a,434.6,480.0
park2017,frequency,P(VDF-TrFE),P(VDF-TrFE),270,,,180.0,0.1233,V (peak-to-peak),Fig. 5a,442.2,479.8
park2017,frequency,P(VDF-TrFE),P(VDF-TrFE),270,,,185.0,0.1272,V (peak-to-peak),Fig. 5a,449.8,479.2
park2017,frequency,P(VDF-TrFE),P(VDF-TrFE),270,,,190.0,0.1488,V (peak-to-peak),Fig. 5a,457.4,476.5
park2017,frequency,P(VDF-TrFE),P(VDF-TrFE),270,,,195.0,0.1311,V (peak-to-peak),Fig. 5a,465.0,478.8
park2017,frequency,P(VDF-TrFE),P(VDF-TrFE),270,,,200.0,0.2156,V (peak-to-peak),Fig. 5a,472.6,468.0
park2017,frequency,P(VDF-TrFE),P(VDF-TrFE),270,,,205.0,0.3944,V (peak-to-peak),Fig. 5a,480.2,445.2
park2017,frequency,P(VDF-TrFE),P(VDF-TrFE),270,,,210.0,0.3355,V (peak-to-peak),Fig. 5a,487.8,452.8
park2017,frequency,P(VDF-TrFE),P(VDF-TrFE),270,,,215.0,0.3689,V (peak-to-peak),Fig. 5a,495.4,448.5
park2017,frequency,P(VDF-TrFE),P(VDF-TrFE),270,,,220.0,0.3119,V (peak-to-peak),Fig. 5a,503.0,455.8
park2017,frequency,P(VDF-TrFE),P(VDF-TrFE),270,,,225.0,0.2628,V (peak-to-peak),Fig. 5a,510.7,462.0
park2017,frequency,P(VDF-TrFE),P(VDF-TrFE),270,,,230.0,0.2588,V (peak-to-peak),Fig. 5a,518.3,462.5
park2017,frequency,P(VDF-TrFE),P(VDF-TrFE),270,,,235.0,0.2805,V (peak-to-peak),Fig. 5a,525.9,459.8
park2017,frequency,P(VDF-TrFE),P(VDF-TrFE),270,,,240.0,0.2903,V (peak-to-peak),Fig. 5a,533.5,458.5
park2017,frequency,P(VDF-TrFE),P(VDF-TrFE),270,,,245.0,0.306,V (peak-to-peak),Fig. 5a,541.1,456.5
park2017,frequency,P(VDF-TrFE),P(VDF-TrFE),270,,,250.0,0.308,V (peak-to-peak),Fig. 5a,548.7,456.2
park2017,frequency,P(VDF-TrFE),P(VDF-TrFE),270,,,255.0,0.3296,V (peak-to-peak),Fig. 5a,556.3,453.5
park2017,frequency,P(VDF-TrFE),P(VDF-TrFE),270,,,260.0,0.3591,V (peak-to-peak),Fig. 5a,563.9,449.8
park2017,frequency,P(VDF-TrFE),P(VDF-TrFE),270,,,265.0,0.3787,V (peak-to-peak),Fig. 5a,571.5,447.2
park2017,frequency,P(VDF-TrFE),P(VDF-TrFE),270,,,270.0,0.418,V (peak-to-peak),Fig. 5a,579.1,442.2
park2017,frequency,P(VDF-TrFE),P(VDF-TrFE),270,,,275.0,0.4475,V (peak-to-peak),Fig. 5a,586.8,438.5
park2017,frequency,P(VDF-TrFE),P(VDF-TrFE),270,,,280.0,0.4868,V (peak-to-peak),Fig. 5a,594.4,433.5
park2017,frequency,P(VDF-TrFE),P(VDF-TrFE),270,,,285.0,0.5418,V (peak-to-peak),Fig. 5a,602.0,426.5
park2017,frequency,P(VDF-TrFE),P(VDF-TrFE),270,,,290.0,0.6381,V (peak-to-peak),Fig. 5a,609.6,414.2
park2017,frequency,P(VDF-TrFE),P(VDF-TrFE),270,,,295.0,0.7344,V (peak-to-peak),Fig. 5a,617.2,402.0
park2017,frequency,P(VDF-TrFE),P(VDF-TrFE),270,,,300.0,0.8229,V (peak-to-peak),Fig. 5a,624.8,390.8
park2017,frequency,P(VDF-TrFE),P(VDF-TrFE),270,,,305.0,0.9585,V (peak-to-peak),Fig. 5a,632.4,373.5
park2017,frequency,P(VDF-TrFE),P(VDF-TrFE),270,,,310.0,1.1196,V (peak-to-peak),Fig. 5a,640.0,353.0
park2017,frequency,P(VDF-TrFE),P(VDF-TrFE),270,,,315.0,1.2473,V (peak-to-peak),Fig. 5a,647.6,336.8
park2017,frequency,P(VDF-TrFE),P(VDF-TrFE),270,,,320.0,1.4104,V (peak-to-peak),Fig. 5a,655.2,316.0
park2017,frequency,P(VDF-TrFE),P(VDF-TrFE),270,,,325.0,1.5598,V (peak-to-peak),Fig. 5a,662.9,297.0
park2017,frequency,P(VDF-TrFE),P(VDF-TrFE),270,,,330.0,1.7386,V (peak-to-peak),Fig. 5a,670.5,274.2
park2017,frequency,P(VDF-TrFE),P(VDF-TrFE),270,,,335.0,1.8644,V (peak-to-peak),Fig. 5a,678.1,258.2
park2017,frequency,P(VDF-TrFE),P(VDF-TrFE),270,,,340.0,1.8172,V (peak-to-peak),Fig. 5a,685.7,264.2
park2017,frequency,P(VDF-TrFE),P(VDF-TrFE),270,,,345.0,1.4832,V (peak-to-peak),Fig. 5a,693.3,306.8
park2017,frequency,P(VDF-TrFE),P(VDF-TrFE),270,,,350.0,1.9823,V (peak-to-peak),Fig. 5a,700.9,243.2
park2017,frequency,P(VDF-TrFE),P(VDF-TrFE),270,,,355.0,2.4225,V (peak-to-peak),Fig. 5a,708.5,187.2
park2017,frequency,P(VDF-TrFE),P(VDF-TrFE),270,,,360.0,0.3787,V (peak-to-peak),Fig. 5a,716.1,447.2
park2017,frequency,P(VDF-TrFE),P(VDF-TrFE),270,,,365.0,0.2549,V (peak-to-peak),Fig. 5a,723.7,463.0
park2017,frequency,P(VDF-TrFE),P(VDF-TrFE),270,,,370.0,0.2353,V (peak-to-peak),Fig. 5a,731.3,465.5
