study,subset,composition,filler_wt_pct,force,force_unit,freq_Hz,voltage,voltage_unit,source_figure,x_px,y_px,reading
salama2024,impulse,PVDF/GO 0 wt%,0.0,0.1,N,10.0,423.5,V/g,Fig. 10a,253.2,457.3,marker_pass1
salama2024,impulse,PVDF/GO 0 wt%,0.0,0.2,N,15.0,338.0,V/g,Fig. 10b,1404.3,458.5,marker
salama2024,impulse,PVDF/GO 0 wt%,0.0,0.3,N,10.0,631.9,V/g,Fig. 10a,521.0,431.4,marker
salama2024,impulse,PVDF/GO 0 wt%,0.0,0.3,N,15.0,435.5,V/g,Fig. 10b,1540.6,445.0,marker
salama2024,impulse,PVDF/GO 0 wt%,0.0,0.4,N,10.0,713.1,V/g,Fig. 10a,654.9,421.2,marker
salama2024,impulse,PVDF/GO 0 wt%,0.0,0.4,N,15.0,500.4,V/g,Fig. 10b,1676.9,436.0,marker
salama2024,impulse,PVDF/GO 0 wt%,0.0,0.5,N,10.0,567.0,V/g,Fig. 10a,788.8,439.4,marker
salama2024,impulse,PVDF/GO 0 wt%,0.0,0.5,N,15.0,611.3,V/g,Fig. 10b,1813.2,420.7,marker
salama2024,impulse,PVDF/GO 0.5 wt%,0.5,0.1,N,10.0,313.5,V/g,Fig. 10e,236.9,1797.3,marker
salama2024,impulse,PVDF/GO 0.5 wt%,0.5,0.1,N,15.0,277.9,V/g,Fig. 10f,1268.3,1788.4,marker
salama2024,impulse,PVDF/GO 0.5 wt%,0.5,0.2,N,10.0,822.2,V/g,Fig. 10e,236.9,1733.5,marker
salama2024,impulse,PVDF/GO 0.5 wt%,0.5,0.2,N,15.0,549.7,V/g,Fig. 10f,1268.3,1749.5,marker
salama2024,frequency,PVDF/GO 0.5 wt%,0.5,0.3,N,1.0,518.0,V/g,Fig. 11a,254.9,504.7,marker
salama2024,frequency,PVDF/GO 0.5 wt%,0.5,0.3,N,2.0,672.8,V/g,Fig. 11a,391.6,479.1,marker
salama2024,frequency,PVDF/GO 0.5 wt%,0.5,0.3,N,3.0,879.9,V/g,Fig. 11a,528.3,445.0,marker
salama2024,frequency,PVDF/GO 0.5 wt%,0.5,0.3,N,4.0,1001.2,V/g,Fig. 11a,665.0,425.0,marker
salama2024,frequency,PVDF/GO 0.5 wt%,0.5,0.3,N,5.0,1068.4,V/g,Fig. 11a,801.7,413.9,marker
salama2024,impulse,PVDF/GO 0.5 wt%,0.5,0.3,N,10.0,1083.0,V/g,Fig. 10e,236.9,1700.8,marker
salama2024,impulse,PVDF/GO 0.5 wt%,0.5,0.3,N,15.0,837.4,V/g,Fig. 10f,1268.3,1708.4,marker
salama2024,impulse,PVDF/GO 0.5 wt%,0.5,0.4,N,10.0,1300.3,V/g,Fig. 10e,236.9,1673.6,marker
salama2024,impulse,PVDF/GO 0.5 wt%,0.5,0.4,N,15.0,1043.0,V/g,Fig. 10f,1268.3,1678.9,marker
salama2024,impulse,PVDF/GO 0.5 wt%,0.5,0.5,N,10.0,1498.8,V/g,Fig. 10e,236.9,1648.7,marker
salama2024,impulse,PVDF/GO 0.5 wt%,0.5,0.5,N,15.0,1242.4,V/g,Fig. 10f,1268.3,1650.4,marker
salama2024,impulse,PVDF/GO 1 wt%,1.0,0.1,N,10.0,167.8,V/g,Fig. 10e,354.7,1815.5,marker
salama2024,impulse,PVDF/GO 1 wt%,1.0,0.1,N,15.0,337.9,V/g,Fig. 10f,1388.3,1779.8,marker
salama2024,impulse,PVDF/GO 1 wt%,1.0,0.2,N,10.0,471.9,V/g,Fig. 10e,354.7,1777.4,marker
salama2024,impulse,PVDF/GO 1 wt%,1.0,0.2,N,15.0,826.3,V/g,Fig. 10f,1388.3,1709.9,marker
salama2024,frequency,PVDF/GO 1 wt%,1.0,0.3,N,1.0,1216.6,V/g,Fig. 11a,254.9,389.5,marker_pass1
salama2024,frequency,PVDF/GO 1 wt%,1.0,0.3,N,2.0,1327.5,V/g,Fig. 11a,391.6,371.2,marker
salama2024,frequency,PVDF/GO 1 wt%,1.0,0.3,N,3.0,1450.2,V/g,Fig. 11a,528.3,351.0,marker_pass1
salama2024,frequency,PVDF/GO 1 wt%,1.0,0.3,N,4.0,1482.2,V/g,Fig. 11a,665.0,345.7,marker
salama2024,frequency,PVDF/GO 1 wt%,1.0,0.3,N,5.0,1652.5,V/g,Fig. 11a,801.7,317.6,marker
salama2024,impulse,PVDF/GO 1 wt%,1.0,0.3,N,10.0,1298.3,V/g,Fig. 10e,354.7,1673.8,marker
salama2024,impulse,PVDF/GO 1 wt%,1.0,0.3,N,15.0,1114.7,V/g,Fig. 10f,1388.3,1668.7,marker
salama2024,impulse,PVDF/GO 1 wt%,1.0,0.4,N,10.0,1593.3,V/g,Fig. 10e,354.7,1636.8,marker
salama2024,impulse,PVDF/GO 1 wt%,1.0,0.4,N,15.0,1359.2,V/g,Fig. 10f,1388.3,1633.7,marker
salama2024,impulse,PVDF/GO 1 wt%,1.0,0.5,N,10.0,1696.5,V/g,Fig. 10e,354.7,1623.9,marker
salama2024,impulse,PVDF/GO 1 wt%,1.0,0.5,N,15.0,1558.7,V/g,Fig. 10f,1388.3,1605.1,marker
salama2024,impulse,PVDF/GO 1.5 wt%,1.5,0.1,N,10.0,117.5,V/g,Fig. 10e,472.5,1821.8,marker
salama2024,impulse,PVDF/GO 1.5 wt%,1.5,0.1,N,15.0,476.6,V/g,Fig. 10f,1508.3,1760.0,marker
salama2024,impulse,PVDF/GO 1.5 wt%,1.5,0.2,N,10.0,312.3,V/g,Fig. 10e,472.5,1797.4,marker
salama2024,impulse,PVDF/GO 1.5 wt%,1.5,0.2,N,15.0,1174.2,V/g,Fig. 10f,1508.3,1660.2,marker
salama2024,frequency,PVDF/GO 1.5 wt%,1.5,0.3,N,1.0,1979.4,V/g,Fig. 11a,254.9,263.8,marker
salama2024,frequency,PVDF/GO 1.5 wt%,1.5,0.3,N,2.0,2225.4,V/g,Fig. 11a,391.6,223.2,marker
salama2024,frequency,PVDF/GO 1.5 wt%,1.5,0.3,N,3.0,2390.3,V/g,Fig. 11a,528.3,196.0,marker
salama2024,frequency,PVDF/GO 1.5 wt%,1.5,0.3,N,4.0,2445.1,V/g,Fig. 11a,665.0,187.0,marker
salama2024,frequency,PVDF/GO 1.5 wt%,1.5,0.3,N,5.0,2594.3,V/g,Fig. 11a,801.7,162.4,marker
salama2024,impulse,PVDF/GO 1.5 wt%,1.5,0.3,N,10.0,1068.1,V/g,Fig. 10e,472.5,1702.7,marker
salama2024,impulse,PVDF/GO 1.5 wt%,1.5,0.3,N,15.0,1542.6,V/g,Fig. 10f,1508.3,1607.4,marker
salama2024,impulse,PVDF/GO 1.5 wt%,1.5,0.4,N,10.0,2698.0,V/g,Fig. 10e,472.5,1498.4,marker
salama2024,impulse,PVDF/GO 1.5 wt%,1.5,0.4,N,15.0,2232.8,V/g,Fig. 10f,1508.3,1508.7,marker
salama2024,impulse,PVDF/GO 1.5 wt%,1.5,0.5,N,10.0,3676.3,V/g,Fig. 10e,472.5,1375.7,marker
salama2024,impulse,PVDF/GO 1.5 wt%,1.5,0.5,N,15.0,2716.1,V/g,Fig. 10f,1508.3,1439.5,marker
salama2024,impulse,PVDF/GO 2 wt%,2.0,0.1,N,10.0,328.3,V/g,Fig. 10e,590.3,1795.4,marker
salama2024,impulse,PVDF/GO 2 wt%,2.0,0.1,N,15.0,199.3,V/g,Fig. 10f,1628.3,1799.7,marker
salama2024,impulse,PVDF/GO 2 wt%,2.0,0.2,N,10.0,745.1,V/g,Fig. 10e,590.3,1743.2,marker
salama2024,impulse,PVDF/GO 2 wt%,2.0,0.2,N,15.0,740.9,V/g,Fig. 10f,1628.3,1722.2,marker
salama2024,frequency,PVDF/GO 2 wt%,2.0,0.3,N,1.0,1293.7,V/g,Fig. 11a,254.9,376.8,marker
salama2024,frequency,PVDF/GO 2 wt%,2.0,0.3,N,2.0,1788.0,V/g,Fig. 11a,391.6,295.3,marker
salama2024,frequency,PVDF/GO 2 wt%,2.0,0.3,N,3.0,2050.4,V/g,Fig. 11a,528.3,252.1,marker
salama2024,frequency,PVDF/GO 2 wt%,2.0,0.3,N,4.0,2329.9,V/g,Fig. 11a,665.0,206.0,marker
salama2024,frequency,PVDF/GO 2 wt%,2.0,0.3,N,5.0,2338.5,V/g,Fig. 11a,801.7,204.6,marker
salama2024,impulse,PVDF/GO 2 wt%,2.0,0.3,N,10.0,1001.7,V/g,Fig. 10e,590.3,1711.0,marker
salama2024,impulse,PVDF/GO 2 wt%,2.0,0.3,N,15.0,979.4,V/g,Fig. 10f,1628.3,1688.0,marker
salama2024,impulse,PVDF/GO 2 wt%,2.0,0.4,N,10.0,1296.5,V/g,Fig. 10e,590.3,1674.1,marker
salama2024,impulse,PVDF/GO 2 wt%,2.0,0.4,N,15.0,1130.9,V/g,Fig. 10f,1628.3,1666.3,marker
salama2024,impulse,PVDF/GO 2 wt%,2.0,0.5,N,10.0,1603.6,V/g,Fig. 10e,590.3,1635.6,marker
salama2024,impulse,PVDF/GO 2 wt%,2.0,0.5,N,15.0,1234.9,V/g,Fig. 10f,1628.3,1651.5,marker
salama2024,impulse,PVDF/GO 2.5 wt%,2.5,0.1,N,10.0,237.3,V/g,Fig. 10e,708.1,1806.8,marker
salama2024,impulse,PVDF/GO 2.5 wt%,2.5,0.1,N,15.0,156.7,V/g,Fig. 10f,1748.3,1805.8,marker
salama2024,impulse,PVDF/GO 2.5 wt%,2.5,0.2,N,10.0,843.5,V/g,Fig. 10e,708.1,1730.8,marker
salama2024,impulse,PVDF/GO 2.5 wt%,2.5,0.2,N,15.0,1210.9,V/g,Fig. 10f,1748.3,1654.9,marker
salama2024,frequency,PVDF/GO 2.5 wt%,2.5,0.3,N,1.0,1429.3,V/g,Fig. 11a,254.9,354.5,marker
salama2024,frequency,PVDF/GO 2.5 wt%,2.5,0.3,N,2.0,1487.8,V/g,Fig. 11a,391.6,344.8,marker
salama2024,frequency,PVDF/GO 2.5 wt%,2.5,0.3,N,3.0,1575.8,V/g,Fig. 11a,528.3,330.3,marker
salama2024,frequency,PVDF/GO 2.5 wt%,2.5,0.3,N,4.0,1701.6,V/g,Fig. 11a,665.0,309.6,marker
salama2024,frequency,PVDF/GO 2.5 wt%,2.5,0.3,N,5.0,1882.0,V/g,Fig. 11a,801.7,279.8,marker
salama2024,impulse,PVDF/GO 2.5 wt%,2.5,0.3,N,10.0,1053.6,V/g,Fig. 10e,708.1,1704.5,marker
salama2024,impulse,PVDF/GO 2.5 wt%,2.5,0.3,N,15.0,1406.8,V/g,Fig. 10f,1748.3,1626.9,marker
salama2024,impulse,PVDF/GO 2.5 wt%,2.5,0.4,N,10.0,2037.7,V/g,Fig. 10e,708.1,1581.1,marker
salama2024,impulse,PVDF/GO 2.5 wt%,2.5,0.4,N,15.0,1688.4,V/g,Fig. 10f,1748.3,1586.6,marker
salama2024,impulse,PVDF/GO 2.5 wt%,2.5,0.5,N,10.0,2685.6,V/g,Fig. 10e,708.1,1499.9,marker
salama2024,impulse,PVDF/GO 2.5 wt%,2.5,0.5,N,15.0,1973.1,V/g,Fig. 10f,1748.3,1545.8,marker
salama2024,impulse,PVDF/GO 3 wt%,3.0,0.1,N,10.0,84.2,V/g,Fig. 10e,825.9,1826.0,marker
salama2024,impulse,PVDF/GO 3 wt%,3.0,0.1,N,15.0,78.9,V/g,Fig. 10f,1868.3,1816.9,marker
salama2024,impulse,PVDF/GO 3 wt%,3.0,0.2,N,10.0,423.2,V/g,Fig. 10e,825.9,1783.5,marker
salama2024,impulse,PVDF/GO 3 wt%,3.0,0.2,N,15.0,409.4,V/g,Fig. 10f,1868.3,1769.6,marker
salama2024,frequency,PVDF/GO 3 wt%,3.0,0.3,N,1.0,687.9,V/g,Fig. 11a,254.9,476.6,marker
salama2024,frequency,PVDF/GO 3 wt%,3.0,0.3,N,2.0,916.5,V/g,Fig. 11a,391.6,439.0,marker
salama2024,frequency,PVDF/GO 3 wt%,3.0,0.3,N,3.0,977.8,V/g,Fig. 11a,528.3,428.9,marker
salama2024,frequency,PVDF/GO 3 wt%,3.0,0.3,N,4.0,1170.1,V/g,Fig. 11a,665.0,397.2,marker
salama2024,frequency,PVDF/GO 3 wt%,3.0,0.3,N,5.0,1199.6,V/g,Fig. 11a,801.7,392.3,marker
salama2024,impulse,PVDF/GO 3 wt%,3.0,0.3,N,10.0,1125.4,V/g,Fig. 10e,825.9,1695.5,marker
salama2024,impulse,PVDF/GO 3 wt%,3.0,0.3,N,15.0,878.7,V/g,Fig. 10f,1868.3,1702.4,marker
salama2024,impulse,PVDF/GO 3 wt%,3.0,0.4,N,10.0,1346.1,V/g,Fig. 10e,825.9,1667.8,marker
salama2024,impulse,PVDF/GO 3 wt%,3.0,0.4,N,15.0,1709.5,V/g,Fig. 10f,1868.3,1583.5,marker
salama2024,impulse,PVDF/GO 3 wt%,3.0,0.5,N,10.0,2219.0,V/g,Fig. 10e,825.9,1558.4,marker
salama2024,impulse,PVDF/GO 3 wt%,3.0,0.5,N,15.0,2109.4,V/g,Fig. 10f,1868.3,1526.3,marker
