pass,panel,go,force,freq,x_px,y_px,method,size_px,v
0,10a,0.0,0.1,10.0,253.2,458.0,errbar_mid,7,417.58
0,10a,0.5,0.1,10.0,253.2,475.0,errbar_mid,5,280.88
0,10a,1.0,0.1,10.0,253.2,488.5,errbar_mid,8,172.32
0,10a,1.5,0.1,10.0,253.2,440.0,errbar_mid,11,562.33
0,10a,2.0,0.1,10.0,253.2,469.0,errbar_mid,7,329.13
0,10a,2.5,0.1,10.0,253.2,446.0,errbar_mid,9,514.08
0,10a,3.0,0.1,10.0,253.2,498.95,marker,77,88.31
0,10a,1.0,0.2,10.0,387.1,446.5,errbar_mid,6,510.06
0,10a,1.5,0.2,10.0,387.1,471.0,marker,33,313.05
0,10a,2.0,0.2,10.0,387.1,428.0,errbar_mid,7,658.82
0,10a,2.5,0.2,10.0,387.1,400.6,marker,110,879.16
0,10a,3.0,0.2,10.0,387.1,462.0,errbar_mid,9,385.42
0,10a,0.0,0.3,10.0,521.0,431.35,marker,71,631.87
0,10a,0.5,0.3,10.0,521.0,381.0,errbar_mid,7,1036.77
0,10a,1.0,0.3,10.0,521.0,347.63,marker,112,1305.07
0,10a,1.5,0.3,10.0,521.0,288.5,errbar_mid,10,1780.59
0,10a,2.0,0.3,10.0,521.0,387.5,errbar_mid,8,984.5
0,10a,2.5,0.3,10.0,521.0,301.51,marker,101,1675.93
0,10a,3.0,0.3,10.0,521.0,368.24,marker,51,1139.41
0,10a,0.0,0.4,10.0,654.9,421.25,marker,92,713.1
0,10a,0.5,0.4,10.0,654.9,363.5,errbar_mid,12,1177.49
0,10a,1.0,0.4,10.0,654.9,308.55,marker,95,1619.38
0,10a,1.5,0.4,10.0,654.9,175.0,marker,50,2693.28
0,10a,2.0,0.4,10.0,654.9,350.5,errbar_mid,14,1282.03
0,10a,2.5,0.4,10.0,654.9,253.44,marker,126,2062.48
0,10a,3.0,0.4,10.0,654.9,340.01,marker,89,1366.37
0,10a,0.0,0.5,10.0,788.8,439.42,marker,103,567.01
0,10a,0.5,0.5,10.0,788.8,331.5,errbar_mid,14,1434.81
0,10a,1.0,0.5,10.0,788.8,283.5,errbar_mid,8,1820.79
0,10a,1.5,0.5,10.0,788.8,53.17,marker,53,3672.95
0,10a,2.0,0.5,10.0,788.8,309.81,marker,52,1609.25
0,10a,2.5,0.5,10.0,788.8,176.5,marker,68,2681.21
0,10a,3.0,0.5,10.0,788.8,234.0,marker,69,2218.84
0,10b,0.0,0.1,15.0,1268.0,478.0,errbar_mid,5,197.11
0,10b,0.5,0.1,15.0,1268.0,469.0,errbar_mid,5,262.17
0,10b,1.0,0.1,15.0,1268.0,459.0,errbar_mid,9,334.45
0,10b,1.5,0.1,15.0,1268.0,434.23,marker,115,513.52
0,10b,2.0,0.1,15.0,1268.0,465.0,errbar_mid,7,291.08
0,10b,2.5,0.1,15.0,1268.0,484.36,marker,53,151.15
0,10b,3.0,0.1,15.0,1268.0,494.41,marker,86,78.51
0,10b,0.0,0.2,15.0,1404.3,458.51,marker,86,337.98
0,10b,0.5,0.2,15.0,1404.3,431.0,errbar_mid,5,536.84
0,10b,1.0,0.2,15.0,1404.3,392.5,errbar_mid,10,815.13
0,10b,1.5,0.2,15.0,1404.3,349.5,marker,78,1125.95
0,10b,2.0,0.2,15.0,1404.3,427.0,errbar_mid,7,565.76
0,10b,2.5,0.2,15.0,1404.3,336.01,marker,108,1223.47
0,10b,3.0,0.2,15.0,1404.3,448.2,marker,106,412.53
0,10b,0.0,0.3,15.0,1540.6,445.02,marker,161,435.51
0,10b,0.5,0.3,15.0,1540.6,396.5,errbar_mid,12,786.22
0,10b,1.0,0.3,15.0,1540.6,364.5,errbar_mid,8,1017.53
0,10b,1.5,0.3,15.0,1540.6,286.6,marker,131,1580.65
0,10b,2.0,0.3,15.0,1540.6,371.0,marker,40,970.54
0,10b,2.5,0.3,15.0,1540.6,308.7,marker,127,1420.86
0,10b,3.0,0.3,15.0,1540.6,384.0,marker,33,876.57
0,10b,0.0,0.4,15.0,1676.9,436.04,marker,112,500.38
0,10b,0.5,0.4,15.0,1676.9,366.5,errbar_mid,16,1003.07
0,10b,1.0,0.4,15.0,1676.9,315.99,marker,175,1368.18
0,10b,1.5,0.4,15.0,1676.9,198.2,marker,151,2219.61
0,10b,2.0,0.4,15.0,1676.9,347.71,marker,120,1138.9
0,10b,2.5,0.4,15.0,1676.9,269.5,errbar_mid,10,1704.22
0,10b,3.0,0.4,15.0,1676.9,295.0,errbar_mid,9,1519.9
0,10b,0.0,0.5,15.0,1813.2,420.71,marker,78,611.26
0,10b,0.5,0.5,15.0,1813.2,332.0,errbar_mid,7,1252.45
0,10b,1.0,0.5,15.0,1813.2,291.3,marker,131,1546.66
0,10b,1.5,0.5,15.0,1813.2,129.53,marker,133,2716.0
0,10b,2.0,0.5,15.0,1813.2,337.5,errbar_mid,8,1212.69
0,10b,2.5,0.5,15.0,1813.2,210.5,errbar_mid,10,2130.69
0,10b,3.0,0.5,15.0,1813.2,222.5,errbar_mid,20,2043.95
0,10e,0.5,0.1,10.0,236.9,1797.28,marker,132,313.47
0,10e,0.5,0.2,10.0,236.9,1733.5,marker,142,822.25
0,10e,0.5,0.3,10.0,236.9,1700.81,marker,145,1082.99
0,10e,0.5,0.4,10.0,236.9,1673.57,marker,90,1300.34
0,10e,0.5,0.5,10.0,236.9,1648.68,marker,98,1498.83
0,10e,1.0,0.1,10.0,354.7,1815.54,marker,102,167.82
0,10e,1.0,0.2,10.0,354.7,1777.42,marker,118,471.94
0,10e,1.0,0.3,10.0,354.7,1673.83,marker,121,1298.27
0,10e,1.0,0.4,10.0,354.7,1636.85,marker,98,1593.25
0,10e,1.0,0.5,10.0,354.7,1623.91,marker,130,1696.47
0,10e,1.5,0.1,10.0,472.5,1821.85,marker,99,117.49
0,10e,1.5,0.2,10.0,472.5,1797.43,marker,126,312.29
0,10e,1.5,0.3,10.0,472.5,1702.68,marker,104,1068.08
0,10e,1.5,0.4,10.0,472.5,1498.36,marker,95,2697.98
0,10e,1.5,0.5,10.0,472.5,1375.72,marker,102,3676.3
0,10e,2.0,0.1,10.0,590.3,1795.42,marker,96,328.34
0,10e,2.0,0.2,10.0,590.3,1743.17,marker,117,745.1
0,10e,2.0,0.3,10.0,590.3,1711.0,marker,116,1001.73
0,10e,2.0,0.4,10.0,590.3,1674.05,marker,118,1296.48
0,10e,2.0,0.5,10.0,590.3,1635.55,marker,116,1603.58
0,10e,2.5,0.1,10.0,708.1,1806.83,marker,103,237.33
0,10e,2.5,0.2,10.0,708.1,1730.83,marker,131,843.53
0,10e,2.5,0.3,10.0,708.1,1704.5,marker,100,1053.58
0,10e,2.5,0.4,10.0,708.1,1581.12,marker,104,2037.75
0,10e,2.5,0.5,10.0,708.1,1499.91,marker,103,2685.58
0,10e,3.0,0.1,10.0,825.9,1826.03,marker,110,84.16
0,10e,3.0,0.2,10.0,825.9,1783.52,marker,143,423.2
0,10e,3.0,0.3,10.0,825.9,1695.5,marker,96,1125.38
0,10e,3.0,0.4,10.0,825.9,1667.83,marker,121,1346.13
0,10e,3.0,0.5,10.0,825.9,1558.41,marker,93,2218.96
0,10f,0.5,0.1,15.0,1268.3,1788.42,marker,106,277.94
0,10f,0.5,0.2,15.0,1268.3,1749.53,marker,122,549.69
0,10f,0.5,0.3,15.0,1268.3,1708.36,marker,136,837.38
0,10f,0.5,0.4,15.0,1268.3,1678.94,marker,82,1042.96
0,10f,0.5,0.5,15.0,1268.3,1650.39,marker,114,1242.41
0,10f,1.0,0.1,15.0,1388.3,1779.85,marker,144,337.88
0,10f,1.0,0.2,15.0,1388.3,1709.95,marker,77,826.29
0,10f,1.0,0.3,15.0,1388.3,1668.68,marker,93,1114.66
0,10f,1.0,0.4,15.0,1388.3,1633.68,marker,129,1359.18
0,10f,1.0,0.5,15.0,1388.3,1605.13,marker,109,1558.7
0,10f,1.5,0.1,15.0,1508.3,1760.0,marker,164,476.56
0,10f,1.5,0.2,15.0,1508.3,1660.16,marker,129,1174.15
0,10f,1.5,0.3,15.0,1508.3,1607.43,marker,155,1542.6
0,10f,1.5,0.4,15.0,1508.3,1508.66,marker,157,2232.78
0,10f,1.5,0.5,15.0,1508.3,1439.49,marker,133,2716.08
0,10f,2.0,0.1,15.0,1628.3,1799.68,marker,93,199.32
0,10f,2.0,0.2,15.0,1628.3,1722.17,marker,121,740.86
0,10f,2.0,0.3,15.0,1628.3,1688.04,marker,150,979.37
0,10f,2.0,0.4,15.0,1628.3,1666.35,marker,92,1130.94
0,10f,2.0,0.5,15.0,1628.3,1651.47,marker,136,1234.89
0,10f,2.5,0.1,15.0,1748.3,1805.77,marker,144,156.74
0,10f,2.5,0.2,15.0,1748.3,1654.9,marker,123,1210.91
0,10f,2.5,0.3,15.0,1748.3,1626.87,marker,153,1406.79
0,10f,2.5,0.4,15.0,1748.3,1586.57,marker,129,1688.4
0,10f,2.5,0.5,15.0,1748.3,1545.82,marker,113,1973.09
0,10f,3.0,0.1,15.0,1868.3,1816.91,marker,95,78.94
0,10f,3.0,0.2,15.0,1868.3,1769.62,marker,110,409.35
0,10f,3.0,0.3,15.0,1868.3,1702.45,marker,105,878.69
0,10f,3.0,0.4,15.0,1868.3,1583.54,marker,103,1709.52
0,10f,3.0,0.5,15.0,1868.3,1526.32,marker,81,2109.35
0,11a,0.5,0.3,1.0,254.9,504.66,marker,99,517.98
0,11a,1.0,0.3,1.0,254.9,390.0,errbar_mid,5,1213.59
0,11a,1.5,0.3,1.0,254.9,263.77,marker,197,1979.4
0,11a,2.0,0.3,1.0,254.9,376.8,marker,171,1293.7
0,11a,2.5,0.3,1.0,254.9,354.45,marker,162,1429.26
0,11a,3.0,0.3,1.0,254.9,476.64,marker,198,687.94
0,11a,0.5,0.3,2.0,391.6,479.14,marker,152,672.75
0,11a,1.0,0.3,2.0,391.6,371.23,marker,164,1327.49
0,11a,1.5,0.3,2.0,391.6,223.23,marker,192,2225.37
0,11a,2.0,0.3,2.0,391.6,295.32,marker,41,1788.02
0,11a,2.5,0.3,2.0,391.6,344.8,marker,135,1487.81
0,11a,3.0,0.3,2.0,391.6,438.97,marker,103,916.48
0,11a,0.5,0.3,3.0,528.3,445.0,marker,33,879.91
0,11a,1.0,0.3,3.0,528.3,351.0,errbar_mid,5,1450.19
0,11a,1.5,0.3,3.0,528.3,196.04,marker,249,2390.34
0,11a,2.0,0.3,3.0,528.3,252.06,marker,161,2050.44
0,11a,2.5,0.3,3.0,528.3,330.3,marker,173,1575.78
0,11a,3.0,0.3,3.0,528.3,428.86,marker,177,977.8
0,11a,0.5,0.3,4.0,665.0,425.0,marker,40,1001.24
0,11a,1.0,0.3,4.0,665.0,345.73,marker,161,1482.19
0,11a,1.5,0.3,4.0,665.0,187.01,marker,202,2445.11
0,11a,2.0,0.3,4.0,665.0,206.0,marker,71,2329.89
0,11a,2.5,0.3,4.0,665.0,309.55,marker,110,1701.64
0,11a,3.0,0.3,4.0,665.0,397.18,marker,91,1170.05
0,11a,0.5,0.3,5.0,801.7,413.94,marker,95,1068.36
0,11a,1.0,0.3,5.0,801.7,317.65,marker,74,1652.53
0,11a,1.5,0.3,5.0,801.7,162.42,marker,180,2594.28
0,11a,2.0,0.3,5.0,801.7,204.59,marker,112,2338.45
0,11a,2.5,0.3,5.0,801.7,279.83,marker,81,1881.99
0,11a,3.0,0.3,5.0,801.7,392.3,marker,79,1199.61
1,10a,0.0,0.1,10.0,253.2,457.26,marker,34,423.5
1,10a,0.5,0.1,10.0,253.2,474.5,errbar_mid,4,284.9
1,10a,1.0,0.1,10.0,253.2,488.36,marker,53,173.46
1,10a,1.5,0.1,10.0,253.2,440.5,errbar_mid,8,558.31
1,10a,2.0,0.1,10.0,253.2,469.32,marker,31,326.54
1,10a,2.5,0.1,10.0,253.2,444.45,marker,22,526.51
1,10a,3.0,0.1,10.0,253.2,499.18,marker,77,86.43
1,10a,1.0,0.2,10.0,387.1,445.81,marker,59,515.58
1,10a,1.5,0.2,10.0,387.1,472.25,marker,61,303.03
1,10a,2.0,0.2,10.0,387.1,427.62,marker,42,661.89
1,10a,2.5,0.2,10.0,387.1,402.91,marker,154,860.59
1,10a,3.0,0.2,10.0,387.1,463.91,marker,35,370.03
1,10a,0.0,0.3,10.0,521.0,427.65,marker,129,661.63
1,10a,0.5,0.3,10.0,521.0,380.5,errbar_mid,6,1040.79
1,10a,1.0,0.3,10.0,521.0,347.82,marker,113,1303.55
1,10a,1.5,0.3,10.0,521.0,508.88,marker,26,8.4
1,10a,2.0,0.3,10.0,521.0,388.63,marker,49,975.39
1,10a,2.5,0.3,10.0,521.0,305.92,marker,203,1640.5
1,10a,3.0,0.3,10.0,521.0,363.16,marker,126,1180.23
1,10a,0.0,0.4,10.0,654.9,420.74,marker,108,717.2
1,10a,0.5,0.4,10.0,654.9,367.63,marker,51,1144.3
1,10a,1.0,0.4,10.0,654.9,309.88,marker,146,1608.63
1,10a,1.5,0.4,10.0,654.9,174.54,marker,61,2696.97
1,10a,2.0,0.4,10.0,654.9,349.87,marker,38,1287.1
1,10a,2.5,0.4,10.0,654.9,253.33,marker,132,2063.37
1,10a,3.0,0.4,10.0,654.9,340.02,marker,81,1366.26
1,10a,0.0,0.5,10.0,788.8,439.45,marker,141,566.72
1,10a,0.5,0.5,10.0,788.8,335.76,marker,49,1400.59
1,10a,1.0,0.5,10.0,788.8,296.9,marker,61,1713.03
1,10a,1.5,0.5,10.0,788.8,53.0,marker,63,3674.32
1,10a,2.0,0.5,10.0,788.8,309.75,marker,64,1609.71
1,10a,2.5,0.5,10.0,788.8,177.27,marker,181,2675.06
1,10a,3.0,0.5,10.0,788.8,233.88,marker,82,2219.82
1,10b,0.0,0.1,15.0,1268.0,449.0,errbar_mid,5,406.73
1,10b,0.5,0.1,15.0,1268.0,469.89,marker,27,255.74
1,10b,1.0,0.1,15.0,1268.0,460.05,marker,37,326.83
1,10b,1.5,0.1,15.0,1268.0,433.6,marker,124,518.07
1,10b,2.0,0.1,15.0,1268.0,465.5,errbar_mid,6,287.46
1,10b,2.5,0.1,15.0,1268.0,484.81,marker,63,147.89
1,10b,3.0,0.1,15.0,1268.0,494.28,marker,74,79.41
1,10b,0.0,0.2,15.0,1404.3,458.44,marker,72,338.46
1,10b,0.5,0.2,15.0,1404.3,431.0,errbar_mid,5,536.84
1,10b,1.0,0.2,15.0,1404.3,392.98,marker,46,811.68
1,10b,1.5,0.2,15.0,1404.3,350.28,marker,97,1120.33
1,10b,2.0,0.2,15.0,1404.3,427.0,marker,22,565.76
1,10b,2.5,0.2,15.0,1404.3,337.0,marker,117,1216.31
1,10b,3.0,0.2,15.0,1404.3,448.18,marker,84,412.67
1,10b,0.0,0.3,15.0,1540.6,449.02,marker,190,406.58
1,10b,0.5,0.3,15.0,1540.6,399.5,marker,52,764.54
1,10b,1.0,0.3,15.0,1540.6,353.08,marker,38,1100.08
1,10b,1.5,0.3,15.0,1540.6,285.85,marker,137,1586.06
1,10b,2.0,0.3,15.0,1540.6,371.12,marker,48,969.64
1,10b,2.5,0.3,15.0,1540.6,309.05,marker,142,1418.34
1,10b,3.0,0.3,15.0,1540.6,380.57,marker,91,901.36
1,10b,0.0,0.4,15.0,1676.9,439.67,marker,164,474.17
1,10b,0.5,0.4,15.0,1676.9,362.82,marker,49,1029.7
1,10b,1.0,0.4,15.0,1676.9,315.53,marker,142,1371.51
1,10b,1.5,0.4,15.0,1676.9,197.35,marker,149,2225.75
1,10b,2.0,0.4,15.0,1676.9,348.94,marker,156,1130.03
1,10b,2.5,0.4,15.0,1676.9,268.5,errbar_mid,8,1711.45
1,10b,3.0,0.4,15.0,1676.9,276.63,marker,51,1652.7
1,10b,0.0,0.5,15.0,1813.2,421.36,marker,177,606.55
1,10b,0.5,0.5,15.0,1813.2,344.85,marker,41,1159.54
1,10b,1.0,0.5,15.0,1813.2,291.92,marker,161,1542.17
1,10b,1.5,0.5,15.0,1813.2,129.41,marker,123,2716.81
1,10b,2.0,0.5,15.0,1813.2,337.76,marker,58,1210.82
1,10b,2.5,0.5,15.0,1813.2,236.28,marker,36,1944.36
1,10b,3.0,0.5,15.0,1813.2,198.49,marker,53,2217.5
1,10e,0.5,0.1,10.0,236.9,1797.83,marker,130,309.08
1,10e,0.5,0.2,10.0,236.9,1733.5,marker,126,822.25
1,10e,0.5,0.3,10.0,236.9,1703.09,marker,151,1064.81
1,10e,0.5,0.4,10.0,236.9,1678.0,marker,158,1264.97
1,10e,0.5,0.5,10.0,236.9,1649.4,marker,225,1493.12
1,10e,1.0,0.1,10.0,354.7,1815.3,marker,87,169.74
1,10e,1.0,0.2,10.0,354.7,1777.0,marker,117,475.25
1,10e,1.0,0.3,10.0,354.7,1673.41,marker,123,1301.55
1,10e,1.0,0.4,10.0,354.7,1637.63,marker,100,1587.01
1,10e,1.0,0.5,10.0,354.7,1624.54,marker,125,1691.46
1,10e,1.5,0.1,10.0,472.5,1822.03,marker,86,116.0
1,10e,1.5,0.2,10.0,472.5,1797.9,marker,131,308.52
1,10e,1.5,0.3,10.0,472.5,1703.38,marker,188,1062.54
1,10e,1.5,0.4,10.0,472.5,1498.9,marker,176,2693.63
1,10e,1.5,0.5,10.0,472.5,1376.45,marker,262,3670.41
1,10e,2.0,0.1,10.0,590.3,1795.5,marker,84,327.67
1,10e,2.0,0.2,10.0,590.3,1743.1,marker,97,745.64
1,10e,2.0,0.3,10.0,590.3,1711.0,marker,99,1001.73
1,10e,2.0,0.4,10.0,590.3,1675.68,marker,142,1283.51
1,10e,2.0,0.5,10.0,590.3,1636.13,marker,212,1598.96
1,10e,2.5,0.1,10.0,708.1,1806.84,marker,90,237.18
1,10e,2.5,0.2,10.0,708.1,1733.35,marker,172,823.41
1,10e,2.5,0.3,10.0,708.1,1704.74,marker,161,1051.67
1,10e,2.5,0.4,10.0,708.1,1581.23,marker,97,2036.94
1,10e,2.5,0.5,10.0,708.1,1500.96,marker,176,2677.23
1,10e,3.0,0.1,10.0,825.9,1826.0,marker,87,84.37
1,10e,3.0,0.2,10.0,825.9,1784.0,marker,135,419.41
1,10e,3.0,0.3,10.0,825.9,1696.22,marker,222,1119.63
1,10e,3.0,0.4,10.0,825.9,1667.89,marker,113,1345.59
1,10e,3.0,0.5,10.0,825.9,1559.37,marker,359,2211.31
1,10f,0.5,0.1,15.0,1268.3,1788.5,marker,80,277.42
1,10f,0.5,0.2,15.0,1268.3,1749.27,marker,94,551.56
1,10f,0.5,0.3,15.0,1268.3,1710.55,marker,176,822.07
1,10f,0.5,0.4,15.0,1268.3,1680.31,marker,178,1033.38
1,10f,0.5,0.5,15.0,1268.3,1653.79,marker,199,1218.65
1,10f,1.0,0.1,15.0,1388.3,1780.49,marker,143,333.39
1,10f,1.0,0.2,15.0,1388.3,1710.27,marker,164,824.01
1,10f,1.0,0.3,15.0,1388.3,1668.5,marker,80,1115.9
1,10f,1.0,0.4,15.0,1388.3,1633.23,marker,144,1362.35
1,10f,1.0,0.5,15.0,1388.3,1608.2,marker,169,1537.23
1,10f,1.5,0.1,15.0,1508.3,1759.98,marker,147,476.7
1,10f,1.5,0.2,15.0,1508.3,1663.33,marker,180,1152.0
1,10f,1.5,0.3,15.0,1508.3,1607.33,marker,184,1543.3
1,10f,1.5,0.4,15.0,1508.3,1508.48,marker,153,2234.03
1,10f,1.5,0.5,15.0,1508.3,1440.08,marker,132,2711.98
1,10f,2.0,0.1,15.0,1628.3,1800.44,marker,108,193.96
1,10f,2.0,0.2,15.0,1628.3,1725.44,marker,165,718.02
1,10f,2.0,0.3,15.0,1628.3,1688.48,marker,151,976.27
1,10f,2.0,0.4,15.0,1628.3,1667.91,marker,112,1120.02
1,10f,2.0,0.5,15.0,1628.3,1650.94,marker,149,1238.6
1,10f,2.5,0.1,15.0,1748.3,1807.0,marker,135,148.15
1,10f,2.5,0.2,15.0,1748.3,1655.0,marker,116,1210.23
1,10f,2.5,0.3,15.0,1748.3,1625.52,marker,159,1416.24
1,10f,2.5,0.4,15.0,1748.3,1587.09,marker,153,1684.73
1,10f,2.5,0.5,15.0,1748.3,1548.77,marker,185,1952.51
1,10f,3.0,0.1,15.0,1868.3,1816.81,marker,78,79.62
1,10f,3.0,0.2,15.0,1868.3,1769.38,marker,92,411.01
1,10f,3.0,0.3,15.0,1868.3,1705.2,marker,188,859.48
1,10f,3.0,0.4,15.0,1868.3,1585.52,marker,130,1695.74
1,10f,3.0,0.5,15.0,1868.3,1528.57,marker,247,2093.63
1,11a,0.5,0.3,1.0,254.9,505.13,marker,87,515.12
1,11a,1.0,0.3,1.0,254.9,389.5,marker,46,1216.62
1,11a,1.5,0.3,1.0,254.9,265.95,marker,188,1966.2
1,11a,2.0,0.3,1.0,254.9,377.29,marker,140,1290.72
1,11a,2.5,0.3,1.0,254.9,357.2,marker,174,1412.61
1,11a,3.0,0.3,1.0,254.9,476.55,marker,177,688.47
1,11a,0.5,0.3,2.0,391.6,479.79,marker,122,668.86
1,11a,1.0,0.3,2.0,391.6,371.82,marker,136,1323.9
1,11a,1.5,0.3,2.0,391.6,223.81,marker,284,2221.84
1,11a,2.0,0.3,2.0,391.6,294.05,marker,59,1795.7
1,11a,2.5,0.3,2.0,391.6,346.19,marker,128,1479.39
1,11a,3.0,0.3,2.0,391.6,438.3,marker,86,920.54
1,11a,0.5,0.3,3.0,528.3,444.79,marker,53,881.16
1,11a,1.0,0.3,3.0,528.3,351.0,marker,43,1450.19
1,11a,1.5,0.3,3.0,528.3,197.59,marker,246,2380.9
1,11a,2.0,0.3,3.0,528.3,252.04,marker,130,2050.58
1,11a,2.5,0.3,3.0,528.3,329.7,marker,142,1579.39
1,11a,3.0,0.3,3.0,528.3,428.86,marker,138,977.86
1,11a,0.5,0.3,4.0,665.0,415.57,marker,53,1058.48
1,11a,1.0,0.3,4.0,665.0,345.72,marker,134,1482.25
1,11a,1.5,0.3,4.0,665.0,186.4,marker,178,2448.78
1,11a,2.0,0.3,4.0,665.0,205.97,marker,79,2330.05
1,11a,2.5,0.3,4.0,665.0,312.86,marker,138,1681.62
1,11a,3.0,0.3,4.0,665.0,396.05,marker,96,1176.87
1,11a,0.5,0.3,5.0,801.7,414.15,marker,93,1067.07
1,11a,1.0,0.3,5.0,801.7,317.8,marker,66,1651.6
1,11a,1.5,0.3,5.0,801.7,162.05,marker,144,2596.54
1,11a,2.0,0.3,5.0,801.7,205.17,marker,103,2334.9
1,11a,2.5,0.3,5.0,801.7,279.24,marker,72,1885.58
1,11a,3.0,0.3,5.0,801.7,392.51,marker,76,1198.34
