study,subset,composition,filler_wt_pct,bto_wt_pct,is_pristine,force,force_unit,freq_Hz,voltage,voltage_unit,source_figure,x_px,y_px,reading
shi2025,force,PVDF-TrFE,0.0,0.0,1,10,N,0.2,0.1065,V,Fig. 4c,1504.2,457.0,full
shi2025,force,PVDF-TrFE,0.0,0.0,1,20,N,0.2,0.2633,V,Fig. 4c,1556.6,430.5,full
shi2025,force,PVDF-TrFE,0.0,0.0,1,30,N,0.2,0.3698,V,Fig. 4c,1609.0,412.5,full
shi2025,force,PVDF-TrFE,0.0,0.0,1,40,N,0.2,0.432,V,Fig. 4c,1661.3,402.0,full
shi2025,force,PVDF-TrFE,0.0,0.0,1,50,N,0.2,0.4941,V,Fig. 4c,1713.7,391.5,full
shi2025,force,PVDF-TrFE,0.0,0.0,1,60,N,0.2,0.568,V,Fig. 4c,1766.1,379.0,full
shi2025,force,PVDF-TrFE,0.0,0.0,1,70,N,0.2,0.6538,V,Fig. 4c,1818.5,364.5,full
shi2025,force,PVDF-TrFE,0.0,0.0,1,80,N,0.2,0.7485,V,Fig. 4c,1870.9,348.5,full
shi2025,force,PVDF-TrFE,0.0,0.0,1,90,N,0.2,0.8432,V,Fig. 4c,1923.2,332.5,full
shi2025,force,PVDF-TrFE,0.0,0.0,1,100,N,0.2,0.9379,V,Fig. 4c,1975.6,316.5,full
shi2025,force,PB-5,0.0,5.0,0,40,N,0.2,0.9763,V,Fig. 4c,1661.3,310.0,full
shi2025,force,PB-5,0.0,5.0,0,70,N,0.2,1.3195,V,Fig. 4c,1818.5,252.0,full
shi2025,force,PB-5,0.0,5.0,0,80,N,0.2,1.4704,V,Fig. 4c,1870.9,226.5,full
shi2025,force,PB-5,0.0,5.0,0,90,N,0.2,1.6598,V,Fig. 4c,1923.2,194.5,full
shi2025,force,PB-5,0.0,5.0,0,100,N,0.2,1.8343,V,Fig. 4c,1975.6,165.0,full
shi2025,force,PBC-1,1.0,0.0,0,20,N,0.2,0.4867,V,Fig. 4c,1556.6,392.8,bottom_edge
shi2025,force,PBC-1,1.0,0.0,0,50,N,0.2,1.0015,V,Fig. 4c,1713.7,305.8,bottom_edge
shi2025,force,PBC-1,1.0,0.0,0,60,N,0.2,1.1006,V,Fig. 4c,1766.1,289.0,full
shi2025,force,PBC-1,1.0,0.0,0,70,N,0.2,1.2278,V,Fig. 4c,1818.5,267.5,full
shi2025,force,PBC-1,1.0,0.0,0,80,N,0.2,1.3521,V,Fig. 4c,1870.9,246.5,full
shi2025,force,PBC-1,1.0,0.0,0,90,N,0.2,1.5621,V,Fig. 4c,1923.2,211.0,full
shi2025,force,PBC-1,1.0,0.0,0,100,N,0.2,1.7426,V,Fig. 4c,1975.6,180.5,full
shi2025,force,PBC-2.5,2.5,0.0,0,20,N,0.2,0.5385,V,Fig. 4c,1556.6,384.0,full
shi2025,force,PBC-2.5,2.5,0.0,0,30,N,0.2,0.7663,V,Fig. 4c,1609.0,345.5,full
shi2025,force,PBC-2.5,2.5,0.0,0,40,N,0.2,0.8876,V,Fig. 4c,1661.3,325.0,full
shi2025,force,PBC-2.5,2.5,0.0,0,50,N,0.2,1.0473,V,Fig. 4c,1713.7,298.0,full
shi2025,force,PBC-2.5,2.5,0.0,0,70,N,0.2,1.4453,V,Fig. 4c,1818.5,230.8,bottom_edge
shi2025,force,PBC-2.5,2.5,0.0,0,80,N,0.2,1.6524,V,Fig. 4c,1870.9,195.8,bottom_edge
shi2025,force,PBC-2.5,2.5,0.0,0,90,N,0.2,1.8417,V,Fig. 4c,1923.2,163.8,bottom_edge
shi2025,force,PBC-2.5,2.5,0.0,0,100,N,0.2,2.0118,V,Fig. 4c,1975.6,135.0,full
shi2025,force,PBC-5,5.0,0.0,0,10,N,0.2,0.318,V,Fig. 4c,1504.2,421.2,top_edge
shi2025,force,PBC-5,5.0,0.0,0,20,N,0.2,0.6953,V,Fig. 4c,1556.6,357.5,full
shi2025,force,PBC-5,5.0,0.0,0,30,N,0.2,0.9763,V,Fig. 4c,1609.0,310.0,full
shi2025,force,PBC-5,5.0,0.0,0,40,N,0.2,1.1302,V,Fig. 4c,1661.3,284.0,full
shi2025,force,PBC-5,5.0,0.0,0,50,N,0.2,1.2929,V,Fig. 4c,1713.7,256.5,full
shi2025,force,PBC-5,5.0,0.0,0,60,N,0.2,1.5178,V,Fig. 4c,1766.1,218.5,full
shi2025,force,PBC-5,5.0,0.0,0,70,N,0.2,1.7426,V,Fig. 4c,1818.5,180.5,full
shi2025,force,PBC-5,5.0,0.0,0,80,N,0.2,2.0207,V,Fig. 4c,1870.9,133.5,full
shi2025,force,PBC-5,5.0,0.0,0,90,N,0.2,2.2426,V,Fig. 4c,1923.2,96.0,full
shi2025,force,PBC-5,5.0,0.0,0,100,N,0.2,2.4438,V,Fig. 4c,1975.6,62.0,full
shi2025,force,PBC-7.5,7.5,0.0,0,10,N,0.2,0.284,V,Fig. 4c,1504.2,427.0,full
shi2025,force,PBC-7.5,7.5,0.0,0,20,N,0.2,0.642,V,Fig. 4c,1556.6,366.5,full
shi2025,force,PBC-7.5,7.5,0.0,0,30,N,0.2,0.9024,V,Fig. 4c,1609.0,322.5,full
shi2025,force,PBC-7.5,7.5,0.0,0,40,N,0.2,1.0592,V,Fig. 4c,1661.3,296.0,full
shi2025,force,PBC-7.5,7.5,0.0,0,50,N,0.2,1.1775,V,Fig. 4c,1713.7,276.0,full
shi2025,force,PBC-7.5,7.5,0.0,0,60,N,0.2,1.2899,V,Fig. 4c,1766.1,257.0,full
shi2025,force,PBC-7.5,7.5,0.0,0,70,N,0.2,1.4734,V,Fig. 4c,1818.5,226.0,full
shi2025,force,PBC-7.5,7.5,0.0,0,80,N,0.2,1.6598,V,Fig. 4c,1870.9,194.5,full
shi2025,force,PBC-7.5,7.5,0.0,0,90,N,0.2,1.8817,V,Fig. 4c,1923.2,157.0,full
shi2025,force,PBC-7.5,7.5,0.0,0,100,N,0.2,2.1095,V,Fig. 4c,1975.6,118.5,full
