composition,frequency_Hz,D
PVDF,1000,0.00476
PVDF,5995,0.00473
PVDF,10990,0.00546
PVDF,15985,0.00594
PVDF,20980,0.00673
PVDF,25975,0.00701
PVDF,30970,0.0076
PVDF,35965,0.00825
PVDF,40960,0.00858
PVDF,45955,0.00909
PVDF,50950,0.00948
PVDF,55945,0.01002
PVDF,60940,0.01046
PVDF,65935,0.01075
PVDF,70930,0.01114
PVDF,75925,0.0115
PVDF,80920,0.01189
PVDF,85915,0.01226
PVDF,90910,0.0126
PVDF,95905,0.01299
PVDF,100900,0.01329
PVDF,105900,0.01364
PVDF,110890,0.01388
PVDF,115890,0.0142
PVDF,120880,0.01448
PVDF,125880,0.01479
PVDF,130870,0.01504
PVDF,135870,0.01534
PVDF,140860,0.01571
PVDF,145860,0.01591
PVDF,150850,0.01619
PVDF,155850,0.01646
PVDF,160840,0.01667
PVDF,165840,0.01697
PVDF,170830,0.01722
PVDF,175830,0.01745
PVDF,180820,0.01768
PVDF,185820,0.01791
PVDF,190810,0.01817
PVDF,195810,0.01838
PVDF,200800,0.01864
PVDF,205800,0.01891
PVDF,210790,0.01909
PVDF,215790,0.01932
PVDF,220780,0.01954
PVDF,225780,0.01976
PVDF,230770,0.01995
PVDF,235770,0.02017
PVDF,240760,0.02038
PVDF,245760,0.02057
PVDF,250750,0.02078
PVDF,255750,0.02098
PVDF,260740,0.02116
PVDF,265740,0.02134
PVDF,270730,0.02153
PVDF,275730,0.02174
PVDF,280720,0.02192
PVDF,285720,0.02207
PVDF,290710,0.02225
PVDF,295710,0.02244
PVDF,300700,0.02267
PVDF,305700,0.02284
PVDF,310690,0.02302
PVDF,315690,0.02321
PVDF,320680,0.02336
PVDF,325680,0.02355
PVDF,330670,0.02371
PVDF,335670,0.02389
PVDF,340660,0.02406
PVDF,345660,0.02421
PVDF,350650,0.02439
PVDF,355650,0.02455
PVDF,360640,0.02468
PVDF,365640,0.02486
PVDF,370630,0.02503
PVDF,375630,0.02518
PVDF,380620,0.02534
PVDF,385620,0.02549
PVDF,390610,0.02565
PVDF,395610,0.0258
PVDF,400600,0.02596
PVDF,405600,0.02611
PVDF,410590,0.02626
PVDF,415590,0.02641
PVDF,420580,0.02657
PVDF,425580,0.0267
PVDF,430570,0.02685
PVDF,435570,0.02701
PVDF,440560,0.02714
PVDF,445560,0.02729
PVDF,450550,0.02743
PVDF,455550,0.02756
PVDF,460540,0.0277
PVDF,465540,0.02784
PVDF,470530,0.02797
PVDF,475530,0.02812
PVDF,480520,0.02825
PVDF,485520,0.02839
PVDF,490510,0.0285
PVDF,495510,0.02863
PVDF,500500,0.02878
PVDF,505500,0.02892
PVDF,510490,0.02905
PVDF,515490,0.02918
PVDF,520480,0.02931
PVDF,525480,0.02942
PVDF,530470,0.02956
PVDF,535470,0.02968
PVDF,540460,0.0298
PVDF,545460,0.02992
PVDF,550450,0.03005
PVDF,555450,0.03017
PVDF,560440,0.0303
PVDF,565440,0.0304
PVDF,570430,0.03053
PVDF,575430,0.03065
PVDF,580420,0.03077
PVDF,585420,0.03088
PVDF,590410,0.031
PVDF,595410,0.03112
PVDF,600400,0.03122
PVDF,605400,0.03134
PVDF,610390,0.03146
PVDF,615390,0.03156
PVDF,620380,0.03168
PVDF,625380,0.03179
PVDF,630370,0.03189
PVDF,635370,0.03201
PVDF,640360,0.03212
PVDF,645360,0.03221
PVDF,650350,0.03232
PVDF,655350,0.03242
PVDF,660340,0.03253
PVDF,665340,0.03263
PVDF,670330,0.03273
PVDF,675330,0.03285
PVDF,680320,0.03295
PVDF,685320,0.03307
PVDF,690310,0.03316
PVDF,695310,0.03326
PVDF,700300,0.03338
PVDF,705300,0.03346
PVDF,710290,0.03357
PVDF,715290,0.03368
PVDF,720280,0.03377
PVDF,725280,0.03388
PVDF,730270,0.03398
PVDF,735270,0.03409
PVDF,740260,0.03418
PVDF,745260,0.03429
PVDF,750250,0.03439
PVDF,755250,0.03449
PVDF,760240,0.03456
PVDF,765240,0.03466
PVDF,770230,0.03478
PVDF,775230,0.03488
PVDF,780220,0.03495
PVDF,785220,0.03507
PVDF,790210,0.03515
PVDF,795210,0.03526
PVDF,800200,0.03534
PVDF,805200,0.03543
PVDF,810190,0.0355
PVDF,815190,0.03561
PVDF,820180,0.03568
PVDF,825180,0.03579
PVDF,830170,0.03587
PVDF,835170,0.03596
PVDF,840160,0.03603
PVDF,845160,0.03613
PVDF,850150,0.03622
PVDF,855150,0.0363
PVDF,860140,0.03638
PVDF,865140,0.03646
PVDF,870130,0.03657
PVDF,875130,0.03664
PVDF,880120,0.03671
PVDF,885120,0.03681
PVDF,890110,0.03688
PVDF,895110,0.03696
PVDF,900100,0.03705
PVDF,905100,0.03713
PVDF,910090,0.0372
PVDF,915090,0.03728
PVDF,920080,0.03736
PVDF,925080,0.03745
PVDF,930070,0.03752
PVDF,935070,0.03758
PVDF,940060,0.03768
PVDF,945060,0.03776
PVDF,950050,0.03784
PVDF,955050,0.0379
PVDF,960040,0.03798
PVDF,965040,0.03805
PVDF,970030,0.03813
PVDF,975030,0.03822
PVDF,980020,0.03827
PVDF,985020,0.03836
PVDF,990010,0.03842
PVDF,995010,0.03849
PVDF,1000000,0.03849
PVDF/BaTiO3,1000,0.00791
PVDF/BaTiO3,5995,0.00694
PVDF/BaTiO3,10990,0.00672
PVDF/BaTiO3,15985,0.00723
PVDF/BaTiO3,20980,0.00791
PVDF/BaTiO3,25975,0.00796
PVDF/BaTiO3,30970,0.00833
PVDF/BaTiO3,35965,0.00874
PVDF/BaTiO3,40960,0.00894
PVDF/BaTiO3,45955,0.0092
PVDF/BaTiO3,50950,0.00952
PVDF/BaTiO3,55945,0.00991
PVDF/BaTiO3,60940,0.01027
PVDF/BaTiO3,65935,0.01045
PVDF/BaTiO3,70930,0.0107
PVDF/BaTiO3,75925,0.011
PVDF/BaTiO3,80920,0.01124
PVDF/BaTiO3,85915,0.01155
PVDF/BaTiO3,90910,0.01178
PVDF/BaTiO3,95905,0.01206
PVDF/BaTiO3,100900,0.01246
PVDF/BaTiO3,105900,0.01257
PVDF/BaTiO3,110890,0.0129
PVDF/BaTiO3,115890,0.01306
PVDF/BaTiO3,120880,0.01336
PVDF/BaTiO3,125880,0.01353
PVDF/BaTiO3,130870,0.0138
PVDF/BaTiO3,135870,0.01394
PVDF/BaTiO3,140860,0.01424
PVDF/BaTiO3,145860,0.01448
PVDF/BaTiO3,150850,0.01472
PVDF/BaTiO3,155850,0.01488
PVDF/BaTiO3,160840,0.01508
PVDF/BaTiO3,165840,0.01527
PVDF/BaTiO3,170830,0.01549
PVDF/BaTiO3,175830,0.01563
PVDF/BaTiO3,180820,0.01583
PVDF/BaTiO3,185820,0.01604
PVDF/BaTiO3,190810,0.01622
PVDF/BaTiO3,195810,0.0164
PVDF/BaTiO3,200800,0.0166
PVDF/BaTiO3,205800,0.01676
PVDF/BaTiO3,210790,0.01695
PVDF/BaTiO3,215790,0.01713
PVDF/BaTiO3,220780,0.01728
PVDF/BaTiO3,225780,0.01747
PVDF/BaTiO3,230770,0.01761
PVDF/BaTiO3,235770,0.01775
PVDF/BaTiO3,240760,0.01794
PVDF/BaTiO3,245760,0.01805
PVDF/BaTiO3,250750,0.01824
PVDF/BaTiO3,255750,0.01839
PVDF/BaTiO3,260740,0.01852
PVDF/BaTiO3,265740,0.01868
PVDF/BaTiO3,270730,0.01883
PVDF/BaTiO3,275730,0.01897
PVDF/BaTiO3,280720,0.01912
PVDF/BaTiO3,285720,0.01925
PVDF/BaTiO3,290710,0.01938
PVDF/BaTiO3,295710,0.01953
PVDF/BaTiO3,300700,0.01971
PVDF/BaTiO3,305700,0.01983
PVDF/BaTiO3,310690,0.01998
PVDF/BaTiO3,315690,0.02012
PVDF/BaTiO3,320680,0.02025
PVDF/BaTiO3,325680,0.02039
PVDF/BaTiO3,330670,0.02052
PVDF/BaTiO3,335670,0.02065
PVDF/BaTiO3,340660,0.02078
PVDF/BaTiO3,345660,0.02091
PVDF/BaTiO3,350650,0.02104
PVDF/BaTiO3,355650,0.02117
PVDF/BaTiO3,360640,0.02125
PVDF/BaTiO3,365640,0.02137
PVDF/BaTiO3,370630,0.02149
PVDF/BaTiO3,375630,0.02164
PVDF/BaTiO3,380620,0.02174
PVDF/BaTiO3,385620,0.02187
PVDF/BaTiO3,390610,0.02196
PVDF/BaTiO3,395610,0.02209
PVDF/BaTiO3,400600,0.02224
PVDF/BaTiO3,405600,0.02234
PVDF/BaTiO3,410590,0.02249
PVDF/BaTiO3,415590,0.02256
PVDF/BaTiO3,420580,0.02267
PVDF/BaTiO3,425580,0.02281
PVDF/BaTiO3,430570,0.02291
PVDF/BaTiO3,435570,0.02301
PVDF/BaTiO3,440560,0.02311
PVDF/BaTiO3,445560,0.02323
PVDF/BaTiO3,450550,0.02334
PVDF/BaTiO3,455550,0.02345
PVDF/BaTiO3,460540,0.02355
PVDF/BaTiO3,465540,0.02365
PVDF/BaTiO3,470530,0.02374
PVDF/BaTiO3,475530,0.02384
PVDF/BaTiO3,480520,0.02394
PVDF/BaTiO3,485520,0.02403
PVDF/BaTiO3,490510,0.02415
PVDF/BaTiO3,495510,0.02424
PVDF/BaTiO3,500500,0.02436
PVDF/BaTiO3,505500,0.02446
PVDF/BaTiO3,510490,0.02457
PVDF/BaTiO3,515490,0.02467
PVDF/BaTiO3,520480,0.02477
PVDF/BaTiO3,525480,0.02486
PVDF/BaTiO3,530470,0.02496
PVDF/BaTiO3,535470,0.02505
PVDF/BaTiO3,540460,0.02513
PVDF/BaTiO3,545460,0.02524
PVDF/BaTiO3,550450,0.02533
PVDF/BaTiO3,555450,0.02543
PVDF/BaTiO3,560440,0.02552
PVDF/BaTiO3,565440,0.02561
PVDF/BaTiO3,570430,0.0257
PVDF/BaTiO3,575430,0.0258
PVDF/BaTiO3,580420,0.02586
PVDF/BaTiO3,585420,0.02597
PVDF/BaTiO3,590410,0.02604
PVDF/BaTiO3,595410,0.02613
PVDF/BaTiO3,600400,0.02621
PVDF/BaTiO3,605400,0.02631
PVDF/BaTiO3,610390,0.02639
PVDF/BaTiO3,615390,0.02647
PVDF/BaTiO3,620380,0.02656
PVDF/BaTiO3,625380,0.02664
PVDF/BaTiO3,630370,0.02674
PVDF/BaTiO3,635370,0.0268
PVDF/BaTiO3,640360,0.02689
PVDF/BaTiO3,645360,0.02697
PVDF/BaTiO3,650350,0.02704
PVDF/BaTiO3,655350,0.02713
PVDF/BaTiO3,660340,0.0272
PVDF/BaTiO3,665340,0.02729
PVDF/BaTiO3,670330,0.02736
PVDF/BaTiO3,675330,0.02744
PVDF/BaTiO3,680320,0.02752
PVDF/BaTiO3,685320,0.02759
PVDF/BaTiO3,690310,0.02767
PVDF/BaTiO3,695310,0.02775
PVDF/BaTiO3,700300,0.02784
PVDF/BaTiO3,705300,0.02792
PVDF/BaTiO3,710290,0.02799
PVDF/BaTiO3,715290,0.02808
PVDF/BaTiO3,720280,0.02814
PVDF/BaTiO3,725280,0.02822
PVDF/BaTiO3,730270,0.0283
PVDF/BaTiO3,735270,0.02837
PVDF/BaTiO3,740260,0.02846
PVDF/BaTiO3,745260,0.02854
PVDF/BaTiO3,750250,0.0286
PVDF/BaTiO3,755250,0.02868
PVDF/BaTiO3,760240,0.02876
PVDF/BaTiO3,765240,0.02883
PVDF/BaTiO3,770230,0.02889
PVDF/BaTiO3,775230,0.02898
PVDF/BaTiO3,780220,0.02903
PVDF/BaTiO3,785220,0.02911
PVDF/BaTiO3,790210,0.02918
PVDF/BaTiO3,795210,0.02924
PVDF/BaTiO3,800200,0.02931
PVDF/BaTiO3,805200,0.02938
PVDF/BaTiO3,810190,0.02944
PVDF/BaTiO3,815190,0.02952
PVDF/BaTiO3,820180,0.02959
PVDF/BaTiO3,825180,0.02964
PVDF/BaTiO3,830170,0.02972
PVDF/BaTiO3,835170,0.02978
PVDF/BaTiO3,840160,0.02986
PVDF/BaTiO3,845160,0.02993
PVDF/BaTiO3,850150,0.02997
PVDF/BaTiO3,855150,0.03005
PVDF/BaTiO3,860140,0.03012
PVDF/BaTiO3,865140,0.03019
PVDF/BaTiO3,870130,0.03025
PVDF/BaTiO3,875130,0.03031
PVDF/BaTiO3,880120,0.03036
PVDF/BaTiO3,885120,0.03044
PVDF/BaTiO3,890110,0.03049
PVDF/BaTiO3,895110,0.03056
PVDF/BaTiO3,900100,0.03062
PVDF/BaTiO3,905100,0.03068
PVDF/BaTiO3,910090,0.03073
PVDF/BaTiO3,915090,0.03079
PVDF/BaTiO3,920080,0.03087
PVDF/BaTiO3,925080,0.03092
PVDF/BaTiO3,930070,0.03098
PVDF/BaTiO3,935070,0.03102
PVDF/BaTiO3,940060,0.03109
PVDF/BaTiO3,945060,0.03115
PVDF/BaTiO3,950050,0.0312
PVDF/BaTiO3,955050,0.03125
PVDF/BaTiO3,960040,0.03133
PVDF/BaTiO3,965040,0.03139
PVDF/BaTiO3,970030,0.03143
PVDF/BaTiO3,975030,0.03148
PVDF/BaTiO3,980020,0.03154
PVDF/BaTiO3,985020,0.03159
PVDF/BaTiO3,990010,0.03166
PVDF/BaTiO3,995010,0.03171
PVDF/BaTiO3,1000000,0.03176
PVDF/BaTiO3/1wt%MWCNT,1000,0.00602
PVDF/BaTiO3/1wt%MWCNT,5995,0.00552
PVDF/BaTiO3/1wt%MWCNT,10990,0.00594
PVDF/BaTiO3/1wt%MWCNT,15985,0.00622
PVDF/BaTiO3/1wt%MWCNT,20980,0.007
PVDF/BaTiO3/1wt%MWCNT,25975,0.00715
PVDF/BaTiO3/1wt%MWCNT,30970,0.00748
PVDF/BaTiO3/1wt%MWCNT,35965,0.0081
PVDF/BaTiO3/1wt%MWCNT,40960,0.00831
PVDF/BaTiO3/1wt%MWCNT,45955,0.00866
PVDF/BaTiO3/1wt%MWCNT,50950,0.00902
PVDF/BaTiO3/1wt%MWCNT,55945,0.00939
PVDF/BaTiO3/1wt%MWCNT,60940,0.00974
PVDF/BaTiO3/1wt%MWCNT,65935,0.01002
PVDF/BaTiO3/1wt%MWCNT,70930,0.01024
PVDF/BaTiO3/1wt%MWCNT,75925,0.01055
PVDF/BaTiO3/1wt%MWCNT,80920,0.01082
PVDF/BaTiO3/1wt%MWCNT,85915,0.0111
PVDF/BaTiO3/1wt%MWCNT,90910,0.01138
PVDF/BaTiO3/1wt%MWCNT,95905,0.01168
PVDF/BaTiO3/1wt%MWCNT,100900,0.012
PVDF/BaTiO3/1wt%MWCNT,105900,0.01221
PVDF/BaTiO3/1wt%MWCNT,110890,0.01249
PVDF/BaTiO3/1wt%MWCNT,115890,0.01271
PVDF/BaTiO3/1wt%MWCNT,120880,0.01293
PVDF/BaTiO3/1wt%MWCNT,125880,0.01315
PVDF/BaTiO3/1wt%MWCNT,130870,0.01332
PVDF/BaTiO3/1wt%MWCNT,135870,0.01352
PVDF/BaTiO3/1wt%MWCNT,140860,0.01381
PVDF/BaTiO3/1wt%MWCNT,145860,0.01402
PVDF/BaTiO3/1wt%MWCNT,150850,0.01424
PVDF/BaTiO3/1wt%MWCNT,155850,0.01442
PVDF/BaTiO3/1wt%MWCNT,160840,0.01465
PVDF/BaTiO3/1wt%MWCNT,165840,0.01482
PVDF/BaTiO3/1wt%MWCNT,170830,0.01497
PVDF/BaTiO3/1wt%MWCNT,175830,0.01521
PVDF/BaTiO3/1wt%MWCNT,180820,0.01538
PVDF/BaTiO3/1wt%MWCNT,185820,0.01555
PVDF/BaTiO3/1wt%MWCNT,190810,0.01571
PVDF/BaTiO3/1wt%MWCNT,195810,0.01589
PVDF/BaTiO3/1wt%MWCNT,200800,0.01614
PVDF/BaTiO3/1wt%MWCNT,205800,0.01632
PVDF/BaTiO3/1wt%MWCNT,210790,0.01651
PVDF/BaTiO3/1wt%MWCNT,215790,0.01666
PVDF/BaTiO3/1wt%MWCNT,220780,0.01681
PVDF/BaTiO3/1wt%MWCNT,225780,0.01702
PVDF/BaTiO3/1wt%MWCNT,230770,0.01717
PVDF/BaTiO3/1wt%MWCNT,235770,0.01736
PVDF/BaTiO3/1wt%MWCNT,240760,0.01748
PVDF/BaTiO3/1wt%MWCNT,245760,0.01762
PVDF/BaTiO3/1wt%MWCNT,250750,0.01777
PVDF/BaTiO3/1wt%MWCNT,255750,0.01794
PVDF/BaTiO3/1wt%MWCNT,260740,0.01811
PVDF/BaTiO3/1wt%MWCNT,265740,0.01822
PVDF/BaTiO3/1wt%MWCNT,270730,0.01837
PVDF/BaTiO3/1wt%MWCNT,275730,0.01852
PVDF/BaTiO3/1wt%MWCNT,280720,0.01864
PVDF/BaTiO3/1wt%MWCNT,285720,0.0188
PVDF/BaTiO3/1wt%MWCNT,290710,0.01894
PVDF/BaTiO3/1wt%MWCNT,295710,0.01906
PVDF/BaTiO3/1wt%MWCNT,300700,0.01925
PVDF/BaTiO3/1wt%MWCNT,305700,0.01938
PVDF/BaTiO3/1wt%MWCNT,310690,0.01954
PVDF/BaTiO3/1wt%MWCNT,315690,0.01966
PVDF/BaTiO3/1wt%MWCNT,320680,0.01978
PVDF/BaTiO3/1wt%MWCNT,325680,0.01995
PVDF/BaTiO3/1wt%MWCNT,330670,0.02007
PVDF/BaTiO3/1wt%MWCNT,335670,0.02022
PVDF/BaTiO3/1wt%MWCNT,340660,0.02033
PVDF/BaTiO3/1wt%MWCNT,345660,0.02045
PVDF/BaTiO3/1wt%MWCNT,350650,0.02058
PVDF/BaTiO3/1wt%MWCNT,355650,0.02071
PVDF/BaTiO3/1wt%MWCNT,360640,0.02082
PVDF/BaTiO3/1wt%MWCNT,365640,0.02096
PVDF/BaTiO3/1wt%MWCNT,370630,0.02108
PVDF/BaTiO3/1wt%MWCNT,375630,0.02119
PVDF/BaTiO3/1wt%MWCNT,380620,0.02131
PVDF/BaTiO3/1wt%MWCNT,385620,0.02144
PVDF/BaTiO3/1wt%MWCNT,390610,0.02154
PVDF/BaTiO3/1wt%MWCNT,395610,0.02167
PVDF/BaTiO3/1wt%MWCNT,400600,0.02181
PVDF/BaTiO3/1wt%MWCNT,405600,0.02194
PVDF/BaTiO3/1wt%MWCNT,410590,0.02203
PVDF/BaTiO3/1wt%MWCNT,415590,0.02218
PVDF/BaTiO3/1wt%MWCNT,420580,0.02226
PVDF/BaTiO3/1wt%MWCNT,425580,0.0224
PVDF/BaTiO3/1wt%MWCNT,430570,0.0225
PVDF/BaTiO3/1wt%MWCNT,435570,0.02261
PVDF/BaTiO3/1wt%MWCNT,440560,0.02272
PVDF/BaTiO3/1wt%MWCNT,445560,0.02283
PVDF/BaTiO3/1wt%MWCNT,450550,0.02294
PVDF/BaTiO3/1wt%MWCNT,455550,0.02304
PVDF/BaTiO3/1wt%MWCNT,460540,0.02316
PVDF/BaTiO3/1wt%MWCNT,465540,0.02327
PVDF/BaTiO3/1wt%MWCNT,470530,0.02337
PVDF/BaTiO3/1wt%MWCNT,475530,0.02347
PVDF/BaTiO3/1wt%MWCNT,480520,0.02356
PVDF/BaTiO3/1wt%MWCNT,485520,0.02367
PVDF/BaTiO3/1wt%MWCNT,490510,0.02377
PVDF/BaTiO3/1wt%MWCNT,495510,0.02388
PVDF/BaTiO3/1wt%MWCNT,500500,0.024
PVDF/BaTiO3/1wt%MWCNT,505500,0.02411
PVDF/BaTiO3/1wt%MWCNT,510490,0.0242
PVDF/BaTiO3/1wt%MWCNT,515490,0.02431
PVDF/BaTiO3/1wt%MWCNT,520480,0.02441
PVDF/BaTiO3/1wt%MWCNT,525480,0.02452
PVDF/BaTiO3/1wt%MWCNT,530470,0.0246
PVDF/BaTiO3/1wt%MWCNT,535470,0.02471
PVDF/BaTiO3/1wt%MWCNT,540460,0.0248
PVDF/BaTiO3/1wt%MWCNT,545460,0.02491
PVDF/BaTiO3/1wt%MWCNT,550450,0.025
PVDF/BaTiO3/1wt%MWCNT,555450,0.02509
PVDF/BaTiO3/1wt%MWCNT,560440,0.02519
PVDF/BaTiO3/1wt%MWCNT,565440,0.02528
PVDF/BaTiO3/1wt%MWCNT,570430,0.02539
PVDF/BaTiO3/1wt%MWCNT,575430,0.02547
PVDF/BaTiO3/1wt%MWCNT,580420,0.02556
PVDF/BaTiO3/1wt%MWCNT,585420,0.02566
PVDF/BaTiO3/1wt%MWCNT,590410,0.02574
PVDF/BaTiO3/1wt%MWCNT,595410,0.02584
PVDF/BaTiO3/1wt%MWCNT,600400,0.02593
PVDF/BaTiO3/1wt%MWCNT,605400,0.02602
PVDF/BaTiO3/1wt%MWCNT,610390,0.02612
PVDF/BaTiO3/1wt%MWCNT,615390,0.02619
PVDF/BaTiO3/1wt%MWCNT,620380,0.02628
PVDF/BaTiO3/1wt%MWCNT,625380,0.02637
PVDF/BaTiO3/1wt%MWCNT,630370,0.02647
PVDF/BaTiO3/1wt%MWCNT,635370,0.02655
PVDF/BaTiO3/1wt%MWCNT,640360,0.02664
PVDF/BaTiO3/1wt%MWCNT,645360,0.02673
PVDF/BaTiO3/1wt%MWCNT,650350,0.0268
PVDF/BaTiO3/1wt%MWCNT,655350,0.02688
PVDF/BaTiO3/1wt%MWCNT,660340,0.02697
PVDF/BaTiO3/1wt%MWCNT,665340,0.02706
PVDF/BaTiO3/1wt%MWCNT,670330,0.02714
PVDF/BaTiO3/1wt%MWCNT,675330,0.02722
PVDF/BaTiO3/1wt%MWCNT,680320,0.02731
PVDF/BaTiO3/1wt%MWCNT,685320,0.02739
PVDF/BaTiO3/1wt%MWCNT,690310,0.02748
PVDF/BaTiO3/1wt%MWCNT,695310,0.02755
PVDF/BaTiO3/1wt%MWCNT,700300,0.02765
PVDF/BaTiO3/1wt%MWCNT,705300,0.02773
PVDF/BaTiO3/1wt%MWCNT,710290,0.02782
PVDF/BaTiO3/1wt%MWCNT,715290,0.0279
PVDF/BaTiO3/1wt%MWCNT,720280,0.02798
PVDF/BaTiO3/1wt%MWCNT,725280,0.02805
PVDF/BaTiO3/1wt%MWCNT,730270,0.02814
PVDF/BaTiO3/1wt%MWCNT,735270,0.02823
PVDF/BaTiO3/1wt%MWCNT,740260,0.02829
PVDF/BaTiO3/1wt%MWCNT,745260,0.02837
PVDF/BaTiO3/1wt%MWCNT,750250,0.02847
PVDF/BaTiO3/1wt%MWCNT,755250,0.02854
PVDF/BaTiO3/1wt%MWCNT,760240,0.02861
PVDF/BaTiO3/1wt%MWCNT,765240,0.02869
PVDF/BaTiO3/1wt%MWCNT,770230,0.02875
PVDF/BaTiO3/1wt%MWCNT,775230,0.02884
PVDF/BaTiO3/1wt%MWCNT,780220,0.02891
PVDF/BaTiO3/1wt%MWCNT,785220,0.02898
PVDF/BaTiO3/1wt%MWCNT,790210,0.02908
PVDF/BaTiO3/1wt%MWCNT,795210,0.02915
PVDF/BaTiO3/1wt%MWCNT,800200,0.0292
PVDF/BaTiO3/1wt%MWCNT,805200,0.02931
PVDF/BaTiO3/1wt%MWCNT,810190,0.02936
PVDF/BaTiO3/1wt%MWCNT,815190,0.02944
PVDF/BaTiO3/1wt%MWCNT,820180,0.0295
PVDF/BaTiO3/1wt%MWCNT,825180,0.02958
PVDF/BaTiO3/1wt%MWCNT,830170,0.02964
PVDF/BaTiO3/1wt%MWCNT,835170,0.02971
PVDF/BaTiO3/1wt%MWCNT,840160,0.02975
PVDF/BaTiO3/1wt%MWCNT,845160,0.02986
PVDF/BaTiO3/1wt%MWCNT,850150,0.02993
PVDF/BaTiO3/1wt%MWCNT,855150,0.02999
PVDF/BaTiO3/1wt%MWCNT,860140,0.03006
PVDF/BaTiO3/1wt%MWCNT,865140,0.03013
PVDF/BaTiO3/1wt%MWCNT,870130,0.03017
PVDF/BaTiO3/1wt%MWCNT,875130,0.03025
PVDF/BaTiO3/1wt%MWCNT,880120,0.03032
PVDF/BaTiO3/1wt%MWCNT,885120,0.03038
PVDF/BaTiO3/1wt%MWCNT,890110,0.03046
PVDF/BaTiO3/1wt%MWCNT,895110,0.0305
PVDF/BaTiO3/1wt%MWCNT,900100,0.03057
PVDF/BaTiO3/1wt%MWCNT,905100,0.03064
PVDF/BaTiO3/1wt%MWCNT,910090,0.03071
PVDF/BaTiO3/1wt%MWCNT,915090,0.03076
PVDF/BaTiO3/1wt%MWCNT,920080,0.03083
PVDF/BaTiO3/1wt%MWCNT,925080,0.03089
PVDF/BaTiO3/1wt%MWCNT,930070,0.03096
PVDF/BaTiO3/1wt%MWCNT,935070,0.03102
PVDF/BaTiO3/1wt%MWCNT,940060,0.03106
PVDF/BaTiO3/1wt%MWCNT,945060,0.03113
PVDF/BaTiO3/1wt%MWCNT,950050,0.03119
PVDF/BaTiO3/1wt%MWCNT,955050,0.03125
PVDF/BaTiO3/1wt%MWCNT,960040,0.03131
PVDF/BaTiO3/1wt%MWCNT,965040,0.03137
PVDF/BaTiO3/1wt%MWCNT,970030,0.03142
PVDF/BaTiO3/1wt%MWCNT,975030,0.0315
PVDF/BaTiO3/1wt%MWCNT,980020,0.03156
PVDF/BaTiO3/1wt%MWCNT,985020,0.03162
PVDF/BaTiO3/1wt%MWCNT,990010,0.03166
PVDF/BaTiO3/1wt%MWCNT,995010,0.03172
PVDF/BaTiO3/1wt%MWCNT,1000000,0.03179
PVDF/BaTiO3/2wt%MWCNT,1000,0.00695
PVDF/BaTiO3/2wt%MWCNT,5995,0.00613
PVDF/BaTiO3/2wt%MWCNT,10990,0.00669
PVDF/BaTiO3/2wt%MWCNT,15985,0.00713
PVDF/BaTiO3/2wt%MWCNT,20980,0.00788
PVDF/BaTiO3/2wt%MWCNT,25975,0.0081
PVDF/BaTiO3/2wt%MWCNT,30970,0.0086
PVDF/BaTiO3/2wt%MWCNT,35965,0.00913
PVDF/BaTiO3/2wt%MWCNT,40960,0.00945
PVDF/BaTiO3/2wt%MWCNT,45955,0.00985
PVDF/BaTiO3/2wt%MWCNT,50950,0.01021
PVDF/BaTiO3/2wt%MWCNT,55945,0.01069
PVDF/BaTiO3/2wt%MWCNT,60940,0.01104
PVDF/BaTiO3/2wt%MWCNT,65935,0.01141
PVDF/BaTiO3/2wt%MWCNT,70930,0.01168
PVDF/BaTiO3/2wt%MWCNT,75925,0.01205
PVDF/BaTiO3/2wt%MWCNT,80920,0.01236
PVDF/BaTiO3/2wt%MWCNT,85915,0.01268
PVDF/BaTiO3/2wt%MWCNT,90910,0.013
PVDF/BaTiO3/2wt%MWCNT,95905,0.01339
PVDF/BaTiO3/2wt%MWCNT,100900,0.01372
PVDF/BaTiO3/2wt%MWCNT,105900,0.01397
PVDF/BaTiO3/2wt%MWCNT,110890,0.01421
PVDF/BaTiO3/2wt%MWCNT,115890,0.01446
PVDF/BaTiO3/2wt%MWCNT,120880,0.01474
PVDF/BaTiO3/2wt%MWCNT,125880,0.015
PVDF/BaTiO3/2wt%MWCNT,130870,0.01529
PVDF/BaTiO3/2wt%MWCNT,135870,0.01553
PVDF/BaTiO3/2wt%MWCNT,140860,0.01584
PVDF/BaTiO3/2wt%MWCNT,145860,0.01608
PVDF/BaTiO3/2wt%MWCNT,150850,0.01634
PVDF/BaTiO3/2wt%MWCNT,155850,0.01657
PVDF/BaTiO3/2wt%MWCNT,160840,0.01676
PVDF/BaTiO3/2wt%MWCNT,165840,0.01705
PVDF/BaTiO3/2wt%MWCNT,170830,0.01723
PVDF/BaTiO3/2wt%MWCNT,175830,0.01745
PVDF/BaTiO3/2wt%MWCNT,180820,0.01764
PVDF/BaTiO3/2wt%MWCNT,185820,0.01785
PVDF/BaTiO3/2wt%MWCNT,190810,0.01807
PVDF/BaTiO3/2wt%MWCNT,195810,0.01831
PVDF/BaTiO3/2wt%MWCNT,200800,0.01854
PVDF/BaTiO3/2wt%MWCNT,205800,0.01878
PVDF/BaTiO3/2wt%MWCNT,210790,0.01898
PVDF/BaTiO3/2wt%MWCNT,215790,0.01917
PVDF/BaTiO3/2wt%MWCNT,220780,0.01936
PVDF/BaTiO3/2wt%MWCNT,225780,0.01956
PVDF/BaTiO3/2wt%MWCNT,230770,0.01975
PVDF/BaTiO3/2wt%MWCNT,235770,0.01994
PVDF/BaTiO3/2wt%MWCNT,240760,0.02011
PVDF/BaTiO3/2wt%MWCNT,245760,0.0203
PVDF/BaTiO3/2wt%MWCNT,250750,0.02048
PVDF/BaTiO3/2wt%MWCNT,255750,0.02068
PVDF/BaTiO3/2wt%MWCNT,260740,0.02085
PVDF/BaTiO3/2wt%MWCNT,265740,0.02102
PVDF/BaTiO3/2wt%MWCNT,270730,0.02119
PVDF/BaTiO3/2wt%MWCNT,275730,0.02136
PVDF/BaTiO3/2wt%MWCNT,280720,0.02153
PVDF/BaTiO3/2wt%MWCNT,285720,0.02171
PVDF/BaTiO3/2wt%MWCNT,290710,0.02186
PVDF/BaTiO3/2wt%MWCNT,295710,0.02201
PVDF/BaTiO3/2wt%MWCNT,300700,0.02224
PVDF/BaTiO3/2wt%MWCNT,305700,0.02238
PVDF/BaTiO3/2wt%MWCNT,310690,0.02255
PVDF/BaTiO3/2wt%MWCNT,315690,0.02274
PVDF/BaTiO3/2wt%MWCNT,320680,0.02289
PVDF/BaTiO3/2wt%MWCNT,325680,0.02303
PVDF/BaTiO3/2wt%MWCNT,330670,0.02318
PVDF/BaTiO3/2wt%MWCNT,335670,0.02337
PVDF/BaTiO3/2wt%MWCNT,340660,0.0235
PVDF/BaTiO3/2wt%MWCNT,345660,0.02366
PVDF/BaTiO3/2wt%MWCNT,350650,0.02381
PVDF/BaTiO3/2wt%MWCNT,355650,0.02395
PVDF/BaTiO3/2wt%MWCNT,360640,0.0241
PVDF/BaTiO3/2wt%MWCNT,365640,0.02425
PVDF/BaTiO3/2wt%MWCNT,370630,0.02439
PVDF/BaTiO3/2wt%MWCNT,375630,0.02455
PVDF/BaTiO3/2wt%MWCNT,380620,0.02468
PVDF/BaTiO3/2wt%MWCNT,385620,0.02482
PVDF/BaTiO3/2wt%MWCNT,390610,0.02496
PVDF/BaTiO3/2wt%MWCNT,395610,0.02508
PVDF/BaTiO3/2wt%MWCNT,400600,0.02527
PVDF/BaTiO3/2wt%MWCNT,405600,0.0254
PVDF/BaTiO3/2wt%MWCNT,410590,0.02554
PVDF/BaTiO3/2wt%MWCNT,415590,0.02567
PVDF/BaTiO3/2wt%MWCNT,420580,0.0258
PVDF/BaTiO3/2wt%MWCNT,425580,0.02596
PVDF/BaTiO3/2wt%MWCNT,430570,0.02606
PVDF/BaTiO3/2wt%MWCNT,435570,0.02621
PVDF/BaTiO3/2wt%MWCNT,440560,0.02633
PVDF/BaTiO3/2wt%MWCNT,445560,0.02648
PVDF/BaTiO3/2wt%MWCNT,450550,0.02659
PVDF/BaTiO3/2wt%MWCNT,455550,0.02671
PVDF/BaTiO3/2wt%MWCNT,460540,0.02685
PVDF/BaTiO3/2wt%MWCNT,465540,0.02698
PVDF/BaTiO3/2wt%MWCNT,470530,0.02709
PVDF/BaTiO3/2wt%MWCNT,475530,0.02723
PVDF/BaTiO3/2wt%MWCNT,480520,0.02734
PVDF/BaTiO3/2wt%MWCNT,485520,0.02748
PVDF/BaTiO3/2wt%MWCNT,490510,0.02759
PVDF/BaTiO3/2wt%MWCNT,495510,0.02772
PVDF/BaTiO3/2wt%MWCNT,500500,0.02784
PVDF/BaTiO3/2wt%MWCNT,505500,0.02796
PVDF/BaTiO3/2wt%MWCNT,510490,0.02809
PVDF/BaTiO3/2wt%MWCNT,515490,0.0282
PVDF/BaTiO3/2wt%MWCNT,520480,0.02831
PVDF/BaTiO3/2wt%MWCNT,525480,0.02844
PVDF/BaTiO3/2wt%MWCNT,530470,0.02856
PVDF/BaTiO3/2wt%MWCNT,535470,0.02867
PVDF/BaTiO3/2wt%MWCNT,540460,0.02878
PVDF/BaTiO3/2wt%MWCNT,545460,0.0289
PVDF/BaTiO3/2wt%MWCNT,550450,0.02901
PVDF/BaTiO3/2wt%MWCNT,555450,0.02911
PVDF/BaTiO3/2wt%MWCNT,560440,0.02922
PVDF/BaTiO3/2wt%MWCNT,565440,0.02934
PVDF/BaTiO3/2wt%MWCNT,570430,0.02946
PVDF/BaTiO3/2wt%MWCNT,575430,0.02955
PVDF/BaTiO3/2wt%MWCNT,580420,0.02965
PVDF/BaTiO3/2wt%MWCNT,585420,0.02977
PVDF/BaTiO3/2wt%MWCNT,590410,0.02987
PVDF/BaTiO3/2wt%MWCNT,595410,0.02997
PVDF/BaTiO3/2wt%MWCNT,600400,0.03008
PVDF/BaTiO3/2wt%MWCNT,605400,0.03019
PVDF/BaTiO3/2wt%MWCNT,610390,0.03029
PVDF/BaTiO3/2wt%MWCNT,615390,0.03038
PVDF/BaTiO3/2wt%MWCNT,620380,0.03049
PVDF/BaTiO3/2wt%MWCNT,625380,0.03058
PVDF/BaTiO3/2wt%MWCNT,630370,0.0307
PVDF/BaTiO3/2wt%MWCNT,635370,0.0308
PVDF/BaTiO3/2wt%MWCNT,640360,0.03089
PVDF/BaTiO3/2wt%MWCNT,645360,0.03098
PVDF/BaTiO3/2wt%MWCNT,650350,0.03109
PVDF/BaTiO3/2wt%MWCNT,655350,0.03117
PVDF/BaTiO3/2wt%MWCNT,660340,0.03128
PVDF/BaTiO3/2wt%MWCNT,665340,0.03136
PVDF/BaTiO3/2wt%MWCNT,670330,0.03146
PVDF/BaTiO3/2wt%MWCNT,675330,0.03156
PVDF/BaTiO3/2wt%MWCNT,680320,0.03165
PVDF/BaTiO3/2wt%MWCNT,685320,0.03175
PVDF/BaTiO3/2wt%MWCNT,690310,0.03184
PVDF/BaTiO3/2wt%MWCNT,695310,0.03195
PVDF/BaTiO3/2wt%MWCNT,700300,0.03203
PVDF/BaTiO3/2wt%MWCNT,705300,0.03211
PVDF/BaTiO3/2wt%MWCNT,710290,0.03223
PVDF/BaTiO3/2wt%MWCNT,715290,0.03231
PVDF/BaTiO3/2wt%MWCNT,720280,0.0324
PVDF/BaTiO3/2wt%MWCNT,725280,0.03251
PVDF/BaTiO3/2wt%MWCNT,730270,0.03261
PVDF/BaTiO3/2wt%MWCNT,735270,0.0327
PVDF/BaTiO3/2wt%MWCNT,740260,0.03279
PVDF/BaTiO3/2wt%MWCNT,745260,0.03287
PVDF/BaTiO3/2wt%MWCNT,750250,0.03296
PVDF/BaTiO3/2wt%MWCNT,755250,0.03307
PVDF/BaTiO3/2wt%MWCNT,760240,0.03314
PVDF/BaTiO3/2wt%MWCNT,765240,0.03322
PVDF/BaTiO3/2wt%MWCNT,770230,0.03334
PVDF/BaTiO3/2wt%MWCNT,775230,0.03342
PVDF/BaTiO3/2wt%MWCNT,780220,0.03348
PVDF/BaTiO3/2wt%MWCNT,785220,0.03358
PVDF/BaTiO3/2wt%MWCNT,790210,0.03366
PVDF/BaTiO3/2wt%MWCNT,795210,0.03376
PVDF/BaTiO3/2wt%MWCNT,800200,0.03384
PVDF/BaTiO3/2wt%MWCNT,805200,0.03394
PVDF/BaTiO3/2wt%MWCNT,810190,0.03399
PVDF/BaTiO3/2wt%MWCNT,815190,0.03408
PVDF/BaTiO3/2wt%MWCNT,820180,0.03415
PVDF/BaTiO3/2wt%MWCNT,825180,0.03423
PVDF/BaTiO3/2wt%MWCNT,830170,0.03431
PVDF/BaTiO3/2wt%MWCNT,835170,0.03441
PVDF/BaTiO3/2wt%MWCNT,840160,0.03448
PVDF/BaTiO3/2wt%MWCNT,845160,0.03452
PVDF/BaTiO3/2wt%MWCNT,850150,0.03465
PVDF/BaTiO3/2wt%MWCNT,855150,0.03472
PVDF/BaTiO3/2wt%MWCNT,860140,0.03479
PVDF/BaTiO3/2wt%MWCNT,865140,0.03486
PVDF/BaTiO3/2wt%MWCNT,870130,0.03495
PVDF/BaTiO3/2wt%MWCNT,875130,0.03503
PVDF/BaTiO3/2wt%MWCNT,880120,0.0351
PVDF/BaTiO3/2wt%MWCNT,885120,0.03517
PVDF/BaTiO3/2wt%MWCNT,890110,0.03524
PVDF/BaTiO3/2wt%MWCNT,895110,0.03532
PVDF/BaTiO3/2wt%MWCNT,900100,0.03539
PVDF/BaTiO3/2wt%MWCNT,905100,0.03546
PVDF/BaTiO3/2wt%MWCNT,910090,0.03553
PVDF/BaTiO3/2wt%MWCNT,915090,0.03561
PVDF/BaTiO3/2wt%MWCNT,920080,0.03568
PVDF/BaTiO3/2wt%MWCNT,925080,0.03576
PVDF/BaTiO3/2wt%MWCNT,930070,0.03581
PVDF/BaTiO3/2wt%MWCNT,935070,0.03589
PVDF/BaTiO3/2wt%MWCNT,940060,0.03597
PVDF/BaTiO3/2wt%MWCNT,945060,0.03604
PVDF/BaTiO3/2wt%MWCNT,950050,0.03611
PVDF/BaTiO3/2wt%MWCNT,955050,0.03617
PVDF/BaTiO3/2wt%MWCNT,960040,0.03624
PVDF/BaTiO3/2wt%MWCNT,965040,0.03631
PVDF/BaTiO3/2wt%MWCNT,970030,0.03638
PVDF/BaTiO3/2wt%MWCNT,975030,0.03644
PVDF/BaTiO3/2wt%MWCNT,980020,0.03652
PVDF/BaTiO3/2wt%MWCNT,985020,0.03656
PVDF/BaTiO3/2wt%MWCNT,990010,0.03663
PVDF/BaTiO3/2wt%MWCNT,995010,0.0367
PVDF/BaTiO3/2wt%MWCNT,1000000,0.03677
PVDF/BaTiO3/3wt%MWCNT,1000,0.00657
PVDF/BaTiO3/3wt%MWCNT,5995,0.00623
PVDF/BaTiO3/3wt%MWCNT,10990,0.00685
PVDF/BaTiO3/3wt%MWCNT,15985,0.00745
PVDF/BaTiO3/3wt%MWCNT,20980,0.00828
PVDF/BaTiO3/3wt%MWCNT,25975,0.00851
PVDF/BaTiO3/3wt%MWCNT,30970,0.00888
PVDF/BaTiO3/3wt%MWCNT,35965,0.0096
PVDF/BaTiO3/3wt%MWCNT,40960,0.00991
PVDF/BaTiO3/3wt%MWCNT,45955,0.01031
PVDF/BaTiO3/3wt%MWCNT,50950,0.01072
PVDF/BaTiO3/3wt%MWCNT,55945,0.01126
PVDF/BaTiO3/3wt%MWCNT,60940,0.0116
PVDF/BaTiO3/3wt%MWCNT,65935,0.01189
PVDF/BaTiO3/3wt%MWCNT,70930,0.0122
PVDF/BaTiO3/3wt%MWCNT,75925,0.01258
PVDF/BaTiO3/3wt%MWCNT,80920,0.01293
PVDF/BaTiO3/3wt%MWCNT,85915,0.01328
PVDF/BaTiO3/3wt%MWCNT,90910,0.01361
PVDF/BaTiO3/3wt%MWCNT,95905,0.01394
PVDF/BaTiO3/3wt%MWCNT,100900,0.01423
PVDF/BaTiO3/3wt%MWCNT,105900,0.01456
PVDF/BaTiO3/3wt%MWCNT,110890,0.01483
PVDF/BaTiO3/3wt%MWCNT,115890,0.01508
PVDF/BaTiO3/3wt%MWCNT,120880,0.01534
PVDF/BaTiO3/3wt%MWCNT,125880,0.01563
PVDF/BaTiO3/3wt%MWCNT,130870,0.01587
PVDF/BaTiO3/3wt%MWCNT,135870,0.01608
PVDF/BaTiO3/3wt%MWCNT,140860,0.01644
PVDF/BaTiO3/3wt%MWCNT,145860,0.01671
PVDF/BaTiO3/3wt%MWCNT,150850,0.01691
PVDF/BaTiO3/3wt%MWCNT,155850,0.01718
PVDF/BaTiO3/3wt%MWCNT,160840,0.01742
PVDF/BaTiO3/3wt%MWCNT,165840,0.01757
PVDF/BaTiO3/3wt%MWCNT,170830,0.01783
PVDF/BaTiO3/3wt%MWCNT,175830,0.01808
PVDF/BaTiO3/3wt%MWCNT,180820,0.01827
PVDF/BaTiO3/3wt%MWCNT,185820,0.01849
PVDF/BaTiO3/3wt%MWCNT,190810,0.01869
PVDF/BaTiO3/3wt%MWCNT,195810,0.0189
PVDF/BaTiO3/3wt%MWCNT,200800,0.01914
PVDF/BaTiO3/3wt%MWCNT,205800,0.01938
PVDF/BaTiO3/3wt%MWCNT,210790,0.01958
PVDF/BaTiO3/3wt%MWCNT,215790,0.01977
PVDF/BaTiO3/3wt%MWCNT,220780,0.01998
PVDF/BaTiO3/3wt%MWCNT,225780,0.02014
PVDF/BaTiO3/3wt%MWCNT,230770,0.02035
PVDF/BaTiO3/3wt%MWCNT,235770,0.02056
PVDF/BaTiO3/3wt%MWCNT,240760,0.02072
PVDF/BaTiO3/3wt%MWCNT,245760,0.0209
PVDF/BaTiO3/3wt%MWCNT,250750,0.02107
PVDF/BaTiO3/3wt%MWCNT,255750,0.02127
PVDF/BaTiO3/3wt%MWCNT,260740,0.02144
PVDF/BaTiO3/3wt%MWCNT,265740,0.02161
PVDF/BaTiO3/3wt%MWCNT,270730,0.02177
PVDF/BaTiO3/3wt%MWCNT,275730,0.02193
PVDF/BaTiO3/3wt%MWCNT,280720,0.0221
PVDF/BaTiO3/3wt%MWCNT,285720,0.02225
PVDF/BaTiO3/3wt%MWCNT,290710,0.02241
PVDF/BaTiO3/3wt%MWCNT,295710,0.02258
PVDF/BaTiO3/3wt%MWCNT,300700,0.02279
PVDF/BaTiO3/3wt%MWCNT,305700,0.02295
PVDF/BaTiO3/3wt%MWCNT,310690,0.0231
PVDF/BaTiO3/3wt%MWCNT,315690,0.02326
PVDF/BaTiO3/3wt%MWCNT,320680,0.0234
PVDF/BaTiO3/3wt%MWCNT,325680,0.02356
PVDF/BaTiO3/3wt%MWCNT,330670,0.02372
PVDF/BaTiO3/3wt%MWCNT,335670,0.02387
PVDF/BaTiO3/3wt%MWCNT,340660,0.02401
PVDF/BaTiO3/3wt%MWCNT,345660,0.02416
PVDF/BaTiO3/3wt%MWCNT,350650,0.02432
PVDF/BaTiO3/3wt%MWCNT,355650,0.02443
PVDF/BaTiO3/3wt%MWCNT,360640,0.0246
PVDF/BaTiO3/3wt%MWCNT,365640,0.02474
PVDF/BaTiO3/3wt%MWCNT,370630,0.02488
PVDF/BaTiO3/3wt%MWCNT,375630,0.02501
PVDF/BaTiO3/3wt%MWCNT,380620,0.02514
PVDF/BaTiO3/3wt%MWCNT,385620,0.0253
PVDF/BaTiO3/3wt%MWCNT,390610,0.02542
PVDF/BaTiO3/3wt%MWCNT,395610,0.02555
PVDF/BaTiO3/3wt%MWCNT,400600,0.0257
PVDF/BaTiO3/3wt%MWCNT,405600,0.02582
PVDF/BaTiO3/3wt%MWCNT,410590,0.02598
PVDF/BaTiO3/3wt%MWCNT,415590,0.02609
PVDF/BaTiO3/3wt%MWCNT,420580,0.02623
PVDF/BaTiO3/3wt%MWCNT,425580,0.02636
PVDF/BaTiO3/3wt%MWCNT,430570,0.02648
PVDF/BaTiO3/3wt%MWCNT,435570,0.02659
PVDF/BaTiO3/3wt%MWCNT,440560,0.02672
PVDF/BaTiO3/3wt%MWCNT,445560,0.02685
PVDF/BaTiO3/3wt%MWCNT,450550,0.02697
PVDF/BaTiO3/3wt%MWCNT,455550,0.02709
PVDF/BaTiO3/3wt%MWCNT,460540,0.02721
PVDF/BaTiO3/3wt%MWCNT,465540,0.02733
PVDF/BaTiO3/3wt%MWCNT,470530,0.02745
PVDF/BaTiO3/3wt%MWCNT,475530,0.02756
PVDF/BaTiO3/3wt%MWCNT,480520,0.02768
PVDF/BaTiO3/3wt%MWCNT,485520,0.02778
PVDF/BaTiO3/3wt%MWCNT,490510,0.0279
PVDF/BaTiO3/3wt%MWCNT,495510,0.02801
PVDF/BaTiO3/3wt%MWCNT,500500,0.02814
PVDF/BaTiO3/3wt%MWCNT,505500,0.02825
PVDF/BaTiO3/3wt%MWCNT,510490,0.02836
PVDF/BaTiO3/3wt%MWCNT,515490,0.02847
PVDF/BaTiO3/3wt%MWCNT,520480,0.02858
PVDF/BaTiO3/3wt%MWCNT,525480,0.0287
PVDF/BaTiO3/3wt%MWCNT,530470,0.02881
PVDF/BaTiO3/3wt%MWCNT,535470,0.02891
PVDF/BaTiO3/3wt%MWCNT,540460,0.02902
PVDF/BaTiO3/3wt%MWCNT,545460,0.02912
PVDF/BaTiO3/3wt%MWCNT,550450,0.02921
PVDF/BaTiO3/3wt%MWCNT,555450,0.02933
PVDF/BaTiO3/3wt%MWCNT,560440,0.02942
PVDF/BaTiO3/3wt%MWCNT,565440,0.02953
PVDF/BaTiO3/3wt%MWCNT,570430,0.02963
PVDF/BaTiO3/3wt%MWCNT,575430,0.02973
PVDF/BaTiO3/3wt%MWCNT,580420,0.02983
PVDF/BaTiO3/3wt%MWCNT,585420,0.02992
PVDF/BaTiO3/3wt%MWCNT,590410,0.03002
PVDF/BaTiO3/3wt%MWCNT,595410,0.03012
PVDF/BaTiO3/3wt%MWCNT,600400,0.03022
PVDF/BaTiO3/3wt%MWCNT,605400,0.03031
PVDF/BaTiO3/3wt%MWCNT,610390,0.03041
PVDF/BaTiO3/3wt%MWCNT,615390,0.0305
PVDF/BaTiO3/3wt%MWCNT,620380,0.03059
PVDF/BaTiO3/3wt%MWCNT,625380,0.03069
PVDF/BaTiO3/3wt%MWCNT,630370,0.03077
PVDF/BaTiO3/3wt%MWCNT,635370,0.03086
PVDF/BaTiO3/3wt%MWCNT,640360,0.03095
PVDF/BaTiO3/3wt%MWCNT,645360,0.03104
PVDF/BaTiO3/3wt%MWCNT,650350,0.03114
PVDF/BaTiO3/3wt%MWCNT,655350,0.03122
PVDF/BaTiO3/3wt%MWCNT,660340,0.03131
PVDF/BaTiO3/3wt%MWCNT,665340,0.03139
PVDF/BaTiO3/3wt%MWCNT,670330,0.03146
PVDF/BaTiO3/3wt%MWCNT,675330,0.03156
PVDF/BaTiO3/3wt%MWCNT,680320,0.03164
PVDF/BaTiO3/3wt%MWCNT,685320,0.03173
PVDF/BaTiO3/3wt%MWCNT,690310,0.03183
PVDF/BaTiO3/3wt%MWCNT,695310,0.03191
PVDF/BaTiO3/3wt%MWCNT,700300,0.03201
PVDF/BaTiO3/3wt%MWCNT,705300,0.03208
PVDF/BaTiO3/3wt%MWCNT,710290,0.03214
PVDF/BaTiO3/3wt%MWCNT,715290,0.03225
PVDF/BaTiO3/3wt%MWCNT,720280,0.03234
PVDF/BaTiO3/3wt%MWCNT,725280,0.03242
PVDF/BaTiO3/3wt%MWCNT,730270,0.0325
PVDF/BaTiO3/3wt%MWCNT,735270,0.03257
PVDF/BaTiO3/3wt%MWCNT,740260,0.03266
PVDF/BaTiO3/3wt%MWCNT,745260,0.03275
PVDF/BaTiO3/3wt%MWCNT,750250,0.03283
PVDF/BaTiO3/3wt%MWCNT,755250,0.03291
PVDF/BaTiO3/3wt%MWCNT,760240,0.033
PVDF/BaTiO3/3wt%MWCNT,765240,0.03306
PVDF/BaTiO3/3wt%MWCNT,770230,0.03314
PVDF/BaTiO3/3wt%MWCNT,775230,0.03323
PVDF/BaTiO3/3wt%MWCNT,780220,0.03331
PVDF/BaTiO3/3wt%MWCNT,785220,0.03338
PVDF/BaTiO3/3wt%MWCNT,790210,0.03344
PVDF/BaTiO3/3wt%MWCNT,795210,0.03353
PVDF/BaTiO3/3wt%MWCNT,800200,0.0336
PVDF/BaTiO3/3wt%MWCNT,805200,0.03367
PVDF/BaTiO3/3wt%MWCNT,810190,0.03375
PVDF/BaTiO3/3wt%MWCNT,815190,0.03381
PVDF/BaTiO3/3wt%MWCNT,820180,0.03389
PVDF/BaTiO3/3wt%MWCNT,825180,0.03393
PVDF/BaTiO3/3wt%MWCNT,830170,0.03404
PVDF/BaTiO3/3wt%MWCNT,835170,0.03411
PVDF/BaTiO3/3wt%MWCNT,840160,0.03414
PVDF/BaTiO3/3wt%MWCNT,845160,0.03424
PVDF/BaTiO3/3wt%MWCNT,850150,0.03433
PVDF/BaTiO3/3wt%MWCNT,855150,0.03437
PVDF/BaTiO3/3wt%MWCNT,860140,0.03445
PVDF/BaTiO3/3wt%MWCNT,865140,0.03452
PVDF/BaTiO3/3wt%MWCNT,870130,0.03459
PVDF/BaTiO3/3wt%MWCNT,875130,0.03465
PVDF/BaTiO3/3wt%MWCNT,880120,0.03471
PVDF/BaTiO3/3wt%MWCNT,885120,0.03479
PVDF/BaTiO3/3wt%MWCNT,890110,0.03486
PVDF/BaTiO3/3wt%MWCNT,895110,0.0349
PVDF/BaTiO3/3wt%MWCNT,900100,0.03496
PVDF/BaTiO3/3wt%MWCNT,905100,0.03504
PVDF/BaTiO3/3wt%MWCNT,910090,0.03509
PVDF/BaTiO3/3wt%MWCNT,915090,0.03516
PVDF/BaTiO3/3wt%MWCNT,920080,0.0352
PVDF/BaTiO3/3wt%MWCNT,925080,0.03528
PVDF/BaTiO3/3wt%MWCNT,930070,0.03535
PVDF/BaTiO3/3wt%MWCNT,935070,0.03539
PVDF/BaTiO3/3wt%MWCNT,940060,0.03546
PVDF/BaTiO3/3wt%MWCNT,945060,0.03552
PVDF/BaTiO3/3wt%MWCNT,950050,0.03559
PVDF/BaTiO3/3wt%MWCNT,955050,0.03564
PVDF/BaTiO3/3wt%MWCNT,960040,0.03569
PVDF/BaTiO3/3wt%MWCNT,965040,0.03575
PVDF/BaTiO3/3wt%MWCNT,970030,0.03581
PVDF/BaTiO3/3wt%MWCNT,975030,0.03586
PVDF/BaTiO3/3wt%MWCNT,980020,0.03591
PVDF/BaTiO3/3wt%MWCNT,985020,0.03598
PVDF/BaTiO3/3wt%MWCNT,990010,0.03603
PVDF/BaTiO3/3wt%MWCNT,995010,0.03608
PVDF/BaTiO3/3wt%MWCNT,1000000,0.03615
