composition,frequency_Hz,Cp_F,Cp_pF,Cp_over_Cp_1kHz
PVDF,1000,1.5024866666666667e-10,150.24866666666668,1.0
PVDF,5995,1.4975033333333332e-10,149.75033333333332,0.99668327616884
PVDF,10990,1.4958933333333328e-10,149.5893333333333,0.9956117192387727
PVDF,15985,1.4945066666666668e-10,149.45066666666668,0.9946888047814069
PVDF,20980,1.4935133333333328e-10,149.3513333333333,0.9940276785595431
PVDF,25975,1.49268e-10,149.268,0.9934730424673763
PVDF,30970,1.4919833333333334e-10,149.19833333333335,0.9930093666943245
PVDF,35965,1.49142e-10,149.142,0.9926344326960195
PVDF,40960,1.4906433333333328e-10,149.06433333333328,0.9921175118581192
PVDF,45955,1.4900766666666667e-10,149.00766666666667,0.991740359315446
PVDF,50950,1.4895899999999999e-10,148.95899999999997,0.9914164518376202
PVDF,55945,1.4891833333333332e-10,148.91833333333332,0.9911457894246426
PVDF,60940,1.4886266666666667e-10,148.86266666666668,0.990775292515075
PVDF,65935,1.4880833333333335e-10,148.80833333333337,0.9904136697829821
PVDF,70930,1.4876466666666666e-10,148.76466666666667,0.9901230404706863
PVDF,75925,1.4872366666666667e-10,148.72366666666667,0.9898501595133401
PVDF,80920,1.4868266666666668e-10,148.68266666666668,0.9895772785559939
PVDF,85915,1.4864233333333327e-10,148.64233333333328,0.9893088346873845
PVDF,90910,1.4860766666666666e-10,148.60766666666666,0.9890781060730433
PVDF,95905,1.4858266666666667e-10,148.58266666666668,0.9889117152453932
PVDF,100900,1.4853066666666667e-10,148.53066666666666,0.9885656223238808
PVDF,105900,1.4849333333333334e-10,148.49333333333334,0.9883171453545899
PVDF,110890,1.48455e-10,148.455,0.9880620127521931
PVDF,115890,1.4841833333333334e-10,148.41833333333335,0.9878179728716395
PVDF,120880,1.4838e-10,148.38,0.9875628402692426
PVDF,125880,1.48339e-10,148.339,0.9872899593118962
PVDF,130870,1.4829933333333336e-10,148.29933333333335,0.9870259525320249
PVDF,135870,1.4826066666666668e-10,148.26066666666668,0.9867686013852591
PVDF,140860,1.4824233333333336e-10,148.24233333333336,0.9866465814449824
PVDF,145860,1.4820600000000002e-10,148.20600000000002,0.9864047601087975
PVDF,150850,1.4817166666666666e-10,148.17166666666665,0.9861762500388245
PVDF,155850,1.4813933333333328e-10,148.13933333333327,0.9859610512350633
PVDF,160840,1.4810466666666666e-10,148.10466666666665,0.985730322620722
PVDF,165840,1.4807033333333328e-10,148.07033333333328,0.9855018125507489
PVDF,170830,1.4803733333333328e-10,148.0373333333333,0.9852821766582506
PVDF,175830,1.4800933333333332e-10,148.00933333333333,0.9850958189312827
PVDF,180820,1.47972e-10,147.972,0.9848473419619919
PVDF,185820,1.4793833333333334e-10,147.93833333333333,0.9846232689807564
PVDF,190810,1.4791133333333334e-10,147.91133333333335,0.9844435668868942
PVDF,195810,1.4787566666666666e-10,147.87566666666666,0.9842061826394465
PVDF,200800,1.4786033333333334e-10,147.86033333333333,0.9841041295984878
PVDF,205800,1.4783266666666668e-10,147.83266666666668,0.9839199904158884
PVDF,210790,1.47806e-10,147.80599999999998,0.9837425068663948
PVDF,215790,1.4777699999999998e-10,147.777,0.9835494935063205
PVDF,220780,1.4774733333333335e-10,147.74733333333336,0.9833520430575092
PVDF,225780,1.4771666666666666e-10,147.71666666666667,0.9831479369755916
PVDF,230770,1.4770300000000002e-10,147.70300000000003,0.9830569766564763
PVDF,235770,1.4767166666666664e-10,147.67166666666665,0.9828484334858211
PVDF,240760,1.4764166666666667e-10,147.64166666666668,0.982648764492641
PVDF,245760,1.4761466666666667e-10,147.61466666666666,0.9824690623987788
PVDF,250750,1.475816666666667e-10,147.5816666666667,0.9822494265062809
PVDF,255750,1.4754866666666667e-10,147.54866666666666,0.9820297906137825
PVDF,260740,1.4752733333333333e-10,147.52733333333333,0.9818878037741876
PVDF,265740,1.4750233333333334e-10,147.50233333333335,0.9817214129465376
PVDF,270730,1.4747966666666667e-10,147.47966666666667,0.9815705519294681
PVDF,275730,1.4745533333333328e-10,147.45533333333327,0.9814085981905548
PVDF,280720,1.4742866666666667e-10,147.4286666666667,0.9812311146410617
PVDF,285720,1.4740200000000002e-10,147.40200000000002,0.9810536310915683
PVDF,290710,1.47377e-10,147.377,0.980887240263918
PVDF,295710,1.47351e-10,147.351,0.9807141938031618
PVDF,300700,1.4733966666666666e-10,147.33966666666666,0.9806387632946271
PVDF,305700,1.47317e-10,147.31699999999998,0.9804879022775576
PVDF,310690,1.4729333333333328e-10,147.2933333333333,0.9803303856273818
PVDF,315690,1.4727033333333334e-10,147.27033333333335,0.9801773060659441
PVDF,320680,1.4724566666666668e-10,147.2456666666667,0.9800131337826626
PVDF,325680,1.47224e-10,147.224,0.979868928398699
PVDF,330670,1.4720066666666668e-10,147.20066666666668,0.9797136302928923
PVDF,335670,1.4717633333333334e-10,147.17633333333333,0.9795516765539795
PVDF,340660,1.4715433333333328e-10,147.15433333333328,0.9794052526256469
PVDF,345660,1.4713e-10,147.13,0.9792432988867343
PVDF,350650,1.47108e-10,147.108,0.9790968749584023
PVDF,355650,1.4708633333333332e-10,147.08633333333333,0.9789526695744387
PVDF,360640,1.4706400000000002e-10,147.06400000000002,0.9788040271017381
PVDF,365640,1.4704133333333334e-10,147.04133333333334,0.9786531660846686
PVDF,370630,1.4701933333333334e-10,147.01933333333335,0.9785067421563364
PVDF,375630,1.4693933333333335e-10,146.93933333333334,0.977974291507856
PVDF,380620,1.4690533333333334e-10,146.90533333333335,0.9777479999822517
PVDF,385620,1.4688666666666663e-10,146.88666666666663,0.9776237614976059
PVDF,390610,1.46874e-10,146.874,0.9775394568115967
PVDF,395610,1.4686333333333332e-10,146.86333333333332,0.9774684633917993
PVDF,400600,1.4686333333333334e-10,146.86333333333334,0.9774684633917994
PVDF,405600,1.4685433333333334e-10,146.85433333333333,0.9774085626938454
PVDF,410590,1.4684533333333332e-10,146.84533333333331,0.9773486619958911
PVDF,415590,1.4683500000000002e-10,146.835,0.9772798871204627
PVDF,420580,1.46827e-10,146.827,0.9772266420556144
PVDF,425580,1.4681866666666666e-10,146.81866666666667,0.9771711784463977
PVDF,430570,1.4680666666666666e-10,146.80666666666667,0.9770913108491256
PVDF,435570,1.4679633333333334e-10,146.79633333333334,0.9770225359736969
PVDF,440560,1.46785e-10,146.785,0.9769471054651622
PVDF,445560,1.4677433333333328e-10,146.7743333333333,0.9768761120453644
PVDF,450550,1.4675966666666667e-10,146.75966666666667,0.9767784960931434
PVDF,455550,1.4674533333333334e-10,146.74533333333335,0.9766830986852906
PVDF,460540,1.4672833333333332e-10,146.72833333333332,0.9765699529224884
PVDF,465540,1.46711e-10,146.711,0.9764545886153178
PVDF,470530,1.46694e-10,146.694,0.9763414428525156
PVDF,475530,1.46675e-10,146.67499999999998,0.9762149858235014
PVDF,480520,1.46659e-10,146.659,0.9761084956938054
PVDF,485520,1.46642e-10,146.642,0.9759953499310031
PVDF,490510,1.4662433333333328e-10,146.62433333333328,0.9758777670794635
PVDF,495510,1.4660600000000002e-10,146.60600000000002,0.9757557471391871
PVDF,500500,1.46604e-10,146.60399999999998,0.9757424358729749
PVDF,505500,1.4658933333333334e-10,146.58933333333334,0.9756448199207537
PVDF,510490,1.4657066666666668e-10,146.57066666666668,0.9755205814361082
PVDF,515490,1.4655800000000002e-10,146.55800000000002,0.9754362767500988
PVDF,520480,1.4654233333333335e-10,146.54233333333335,0.9753320051647714
PVDF,525480,1.4652633333333332e-10,146.52633333333333,0.975225515035075
PVDF,530470,1.4651133333333335e-10,146.51133333333334,0.9751256805384851
PVDF,535470,1.46497e-10,146.497,0.9750302831306323
PVDF,540460,1.4648266666666668e-10,146.4826666666667,0.9749348857227796
PVDF,545460,1.4646666666666667e-10,146.46666666666667,0.9748283955930834
PVDF,550450,1.4645133333333332e-10,146.4513333333333,0.9747263425521246
PVDF,555450,1.4643666666666667e-10,146.43666666666667,0.9746287265999033
PVDF,560440,1.4642266666666663e-10,146.42266666666663,0.9745355477364189
PVDF,565440,1.4640766666666663e-10,146.40766666666661,0.9744357132398288
PVDF,570430,1.4639266666666668e-10,146.39266666666668,0.974335878743239
PVDF,575430,1.46378e-10,146.378,0.9742382627910176
PVDF,580420,1.4636333333333332e-10,146.36333333333332,0.974140646838796
PVDF,585420,1.46348e-10,146.348,0.9740385937978373
PVDF,590410,1.46334e-10,146.334,0.9739454149343533
PVDF,595410,1.4632e-10,146.32,0.9738522360708691
PVDF,600400,1.4630500000000002e-10,146.305,0.9737524015742792
PVDF,605400,1.4628966666666667e-10,146.28966666666668,0.9736503485333203
PVDF,610390,1.4627566666666666e-10,146.27566666666667,0.9735571696698362
PVDF,615390,1.4625899999999999e-10,146.259,0.9734462424514027
PVDF,620380,1.4624433333333328e-10,146.2443333333333,0.973348626499181
PVDF,625380,1.4622966666666668e-10,146.22966666666667,0.97325101054696
PVDF,630370,1.46215e-10,146.215,0.9731533945947385
PVDF,635370,1.4619966666666668e-10,146.19966666666667,0.9730513415537798
PVDF,640360,1.4618500000000002e-10,146.18500000000003,0.9729537256015585
PVDF,645360,1.46169e-10,146.16899999999998,0.9728472354718621
PVDF,650350,1.46155e-10,146.155,0.9727540566083781
PVDF,655350,1.4614133333333327e-10,146.14133333333328,0.9726630962892623
PVDF,660340,1.4613033333333334e-10,146.13033333333334,0.9725898843250966
PVDF,665340,1.46121e-10,146.12099999999998,0.9725277650827738
PVDF,670330,1.4611399999999998e-10,146.11399999999998,0.9724811756510316
PVDF,675330,1.4610666666666666e-10,146.10666666666665,0.972432367674921
PVDF,680320,1.4610000000000002e-10,146.10000000000002,0.9723879967875478
PVDF,685320,1.46091e-10,146.09099999999998,0.9723280960895936
PVDF,690310,1.4608166666666662e-10,146.08166666666662,0.9722659768472707
PVDF,695310,1.4607233333333335e-10,146.07233333333335,0.9722038576049483
PVDF,700300,1.4607833333333328e-10,146.0783333333333,0.9722437914035839
PVDF,705300,1.4606933333333328e-10,146.06933333333328,0.9721838907056298
PVDF,710290,1.4606166666666666e-10,146.06166666666667,0.9721328641851508
PVDF,715290,1.4605233333333334e-10,146.05233333333334,0.9720707449428281
PVDF,720280,1.4604266666666667e-10,146.04266666666666,0.9720064071561367
PVDF,725280,1.46034e-10,146.034,0.9719487250025513
PVDF,730270,1.4602533333333331e-10,146.02533333333332,0.9718910428489658
PVDF,735270,1.4601633333333334e-10,146.01633333333334,0.9718311421510119
PVDF,740260,1.4600866666666667e-10,146.00866666666667,0.9717801156305325
PVDF,745260,1.4599966666666667e-10,145.99966666666666,0.9717202149325784
PVDF,750250,1.4599e-10,145.99,0.9716558771458871
PVDF,755250,1.45982e-10,145.982,0.9716026320810389
PVDF,760240,1.4597233333333332e-10,145.97233333333332,0.9715382942943475
PVDF,765240,1.4596366666666667e-10,145.96366666666668,0.9714806121407622
PVDF,770230,1.4595466666666667e-10,145.95466666666667,0.9714207114428082
PVDF,775230,1.4594566666666667e-10,145.94566666666668,0.971360810744854
PVDF,780220,1.4593533333333332e-10,145.93533333333332,0.9712920358694253
PVDF,785220,1.4592466666666665e-10,145.92466666666664,0.9712210424496278
PVDF,790210,1.4591466666666666e-10,145.91466666666668,0.9711544861185678
PVDF,795210,1.4590433333333334e-10,145.90433333333334,0.9710857112431391
PVDF,800200,1.45893e-10,145.893,0.9710102807346044
PVDF,805200,1.4588433333333334e-10,145.88433333333336,0.9709525985810191
PVDF,810190,1.4587033333333328e-10,145.87033333333326,0.9708594197175345
PVDF,815190,1.45857e-10,145.857,0.9707706779427882
PVDF,820180,1.4584166666666666e-10,145.84166666666667,0.9706686249018294
PVDF,825180,1.4582400000000003e-10,145.82400000000004,0.9705510420502901
PVDF,830170,1.4580766666666668e-10,145.80766666666668,0.9704423333762252
PVDF,835170,1.45791e-10,145.791,0.9703314061577918
PVDF,840160,1.45772e-10,145.772,0.9702049491287775
PVDF,845160,1.45757e-10,145.757,0.9701051146321875
PVDF,850150,1.4574166666666668e-10,145.74166666666667,0.9700030615912288
PVDF,855150,1.4572733333333332e-10,145.72733333333332,0.9699076641833758
PVDF,860140,1.4571e-10,145.71,0.9697922998762052
PVDF,865140,1.4569333333333328e-10,145.69333333333327,0.9696813726577714
PVDF,870130,1.45677e-10,145.67700000000002,0.969572663983707
PVDF,875130,1.4566166666666666e-10,145.66166666666666,0.9694706109427482
PVDF,880120,1.4564533333333334e-10,145.64533333333333,0.9693619022686835
PVDF,885120,1.4562866666666666e-10,145.62866666666667,0.96925097505025
PVDF,890110,1.4560966666666668e-10,145.60966666666667,0.969124518021236
PVDF,895110,1.4559766666666668e-10,145.5976666666667,0.9690446504239639
PVDF,900100,1.4558066666666667e-10,145.58066666666667,0.9689315046611617
PVDF,905100,1.45567e-10,145.567,0.9688405443420463
PVDF,910090,1.4555133333333328e-10,145.55133333333328,0.9687362727567185
PVDF,915090,1.4553566666666667e-10,145.53566666666666,0.9686320011713914
PVDF,920080,1.4552133333333328e-10,145.52133333333327,0.9685366037635383
PVDF,925080,1.4550733333333334e-10,145.50733333333335,0.9684434249000546
PVDF,930070,1.4549333333333335e-10,145.49333333333334,0.9683502460365706
PVDF,935070,1.45479e-10,145.47899999999998,0.9682548486287176
PVDF,940060,1.4546566666666666e-10,145.46566666666666,0.9681661068539709
PVDF,945060,1.45452e-10,145.452,0.9680751465348555
PVDF,950050,1.4543866666666666e-10,145.43866666666668,0.9679864047601088
PVDF,955050,1.4542533333333328e-10,145.42533333333327,0.9678976629853617
PVDF,960040,1.4541233333333328e-10,145.41233333333327,0.9678111397549836
PVDF,965040,1.4540166666666666e-10,145.40166666666664,0.9677401463351865
PVDF,970030,1.4538933333333326e-10,145.38933333333327,0.9676580601935453
PVDF,975030,1.4537899999999998e-10,145.379,0.9675892853181169
PVDF,980020,1.4536699999999999e-10,145.367,0.9675094177208449
PVDF,985020,1.4535499999999999e-10,145.355,0.9674295501235728
PVDF,990010,1.4534266666666667e-10,145.34266666666667,0.9673474639819322
PVDF,995010,1.4533099999999999e-10,145.331,0.9672698149290286
PVDF,1000000,1.4531933333333328e-10,145.31933333333328,0.967192165876125
PVDF/BaTiO3,1000,9.676903333333334e-11,96.76903333333334,1.0
PVDF/BaTiO3,5995,9.64279e-11,96.4279,0.9964747675823291
PVDF/BaTiO3,10990,9.632523333333331e-11,96.32523333333332,0.9954138221214704
PVDF/BaTiO3,15985,9.624606666666666e-11,96.24606666666666,0.9945957229430489
PVDF/BaTiO3,20980,9.617729999999999e-11,96.17729999999999,0.9938850961619607
PVDF/BaTiO3,25975,9.612926666666668e-11,96.12926666666668,0.9933887252499165
PVDF/BaTiO3,30970,9.608653333333331e-11,96.0865333333333,0.9929471239249743
PVDF/BaTiO3,35965,9.604956666666666e-11,96.04956666666665,0.992565114666503
PVDF/BaTiO3,40960,9.60038e-11,96.0038,0.9920921672256724
PVDF/BaTiO3,45955,9.597066666666667e-11,95.97066666666667,0.9917497711905772
PVDF/BaTiO3,50950,9.594073333333334e-11,95.94073333333334,0.9914404435854307
PVDF/BaTiO3,55945,9.592013333333331e-11,95.92013333333331,0.9912275655676348
PVDF/BaTiO3,60940,9.588696666666664e-11,95.88696666666664,0.9908848250697275
PVDF/BaTiO3,65935,9.585433333333334e-11,95.85433333333334,0.9905475959768122
PVDF/BaTiO3,70930,9.58251e-11,95.82509999999999,0.9902455020907169
PVDF/BaTiO3,75925,9.580616666666664e-11,95.80616666666664,0.9900498472135194
PVDF/BaTiO3,80920,9.578276666666664e-11,95.78276666666665,0.9898080343195186
PVDF/BaTiO3,85915,9.576073333333332e-11,95.76073333333332,0.9895803444008084
PVDF/BaTiO3,90910,9.574249999999999e-11,95.74249999999999,0.9893919232426626
PVDF/BaTiO3,95905,9.573076666666667e-11,95.73076666666667,0.9892706723328503
PVDF/BaTiO3,100900,9.56981e-11,95.69810000000001,0.9889330987771225
PVDF/BaTiO3,105900,9.56785e-11,95.6785,0.9887305546436859
PVDF/BaTiO3,110890,9.566023333333332e-11,95.66023333333332,0.9885417890227278
PVDF/BaTiO3,115890,9.562523333333332e-11,95.62523333333331,0.9881801030701625
PVDF/BaTiO3,120880,9.560613333333332e-11,95.60613333333332,0.9879827258789052
PVDF/BaTiO3,125880,9.558416666666668e-11,95.58416666666668,0.9877557248858192
PVDF/BaTiO3,130870,9.556373333333332e-11,95.56373333333332,0.9875445691820832
PVDF/BaTiO3,135870,9.554383333333335e-11,95.54383333333335,0.9873389248833392
PVDF/BaTiO3,140860,9.553373333333334e-11,95.53373333333333,0.987234552651313
PVDF/BaTiO3,145860,9.551663333333331e-11,95.51663333333332,0.9870578432287737
PVDF/BaTiO3,150850,9.549956666666668e-11,95.49956666666668,0.9868814782690469
PVDF/BaTiO3,155850,9.548436666666666e-11,95.48436666666666,0.9867244032267897
PVDF/BaTiO3,160840,9.546723333333332e-11,95.46723333333333,0.9865473493414386
PVDF/BaTiO3,165840,9.545043333333332e-11,95.45043333333332,0.9863737400842072
PVDF/BaTiO3,170830,9.543046666666664e-11,95.43046666666663,0.9861674068598388
PVDF/BaTiO3,175830,9.54128e-11,95.4128,0.9859848415694965
PVDF/BaTiO3,180820,9.540016666666667e-11,95.40016666666668,0.9858542901637611
PVDF/BaTiO3,185820,9.538113333333334e-11,95.38113333333334,0.9856576018981279
PVDF/BaTiO3,190810,9.535743333333336e-11,95.35743333333336,0.9854126888388195
PVDF/BaTiO3,195810,9.533753333333336e-11,95.33753333333335,0.9852070445400752
PVDF/BaTiO3,200800,9.533533333333332e-11,95.33533333333332,0.9851843099944849
PVDF/BaTiO3,205800,9.531946666666667e-11,95.31946666666667,0.9850203456959888
PVDF/BaTiO3,210790,9.530523333333334e-11,95.30523333333333,0.984873260075279
PVDF/BaTiO3,215790,9.528743333333331e-11,95.28743333333331,0.9846893169336882
PVDF/BaTiO3,220780,9.527226666666668e-11,95.27226666666668,0.9845325863542436
PVDF/BaTiO3,225780,9.526013333333334e-11,95.26013333333333,0.9844072018906874
PVDF/BaTiO3,230770,9.524316666666667e-11,95.24316666666667,0.9842318703193963
PVDF/BaTiO3,235770,9.522773333333332e-11,95.22773333333332,0.9840723840374553
PVDF/BaTiO3,240760,9.52125e-11,95.21249999999999,0.9839149645323865
PVDF/BaTiO3,245760,9.519893333333332e-11,95.19893333333331,0.9837747681679158
PVDF/BaTiO3,250750,9.518413333333332e-11,95.18413333333332,0.9836218266794023
PVDF/BaTiO3,255750,9.516813333333332e-11,95.16813333333332,0.9834564845296583
PVDF/BaTiO3,260740,9.515903333333334e-11,95.15903333333334,0.9833624461819914
PVDF/BaTiO3,265740,9.515796666666668e-11,95.15796666666668,0.9833514233720085
PVDF/BaTiO3,270730,9.51592e-11,95.1592,0.9833641684960512
PVDF/BaTiO3,275730,9.515516666666668e-11,95.15516666666667,0.9833224884958033
PVDF/BaTiO3,280720,9.515376666666667e-11,95.15376666666667,0.9833080210577007
PVDF/BaTiO3,285720,9.514913333333331e-11,95.14913333333331,0.983260140726837
PVDF/BaTiO3,290710,9.51417e-11,95.1417,0.9831833255197686
PVDF/BaTiO3,295710,9.513119999999999e-11,95.13119999999999,0.9830748197339988
PVDF/BaTiO3,300700,9.512776666666666e-11,95.12776666666666,0.9830393400643662
PVDF/BaTiO3,305700,9.511813333333332e-11,95.11813333333332,0.9829397903117076
PVDF/BaTiO3,310690,9.511079999999999e-11,95.1108,0.982864008493075
PVDF/BaTiO3,315690,9.510066666666664e-11,95.10066666666664,0.9827592917982367
PVDF/BaTiO3,320680,9.509093333333332e-11,95.09093333333333,0.9826587086571426
PVDF/BaTiO3,325680,9.507013333333332e-11,95.07013333333332,0.9824437638624751
PVDF/BaTiO3,330670,9.505296666666666e-11,95.05296666666666,0.9822663655143121
PVDF/BaTiO3,335670,9.503079999999999e-11,95.03079999999999,0.982037297744354
PVDF/BaTiO3,340660,9.5027e-11,95.027,0.9819980289837899
PVDF/BaTiO3,345660,9.501196666666668e-11,95.01196666666668,0.9818426762555928
PVDF/BaTiO3,350650,9.49949e-11,94.9949,0.9816663112958656
PVDF/BaTiO3,355650,9.497393333333331e-11,94.9739333333333,0.9814496441871381
PVDF/BaTiO3,360640,9.49532e-11,94.95320000000001,0.9812353883180949
PVDF/BaTiO3,365640,9.493556666666664e-11,94.93556666666665,0.9810531674905639
PVDF/BaTiO3,370630,9.49247e-11,94.9247,0.9809408726138631
PVDF/BaTiO3,375630,9.491643333333334e-11,94.91643333333333,0.9808554458364952
PVDF/BaTiO3,380620,9.49095e-11,94.9095,0.9807837975716059
PVDF/BaTiO3,385620,9.490506666666666e-11,94.90506666666666,0.9807379840176144
PVDF/BaTiO3,390610,9.489193333333332e-11,94.89193333333331,0.9806022656696992
PVDF/BaTiO3,395610,9.487886666666667e-11,94.87886666666667,0.9804672362474084
PVDF/BaTiO3,400600,9.487516666666668e-11,94.87516666666669,0.9804290008752801
PVDF/BaTiO3,405600,9.48639e-11,94.8639,0.980312572444835
PVDF/BaTiO3,410590,9.488113333333334e-11,94.88113333333334,0.9804906597186221
PVDF/BaTiO3,415590,9.494163333333332e-11,94.94163333333331,0.981115859722342
PVDF/BaTiO3,420580,9.496683333333331e-11,94.96683333333331,0.9813762736081891
PVDF/BaTiO3,425580,9.49857e-11,94.9857,0.9815712395597627
PVDF/BaTiO3,430570,9.499346666666664e-11,94.99346666666663,0.9816514993949508
PVDF/BaTiO3,435570,9.497526666666664e-11,94.97526666666664,0.9814634226996167
PVDF/BaTiO3,440560,9.495753333333332e-11,94.95753333333332,0.9812801684836504
PVDF/BaTiO3,445560,9.49433e-11,94.94330000000001,0.9811330828629407
PVDF/BaTiO3,450550,9.491223333333332e-11,94.91223333333332,0.9808120435221872
PVDF/BaTiO3,455550,9.487526666666666e-11,94.87526666666666,0.9804300342637158
PVDF/BaTiO3,460540,9.486573333333332e-11,94.86573333333332,0.9803315178994931
PVDF/BaTiO3,465540,9.48633e-11,94.8633,0.9803063721142197
PVDF/BaTiO3,470530,9.485996666666667e-11,94.85996666666666,0.980271925833023
PVDF/BaTiO3,475530,9.484843333333332e-11,94.84843333333332,0.9801527417000823
PVDF/BaTiO3,480520,9.48361e-11,94.8361,0.9800252904596546
PVDF/BaTiO3,485520,9.483483333333332e-11,94.83483333333332,0.9800122008727996
PVDF/BaTiO3,490510,9.482476666666668e-11,94.82476666666668,0.9799081731035859
PVDF/BaTiO3,495510,9.481076666666668e-11,94.81076666666668,0.9797634987225597
PVDF/BaTiO3,500500,9.48e-11,94.8,0.9796522372342943
PVDF/BaTiO3,505500,9.479016666666664e-11,94.79016666666664,0.9795506207047637
PVDF/BaTiO3,510490,9.478276666666668e-11,94.78276666666669,0.9794741499605074
PVDF/BaTiO3,515490,9.476636666666668e-11,94.76636666666667,0.9793046742570196
PVDF/BaTiO3,520480,9.473426666666664e-11,94.73426666666664,0.978972956569095
PVDF/BaTiO3,525480,9.473226666666668e-11,94.73226666666667,0.9789522888003773
PVDF/BaTiO3,530470,9.473776666666667e-11,94.73776666666667,0.9790091251643518
PVDF/BaTiO3,535470,9.472633333333332e-11,94.72633333333332,0.978890974419847
PVDF/BaTiO3,540460,9.470083333333332e-11,94.70083333333332,0.9786274603686921
PVDF/BaTiO3,545460,9.468989999999999e-11,94.6899,0.978514476566367
PVDF/BaTiO3,550450,9.468716666666667e-11,94.68716666666667,0.9784862306157859
PVDF/BaTiO3,555450,9.4659e-11,94.659,0.9781951595396737
PVDF/BaTiO3,560440,9.458136666666668e-11,94.58136666666668,0.9773929056506026
PVDF/BaTiO3,565440,9.454e-11,94.54,0.9769654273009513
PVDF/BaTiO3,570430,9.454736666666667e-11,94.54736666666668,0.9770415535823961
PVDF/BaTiO3,575430,9.45566e-11,94.5566,0.9771369697813108
PVDF/BaTiO3,580420,9.454743333333331e-11,94.54743333333332,0.9770422425080197
PVDF/BaTiO3,585420,9.451416666666667e-11,94.51416666666667,0.9766984686216769
PVDF/BaTiO3,590410,9.4471e-11,94.47099999999999,0.9762523892801794
PVDF/BaTiO3,595410,9.443206666666666e-11,94.43206666666666,0.9758500567158019
PVDF/BaTiO3,600400,9.43936e-11,94.39359999999999,0.975452546630792
PVDF/BaTiO3,605400,9.437166666666668e-11,94.37166666666668,0.9752258901005177
PVDF/BaTiO3,610390,9.436133333333334e-11,94.36133333333333,0.975119106628808
PVDF/BaTiO3,615390,9.434946666666666e-11,94.34946666666666,0.9749964778677476
PVDF/BaTiO3,620380,9.433866666666668e-11,94.33866666666668,0.9748848719166704
PVDF/BaTiO3,625380,9.43265e-11,94.3265,0.9747591429903022
PVDF/BaTiO3,630370,9.43148e-11,94.3148,0.9746382365433018
PVDF/BaTiO3,635370,9.430483333333332e-11,94.30483333333332,0.9745352421625235
PVDF/BaTiO3,640360,9.429736666666666e-11,94.29736666666666,0.974458082492643
PVDF/BaTiO3,645360,9.42907e-11,94.2907,0.9743891899302496
PVDF/BaTiO3,650350,9.42815e-11,94.2815,0.9742941181941468
PVDF/BaTiO3,655350,9.427e-11,94.27,0.9741752785240182
PVDF/BaTiO3,660340,9.42617e-11,94.2617,0.9740895072838384
PVDF/BaTiO3,665340,9.42561e-11,94.2561,0.974031637531428
PVDF/BaTiO3,670330,9.425196666666664e-11,94.25196666666663,0.9739889241427436
PVDF/BaTiO3,675330,9.424643333333331e-11,94.24643333333331,0.9739317433159572
PVDF/BaTiO3,680320,9.42416e-11,94.24159999999999,0.9738817962082221
PVDF/BaTiO3,685320,9.423133333333332e-11,94.23133333333332,0.9737757016621362
PVDF/BaTiO3,690310,9.42218e-11,94.2218,0.9736771852979138
PVDF/BaTiO3,695310,9.421456666666667e-11,94.21456666666667,0.973602436867717
PVDF/BaTiO3,700300,9.421776666666666e-11,94.21776666666666,0.9736355052976656
PVDF/BaTiO3,705300,9.421203333333332e-11,94.21203333333332,0.9735762576940074
PVDF/BaTiO3,710290,9.420726666666666e-11,94.20726666666665,0.973526999511896
PVDF/BaTiO3,715290,9.419929999999999e-11,94.1993,0.9734446728998359
PVDF/BaTiO3,720280,9.418956666666664e-11,94.18956666666664,0.9733440897587413
PVDF/BaTiO3,725280,9.418456666666667e-11,94.18456666666667,0.9732924203369466
PVDF/BaTiO3,730270,9.41802e-11,94.1802,0.9732472957085789
PVDF/BaTiO3,735270,9.41751e-11,94.1751,0.9731945928983479
PVDF/BaTiO3,740260,9.416976666666666e-11,94.16976666666666,0.9731394788484331
PVDF/BaTiO3,745260,9.416296666666666e-11,94.16296666666666,0.9730692084347919
PVDF/BaTiO3,750250,9.415673333333334e-11,94.15673333333334,0.9730047938889541
PVDF/BaTiO3,755250,9.41481e-11,94.1481,0.9729155780206545
PVDF/BaTiO3,760240,9.414036666666668e-11,94.14036666666668,0.9728356626482785
PVDF/BaTiO3,765240,9.413383333333331e-11,94.13383333333331,0.9727681479371325
PVDF/BaTiO3,770230,9.412713333333334e-11,94.12713333333333,0.9726989109119274
PVDF/BaTiO3,775230,9.411873333333336e-11,94.11873333333335,0.972612106283312
PVDF/BaTiO3,780220,9.411183333333332e-11,94.11183333333332,0.9725408024812343
PVDF/BaTiO3,785220,9.410346666666668e-11,94.10346666666668,0.9724543423154309
PVDF/BaTiO3,790210,9.409866666666668e-11,94.09866666666667,0.9724047396705076
PVDF/BaTiO3,795210,9.40909e-11,94.09089999999999,0.9723244798353191
PVDF/BaTiO3,800200,9.40857e-11,94.08569999999999,0.9722707436366522
PVDF/BaTiO3,805200,9.407816666666668e-11,94.07816666666668,0.9721928950411479
PVDF/BaTiO3,810190,9.406793333333332e-11,94.06793333333331,0.9720871449578737
PVDF/BaTiO3,815190,9.40605e-11,94.0605,0.9720103297508053
PVDF/BaTiO3,820180,9.405543333333332e-11,94.05543333333331,0.971957971403386
PVDF/BaTiO3,825180,9.405029999999999e-11,94.0503,0.9719049241303432
PVDF/BaTiO3,830170,9.404776666666667e-11,94.04776666666667,0.9718787449566338
PVDF/BaTiO3,835170,9.40388e-11,94.0388,0.9717860844602146
PVDF/BaTiO3,840160,9.403333333333332e-11,94.03333333333332,0.9717295925590519
PVDF/BaTiO3,845160,9.402793333333331e-11,94.02793333333331,0.9716737895835132
PVDF/BaTiO3,850150,9.402203333333332e-11,94.02203333333333,0.9716128196657952
PVDF/BaTiO3,855150,9.401576666666668e-11,94.01576666666668,0.9715480606571456
PVDF/BaTiO3,860140,9.400383333333332e-11,94.00383333333332,0.9714247429704611
PVDF/BaTiO3,865140,9.399750000000002e-11,93.99750000000002,0.9713592950361877
PVDF/BaTiO3,870130,9.39924e-11,93.9924,0.9713065922259566
PVDF/BaTiO3,875130,9.398516666666666e-11,93.98516666666666,0.9712318437957597
PVDF/BaTiO3,880120,9.39794e-11,93.9794,0.9711722517292893
PVDF/BaTiO3,885120,9.397233333333334e-11,93.97233333333334,0.9710992256131524
PVDF/BaTiO3,890110,9.39648e-11,93.9648,0.9710213770176478
PVDF/BaTiO3,895110,9.395956666666668e-11,93.95956666666667,0.9709672963561692
PVDF/BaTiO3,900100,9.39545e-11,93.9545,0.97091493800875
PVDF/BaTiO3,905100,9.3948e-11,93.94800000000001,0.9708477677604165
PVDF/BaTiO3,910090,9.394203333333332e-11,93.94203333333331,0.9707861089170742
PVDF/BaTiO3,915090,9.393579999999999e-11,93.93579999999999,0.9707216943712365
PVDF/BaTiO3,920080,9.392946666666667e-11,93.92946666666667,0.9706562464369628
PVDF/BaTiO3,925080,9.39236e-11,93.9236,0.9705956209820565
PVDF/BaTiO3,930070,9.39166e-11,93.9166,0.9705232837915435
PVDF/BaTiO3,935070,9.390986666666667e-11,93.90986666666667,0.9704537023035261
PVDF/BaTiO3,940060,9.39023e-11,93.9023,0.9703755092452097
PVDF/BaTiO3,945060,9.38974e-11,93.8974,0.9703248732118505
PVDF/BaTiO3,950050,9.38876e-11,93.88759999999999,0.9702236011451321
PVDF/BaTiO3,955050,9.388026666666668e-11,93.88026666666669,0.9701478193264995
PVDF/BaTiO3,960040,9.387376666666664e-11,93.87376666666664,0.9700806490781655
PVDF/BaTiO3,965040,9.38677e-11,93.8677,0.9700179568463878
PVDF/BaTiO3,970030,9.386206666666666e-11,93.86206666666666,0.9699597426311652
PVDF/BaTiO3,975030,9.38526e-11,93.85260000000001,0.9698619151925668
PVDF/BaTiO3,980020,9.384643333333336e-11,93.84643333333337,0.9697981895723531
PVDF/BaTiO3,985020,9.383953333333332e-11,93.83953333333332,0.9697268857702755
PVDF/BaTiO3,990010,9.38327e-11,93.83269999999999,0.9696562708938223
PVDF/BaTiO3,995010,9.382523333333334e-11,93.82523333333333,0.9695791112239418
PVDF/BaTiO3,1000000,9.381646666666667e-11,93.81646666666667,0.9694885175043946
PVDF/BaTiO3/1wt%MWCNT,1000,9.54529e-11,95.4529,1.0
PVDF/BaTiO3/1wt%MWCNT,5995,9.508399999999999e-11,95.08399999999999,0.9961352667126928
PVDF/BaTiO3/1wt%MWCNT,10990,9.495316666666664e-11,94.95316666666663,0.9947646081645151
PVDF/BaTiO3/1wt%MWCNT,15985,9.487e-11,94.87,0.9938933233039542
PVDF/BaTiO3/1wt%MWCNT,20980,9.480226666666668e-11,94.80226666666668,0.9931837237702226
PVDF/BaTiO3/1wt%MWCNT,25975,9.473803333333334e-11,94.73803333333333,0.9925107915352319
PVDF/BaTiO3/1wt%MWCNT,30970,9.468563333333332e-11,94.68563333333331,0.9919618296912228
PVDF/BaTiO3/1wt%MWCNT,35965,9.464113333333331e-11,94.64113333333331,0.9914956311786579
PVDF/BaTiO3/1wt%MWCNT,40960,9.458613333333332e-11,94.58613333333332,0.99091943076987
PVDF/BaTiO3/1wt%MWCNT,45955,9.45487e-11,94.5487,0.9905272652795253
PVDF/BaTiO3/1wt%MWCNT,50950,9.451246666666666e-11,94.51246666666665,0.9901476714344631
PVDF/BaTiO3/1wt%MWCNT,55945,9.448506666666664e-11,94.48506666666664,0.9898606188671758
PVDF/BaTiO3/1wt%MWCNT,60940,9.444883333333331e-11,94.44883333333331,0.9894810250221137
PVDF/BaTiO3/1wt%MWCNT,65935,9.441033333333336e-11,94.41033333333336,0.9890776847359626
PVDF/BaTiO3/1wt%MWCNT,70930,9.43783e-11,94.3783,0.9887420916493894
PVDF/BaTiO3/1wt%MWCNT,75925,9.435136666666666e-11,94.35136666666666,0.9884599280552676
PVDF/BaTiO3/1wt%MWCNT,80920,9.432513333333331e-11,94.32513333333331,0.9881850979208942
PVDF/BaTiO3/1wt%MWCNT,85915,9.429743333333334e-11,94.29743333333334,0.9878949024422866
PVDF/BaTiO3/1wt%MWCNT,90910,9.42748e-11,94.27480000000001,0.9876577872437612
PVDF/BaTiO3/1wt%MWCNT,95905,9.426146666666668e-11,94.26146666666668,0.9875181022961762
PVDF/BaTiO3/1wt%MWCNT,100900,9.42245e-11,94.22449999999999,0.9871308257789968
PVDF/BaTiO3/1wt%MWCNT,105900,9.42018e-11,94.2018,0.9868930121557333
PVDF/BaTiO3/1wt%MWCNT,110890,9.41799e-11,94.1799,0.986663579629325
PVDF/BaTiO3/1wt%MWCNT,115890,9.415416666666666e-11,94.15416666666665,0.986393987680486
PVDF/BaTiO3/1wt%MWCNT,120880,9.413116666666666e-11,94.13116666666666,0.9861530311459019
PVDF/BaTiO3/1wt%MWCNT,125880,9.410626666666668e-11,94.10626666666668,0.9858921695062872
PVDF/BaTiO3/1wt%MWCNT,130870,9.408323333333331e-11,94.08323333333331,0.9856508637593339
PVDF/BaTiO3/1wt%MWCNT,135870,9.405693333333332e-11,94.05693333333332,0.9853753352002225
PVDF/BaTiO3/1wt%MWCNT,140860,9.40502e-11,94.0502,0.9853047943016923
PVDF/BaTiO3/1wt%MWCNT,145860,9.40297e-11,94.0297,0.9850900286947805
PVDF/BaTiO3/1wt%MWCNT,150850,9.40085e-11,94.0085,0.9848679296281202
PVDF/BaTiO3/1wt%MWCNT,155850,9.398756666666667e-11,93.98756666666668,0.984648624260412
PVDF/BaTiO3/1wt%MWCNT,160840,9.396833333333331e-11,93.96833333333332,0.9844471287235204
PVDF/BaTiO3/1wt%MWCNT,165840,9.394786666666666e-11,93.94786666666666,0.9842327123289776
PVDF/BaTiO3/1wt%MWCNT,170830,9.392746666666666e-11,93.92746666666666,0.9840189943591725
PVDF/BaTiO3/1wt%MWCNT,175830,9.39061e-11,93.9061,0.9837951492306677
PVDF/BaTiO3/1wt%MWCNT,180820,9.388436666666667e-11,93.88436666666666,0.9835674627661043
PVDF/BaTiO3/1wt%MWCNT,185820,9.386833333333331e-11,93.86833333333331,0.9833994916166331
PVDF/BaTiO3/1wt%MWCNT,190810,9.384553333333332e-11,93.84553333333332,0.9831606303562628
PVDF/BaTiO3/1wt%MWCNT,195810,9.38274e-11,93.8274,0.9829706588275474
PVDF/BaTiO3/1wt%MWCNT,200800,9.382253333333334e-11,93.82253333333334,0.982919673821679
PVDF/BaTiO3/1wt%MWCNT,205800,9.38043e-11,93.8043,0.9827286546558565
PVDF/BaTiO3/1wt%MWCNT,210790,9.37817e-11,93.7817,0.9824918886696999
PVDF/BaTiO3/1wt%MWCNT,215790,9.376003333333332e-11,93.76003333333333,0.9822649006298743
PVDF/BaTiO3/1wt%MWCNT,220780,9.37436e-11,93.7436,0.9820927389319759
PVDF/BaTiO3/1wt%MWCNT,225780,9.372686666666664e-11,93.72686666666664,0.9819174343227565
PVDF/BaTiO3/1wt%MWCNT,230770,9.37103e-11,93.7103,0.9817438757753824
PVDF/BaTiO3/1wt%MWCNT,235770,9.369296666666666e-11,93.69296666666666,0.981562285343522
PVDF/BaTiO3/1wt%MWCNT,240760,9.36747e-11,93.6747,0.9813709169653305
PVDF/BaTiO3/1wt%MWCNT,245760,9.365969999999996e-11,93.65969999999996,0.981213771399297
PVDF/BaTiO3/1wt%MWCNT,250750,9.364183333333332e-11,93.64183333333332,0.9810265935695335
PVDF/BaTiO3/1wt%MWCNT,255750,9.362413333333334e-11,93.62413333333333,0.9808411618016146
PVDF/BaTiO3/1wt%MWCNT,260740,9.360843333333332e-11,93.60843333333332,0.9806766827758332
PVDF/BaTiO3/1wt%MWCNT,265740,9.359193333333332e-11,93.59193333333332,0.9805038226531968
PVDF/BaTiO3/1wt%MWCNT,270730,9.35767e-11,93.5767,0.980344232600581
PVDF/BaTiO3/1wt%MWCNT,275730,9.356176666666664e-11,93.56176666666664,0.9801877854592855
PVDF/BaTiO3/1wt%MWCNT,280720,9.354666666666666e-11,93.54666666666665,0.9800295922561458
PVDF/BaTiO3/1wt%MWCNT,285720,9.352673333333332e-11,93.52673333333333,0.9798207632595063
PVDF/BaTiO3/1wt%MWCNT,290710,9.351056666666668e-11,93.51056666666668,0.9796513952605598
PVDF/BaTiO3/1wt%MWCNT,295710,9.34952e-11,93.4952,0.9794904083584679
PVDF/BaTiO3/1wt%MWCNT,300700,9.34886e-11,93.48859999999999,0.9794212643094133
PVDF/BaTiO3/1wt%MWCNT,305700,9.347546666666667e-11,93.47546666666668,0.9792836746360422
PVDF/BaTiO3/1wt%MWCNT,310690,9.346059999999999e-11,93.46059999999999,0.9791279259194848
PVDF/BaTiO3/1wt%MWCNT,315690,9.344586666666667e-11,93.44586666666667,0.9789735740524036
PVDF/BaTiO3/1wt%MWCNT,320680,9.34316e-11,93.4316,0.9788241111584877
PVDF/BaTiO3/1wt%MWCNT,325680,9.341736666666666e-11,93.41736666666665,0.9786749974769405
PVDF/BaTiO3/1wt%MWCNT,330670,9.34035e-11,93.4035,0.9785297251314523
PVDF/BaTiO3/1wt%MWCNT,335670,9.338966666666666e-11,93.38966666666666,0.9783848019983328
PVDF/BaTiO3/1wt%MWCNT,340660,9.337746666666666e-11,93.37746666666666,0.9782569902712925
PVDF/BaTiO3/1wt%MWCNT,345660,9.336196666666668e-11,93.36196666666667,0.9780946065197252
PVDF/BaTiO3/1wt%MWCNT,350650,9.334923333333331e-11,93.34923333333332,0.9779612073947812
PVDF/BaTiO3/1wt%MWCNT,355650,9.333646666666668e-11,93.33646666666668,0.977827459057469
PVDF/BaTiO3/1wt%MWCNT,360640,9.332236666666667e-11,93.32236666666667,0.9776797422253978
PVDF/BaTiO3/1wt%MWCNT,365640,9.330983333333334e-11,93.30983333333334,0.977548438374668
PVDF/BaTiO3/1wt%MWCNT,370630,9.329633333333331e-11,93.29633333333331,0.9774070073652379
PVDF/BaTiO3/1wt%MWCNT,375630,9.328213333333334e-11,93.28213333333333,0.9772582428960601
PVDF/BaTiO3/1wt%MWCNT,380620,9.32678e-11,93.26780000000001,0.9771080815774063
PVDF/BaTiO3/1wt%MWCNT,385620,9.325456666666668e-11,93.25456666666668,0.9769694442669283
PVDF/BaTiO3/1wt%MWCNT,390610,9.32415e-11,93.2415,0.976832553018295
PVDF/BaTiO3/1wt%MWCNT,395610,9.322863333333332e-11,93.22863333333332,0.9766977570438753
PVDF/BaTiO3/1wt%MWCNT,400600,9.322353333333332e-11,93.22353333333332,0.976644327551424
PVDF/BaTiO3/1wt%MWCNT,405600,9.320963333333334e-11,93.20963333333333,0.9764987059935668
PVDF/BaTiO3/1wt%MWCNT,410590,9.319666666666668e-11,93.19666666666669,0.9763628623820406
PVDF/BaTiO3/1wt%MWCNT,415590,9.318146666666668e-11,93.18146666666668,0.9762036215417937
PVDF/BaTiO3/1wt%MWCNT,420580,9.316516666666668e-11,93.16516666666668,0.9760328566933711
PVDF/BaTiO3/1wt%MWCNT,425580,9.31517e-11,93.15169999999999,0.9758917748963101
PVDF/BaTiO3/1wt%MWCNT,430570,9.31376e-11,93.13759999999999,0.975744058064239
PVDF/BaTiO3/1wt%MWCNT,435570,9.312446666666666e-11,93.12446666666666,0.9756064683908677
PVDF/BaTiO3/1wt%MWCNT,440560,9.311196666666668e-11,93.11196666666667,0.9754755137525071
PVDF/BaTiO3/1wt%MWCNT,445560,9.309903333333334e-11,93.09903333333334,0.9753400193533496
PVDF/BaTiO3/1wt%MWCNT,450550,9.308736666666666e-11,93.08736666666665,0.9752177950242126
PVDF/BaTiO3/1wt%MWCNT,455550,9.30751e-11,93.0751,0.9750892848724345
PVDF/BaTiO3/1wt%MWCNT,460540,9.306326666666668e-11,93.06326666666668,0.974965314481453
PVDF/BaTiO3/1wt%MWCNT,465540,9.305053333333334e-11,93.05053333333333,0.9748319153565093
PVDF/BaTiO3/1wt%MWCNT,470530,9.303836666666664e-11,93.03836666666663,0.9747044528418376
PVDF/BaTiO3/1wt%MWCNT,475530,9.30248e-11,93.0248,0.9745623234076701
PVDF/BaTiO3/1wt%MWCNT,480520,9.301386666666666e-11,93.01386666666666,0.9744477817506505
PVDF/BaTiO3/1wt%MWCNT,485520,9.300173333333331e-11,93.00173333333332,0.974320668448348
PVDF/BaTiO3/1wt%MWCNT,490510,9.29885e-11,92.98849999999999,0.97418203113787
PVDF/BaTiO3/1wt%MWCNT,495510,9.297796666666668e-11,92.97796666666667,0.9740716800292781
PVDF/BaTiO3/1wt%MWCNT,500500,9.297483333333332e-11,92.97483333333332,0.9740388540665954
PVDF/BaTiO3/1wt%MWCNT,505500,9.296466666666668e-11,92.96466666666667,0.9739323442940622
PVDF/BaTiO3/1wt%MWCNT,510490,9.295406666666666e-11,92.95406666666666,0.9738212947607319
PVDF/BaTiO3/1wt%MWCNT,515490,9.294326666666667e-11,92.94326666666667,0.9737081499531881
PVDF/BaTiO3/1wt%MWCNT,520480,9.29333e-11,92.9333,0.9736037354548683
PVDF/BaTiO3/1wt%MWCNT,525480,9.292373333333332e-11,92.92373333333332,0.9735035115049759
PVDF/BaTiO3/1wt%MWCNT,530470,9.291323333333332e-11,92.91323333333332,0.9733935096087528
PVDF/BaTiO3/1wt%MWCNT,535470,9.290313333333332e-11,92.90313333333332,0.9732876982609572
PVDF/BaTiO3/1wt%MWCNT,540460,9.28932e-11,92.89320000000001,0.9731836329750065
PVDF/BaTiO3/1wt%MWCNT,545460,9.288253333333334e-11,92.88253333333334,0.9730718850169386
PVDF/BaTiO3/1wt%MWCNT,550450,9.287313333333332e-11,92.87313333333331,0.972973407128891
PVDF/BaTiO3/1wt%MWCNT,555450,9.28638e-11,92.8638,0.9728756276655817
PVDF/BaTiO3/1wt%MWCNT,560440,9.28532e-11,92.85319999999999,0.9727645781322516
PVDF/BaTiO3/1wt%MWCNT,565440,9.28427e-11,92.8427,0.9726545762360284
PVDF/BaTiO3/1wt%MWCNT,570430,9.283293333333334e-11,92.83293333333334,0.9725522570119225
PVDF/BaTiO3/1wt%MWCNT,575430,9.282226666666668e-11,92.82226666666668,0.9724405090538546
PVDF/BaTiO3/1wt%MWCNT,580420,9.28123e-11,92.8123,0.9723360945555347
PVDF/BaTiO3/1wt%MWCNT,585420,9.280246666666667e-11,92.80246666666667,0.9722330769066909
PVDF/BaTiO3/1wt%MWCNT,590410,9.279336666666668e-11,92.79336666666669,0.9721377419299643
PVDF/BaTiO3/1wt%MWCNT,595410,9.27834e-11,92.7834,0.9720333274316443
PVDF/BaTiO3/1wt%MWCNT,600400,9.277336666666664e-11,92.77336666666663,0.9719282145085864
PVDF/BaTiO3/1wt%MWCNT,605400,9.276393333333331e-11,92.76393333333331,0.97182938740817
PVDF/BaTiO3/1wt%MWCNT,610390,9.275416666666667e-11,92.75416666666668,0.9717270681840643
PVDF/BaTiO3/1wt%MWCNT,615390,9.274416666666664e-11,92.74416666666664,0.9716223044733753
PVDF/BaTiO3/1wt%MWCNT,620380,9.273583333333331e-11,92.73583333333332,0.9715350013811347
PVDF/BaTiO3/1wt%MWCNT,625380,9.272653333333332e-11,92.72653333333332,0.9714375711301944
PVDF/BaTiO3/1wt%MWCNT,630370,9.271716666666664e-11,92.71716666666664,0.9713394424545156
PVDF/BaTiO3/1wt%MWCNT,635370,9.27078e-11,92.7078,0.9712413137788376
PVDF/BaTiO3/1wt%MWCNT,640360,9.269846666666666e-11,92.69846666666666,0.971143534315528
PVDF/BaTiO3/1wt%MWCNT,645360,9.26893e-11,92.6893,0.9710475009140634
PVDF/BaTiO3/1wt%MWCNT,650350,9.26801e-11,92.6801,0.9709511183002298
PVDF/BaTiO3/1wt%MWCNT,655350,9.2671e-11,92.67099999999999,0.970855783323503
PVDF/BaTiO3/1wt%MWCNT,660340,9.26608e-11,92.66080000000001,0.9707489243386006
PVDF/BaTiO3/1wt%MWCNT,665340,9.265176666666664e-11,92.65176666666663,0.9706542877866114
PVDF/BaTiO3/1wt%MWCNT,670330,9.26428e-11,92.64280000000001,0.9705603496593609
PVDF/BaTiO3/1wt%MWCNT,675330,9.263363333333332e-11,92.63363333333332,0.970464316257896
PVDF/BaTiO3/1wt%MWCNT,680320,9.26241e-11,92.6241,0.9703644415203729
PVDF/BaTiO3/1wt%MWCNT,685320,9.261386666666668e-11,92.61386666666668,0.9702572333231015
PVDF/BaTiO3/1wt%MWCNT,690310,9.260453333333334e-11,92.60453333333334,0.970159453859792
PVDF/BaTiO3/1wt%MWCNT,695310,9.25959e-11,92.5959,0.9700690078562306
PVDF/BaTiO3/1wt%MWCNT,700300,9.259586666666668e-11,92.59586666666668,0.9700686586438618
PVDF/BaTiO3/1wt%MWCNT,705300,9.258883333333332e-11,92.58883333333331,0.9699949748340105
PVDF/BaTiO3/1wt%MWCNT,710290,9.258126666666668e-11,92.58126666666668,0.9699157036262563
PVDF/BaTiO3/1wt%MWCNT,715290,9.257336666666666e-11,92.57336666666666,0.9698329402948119
PVDF/BaTiO3/1wt%MWCNT,720280,9.256466666666666e-11,92.56466666666667,0.9697417958665129
PVDF/BaTiO3/1wt%MWCNT,725280,9.25562e-11,92.5562,0.9696530959247965
PVDF/BaTiO3/1wt%MWCNT,730270,9.254999999999999e-11,92.55,0.9695881424241694
PVDF/BaTiO3/1wt%MWCNT,735270,9.254276666666666e-11,92.54276666666667,0.9695123633401045
PVDF/BaTiO3/1wt%MWCNT,740260,9.253423333333331e-11,92.5342333333333,0.96942296497365
PVDF/BaTiO3/1wt%MWCNT,745260,9.252676666666664e-11,92.52676666666663,0.9693447414030023
PVDF/BaTiO3/1wt%MWCNT,750250,9.251863333333334e-11,92.51863333333334,0.9692595335849759
PVDF/BaTiO3/1wt%MWCNT,755250,9.251306666666668e-11,92.51306666666667,0.9692012151193592
PVDF/BaTiO3/1wt%MWCNT,760240,9.25051e-11,92.5051,0.9691177533631771
PVDF/BaTiO3/1wt%MWCNT,765240,9.249796666666666e-11,92.49796666666666,0.969043021916219
PVDF/BaTiO3/1wt%MWCNT,770230,9.249123333333332e-11,92.49123333333331,0.9689724810176885
PVDF/BaTiO3/1wt%MWCNT,775230,9.248436666666668e-11,92.48436666666667,0.9689005432696826
PVDF/BaTiO3/1wt%MWCNT,780220,9.247593333333334e-11,92.47593333333334,0.968812192540335
PVDF/BaTiO3/1wt%MWCNT,785220,9.2469e-11,92.469,0.9687395563675907
PVDF/BaTiO3/1wt%MWCNT,790210,9.246163333333332e-11,92.46163333333331,0.9686623804340498
PVDF/BaTiO3/1wt%MWCNT,795210,9.245313333333332e-11,92.45313333333333,0.9685733312799645
PVDF/BaTiO3/1wt%MWCNT,800200,9.24462e-11,92.4462,0.9685006951072205
PVDF/BaTiO3/1wt%MWCNT,805200,9.243836666666667e-11,92.43836666666667,0.9684186302005143
PVDF/BaTiO3/1wt%MWCNT,810190,9.243193333333334e-11,92.43193333333333,0.9683512322133045
PVDF/BaTiO3/1wt%MWCNT,815190,9.242306666666668e-11,92.42306666666668,0.9682583417231607
PVDF/BaTiO3/1wt%MWCNT,820180,9.241666666666667e-11,92.41666666666667,0.9681912929483197
PVDF/BaTiO3/1wt%MWCNT,825180,9.240663333333331e-11,92.4066333333333,0.9680861800252618
PVDF/BaTiO3/1wt%MWCNT,830170,9.240063333333334e-11,92.40063333333333,0.9680233217988489
PVDF/BaTiO3/1wt%MWCNT,835170,9.239486666666666e-11,92.39486666666666,0.9679629080590183
PVDF/BaTiO3/1wt%MWCNT,840160,9.23857e-11,92.3857,0.9678668746575537
PVDF/BaTiO3/1wt%MWCNT,845160,9.237866666666668e-11,92.37866666666667,0.9677931908477028
PVDF/BaTiO3/1wt%MWCNT,850150,9.237146666666666e-11,92.37146666666666,0.9677177609760066
PVDF/BaTiO3/1wt%MWCNT,855150,9.236413333333332e-11,92.36413333333331,0.9676409342548348
PVDF/BaTiO3/1wt%MWCNT,860140,9.235606666666664e-11,92.35606666666664,0.9675564248615457
PVDF/BaTiO3/1wt%MWCNT,865140,9.23478e-11,92.3478,0.9674698201940435
PVDF/BaTiO3/1wt%MWCNT,870130,9.234193333333331e-11,92.34193333333332,0.9674083588171057
PVDF/BaTiO3/1wt%MWCNT,875130,9.23337e-11,92.3337,0.9673221033619722
PVDF/BaTiO3/1wt%MWCNT,880120,9.232549999999999e-11,92.32549999999999,0.9672361971192074
PVDF/BaTiO3/1wt%MWCNT,885120,9.23189e-11,92.3189,0.9671670530701529
PVDF/BaTiO3/1wt%MWCNT,890110,9.231093333333332e-11,92.31093333333332,0.9670835913139708
PVDF/BaTiO3/1wt%MWCNT,895110,9.23041e-11,92.30409999999999,0.9670120027783335
PVDF/BaTiO3/1wt%MWCNT,900100,9.229626666666664e-11,92.29626666666664,0.9669299378716272
PVDF/BaTiO3/1wt%MWCNT,905100,9.228909999999996e-11,92.28909999999996,0.9668548572123001
PVDF/BaTiO3/1wt%MWCNT,910090,9.22812e-11,92.2812,0.9667720938808564
PVDF/BaTiO3/1wt%MWCNT,915090,9.22739e-11,92.2739,0.9666956163720537
PVDF/BaTiO3/1wt%MWCNT,920080,9.226153333333334e-11,92.26153333333333,0.9665660585831687
PVDF/BaTiO3/1wt%MWCNT,925080,9.225153333333332e-11,92.25153333333331,0.9664612948724798
PVDF/BaTiO3/1wt%MWCNT,930070,9.224229999999999e-11,92.24229999999999,0.9663645630462773
PVDF/BaTiO3/1wt%MWCNT,935070,9.223373333333332e-11,92.23373333333332,0.9662748154674538
PVDF/BaTiO3/1wt%MWCNT,940060,9.2226e-11,92.226,0.9661937981978548
PVDF/BaTiO3/1wt%MWCNT,945060,9.22177e-11,92.2177,0.966106844317983
PVDF/BaTiO3/1wt%MWCNT,950050,9.221043333333334e-11,92.21043333333334,0.9660307160215492
PVDF/BaTiO3/1wt%MWCNT,955050,9.22008e-11,92.2008,0.9659297936469191
PVDF/BaTiO3/1wt%MWCNT,960040,9.219356666666664e-11,92.19356666666664,0.9658540145628539
PVDF/BaTiO3/1wt%MWCNT,965040,9.218513333333334e-11,92.18513333333334,0.9657656638335068
PVDF/BaTiO3/1wt%MWCNT,970030,9.2178e-11,92.178,0.9656909323865487
PVDF/BaTiO3/1wt%MWCNT,975030,9.216836666666667e-11,92.16836666666667,0.9655900100119187
PVDF/BaTiO3/1wt%MWCNT,980020,9.216123333333332e-11,92.16123333333331,0.9655152785649606
PVDF/BaTiO3/1wt%MWCNT,985020,9.215383333333334e-11,92.15383333333334,0.965437753419051
PVDF/BaTiO3/1wt%MWCNT,990010,9.214623333333332e-11,92.14623333333331,0.9653581329989275
PVDF/BaTiO3/1wt%MWCNT,995010,9.213886666666668e-11,92.13886666666667,0.965280957065387
PVDF/BaTiO3/1wt%MWCNT,1000000,9.213093333333331e-11,92.13093333333332,0.9651978445215736
PVDF/BaTiO3/2wt%MWCNT,1000,1.48859e-10,148.859,1.0
PVDF/BaTiO3/2wt%MWCNT,5995,1.4811566666666667e-10,148.11566666666667,0.9950064602520954
PVDF/BaTiO3/2wt%MWCNT,10990,1.4785966666666668e-10,147.85966666666667,0.993286712033983
PVDF/BaTiO3/2wt%MWCNT,15985,1.4765699999999998e-10,147.65699999999998,0.9919252446946437
PVDF/BaTiO3/2wt%MWCNT,20980,1.4751000000000002e-10,147.51000000000002,0.9909377330225247
PVDF/BaTiO3/2wt%MWCNT,25975,1.47393e-10,147.393,0.9901517543447154
PVDF/BaTiO3/2wt%MWCNT,30970,1.4729633333333328e-10,147.29633333333328,0.9895023702519382
PVDF/BaTiO3/2wt%MWCNT,35965,1.4720366666666666e-10,147.20366666666666,0.9888798572250697
PVDF/BaTiO3/2wt%MWCNT,40960,1.47107e-10,147.107,0.988230473132293
PVDF/BaTiO3/2wt%MWCNT,45955,1.47031e-10,147.03099999999998,0.9877199228800407
PVDF/BaTiO3/2wt%MWCNT,50950,1.46962e-10,146.962,0.9872563969931276
PVDF/BaTiO3/2wt%MWCNT,55945,1.4690133333333336e-10,146.90133333333335,0.986848852493523
PVDF/BaTiO3/2wt%MWCNT,60940,1.4683166666666667e-10,146.83166666666668,0.9863808480956251
PVDF/BaTiO3/2wt%MWCNT,65935,1.4676433333333332e-10,146.76433333333333,0.9859285184861736
PVDF/BaTiO3/2wt%MWCNT,70930,1.4670499999999999e-10,146.70499999999998,0.9855299310085381
PVDF/BaTiO3/2wt%MWCNT,75925,1.4665233333333334e-10,146.65233333333333,0.9851761286407495
PVDF/BaTiO3/2wt%MWCNT,80920,1.4660033333333328e-10,146.60033333333328,0.984826804783945
PVDF/BaTiO3/2wt%MWCNT,85915,1.4655033333333335e-10,146.55033333333336,0.9844909164600953
PVDF/BaTiO3/2wt%MWCNT,90910,1.4650533333333335e-10,146.50533333333334,0.9841886169686304
PVDF/BaTiO3/2wt%MWCNT,95905,1.46467e-10,146.467,0.9839311025870119
PVDF/BaTiO3/2wt%MWCNT,100900,1.4640833333333334e-10,146.40833333333333,0.9835369936203611
PVDF/BaTiO3/2wt%MWCNT,105900,1.4636366666666666e-10,146.36366666666666,0.9832369333843883
PVDF/BaTiO3/2wt%MWCNT,110890,1.46317e-10,146.31699999999998,0.9829234376154615
PVDF/BaTiO3/2wt%MWCNT,115890,1.4627666666666667e-10,146.27666666666667,0.9826524877008892
PVDF/BaTiO3/2wt%MWCNT,120880,1.4622666666666668e-10,146.2266666666667,0.9823165993770392
PVDF/BaTiO3/2wt%MWCNT,125880,1.46183e-10,146.183,0.9820232569075433
PVDF/BaTiO3/2wt%MWCNT,130870,1.4614033333333332e-10,146.14033333333333,0.9817366322045245
PVDF/BaTiO3/2wt%MWCNT,135870,1.4609266666666666e-10,146.09266666666667,0.9814164186691208
PVDF/BaTiO3/2wt%MWCNT,140860,1.4606633333333328e-10,146.0663333333333,0.9812395174852261
PVDF/BaTiO3/2wt%MWCNT,145860,1.4602466666666662e-10,146.02466666666663,0.9809596105486844
PVDF/BaTiO3/2wt%MWCNT,150850,1.4598566666666668e-10,145.98566666666667,0.9806976176560818
PVDF/BaTiO3/2wt%MWCNT,155850,1.45947e-10,145.947,0.9804378640189709
PVDF/BaTiO3/2wt%MWCNT,160840,1.4590633333333328e-10,145.90633333333327,0.9801646748489058
PVDF/BaTiO3/2wt%MWCNT,165840,1.4587199999999995e-10,145.87199999999996,0.9799340315331955
PVDF/BaTiO3/2wt%MWCNT,170830,1.4583133333333328e-10,145.83133333333328,0.9796608423631307
PVDF/BaTiO3/2wt%MWCNT,175830,1.4579366666666666e-10,145.79366666666667,0.9794078064924973
PVDF/BaTiO3/2wt%MWCNT,180820,1.4575833333333335e-10,145.75833333333335,0.9791704454103101
PVDF/BaTiO3/2wt%MWCNT,185820,1.4572166666666666e-10,145.72166666666666,0.9789241273061532
PVDF/BaTiO3/2wt%MWCNT,190810,1.4568366666666665e-10,145.68366666666665,0.978668852180027
PVDF/BaTiO3/2wt%MWCNT,195810,1.4564866666666666e-10,145.64866666666666,0.978433730353332
PVDF/BaTiO3/2wt%MWCNT,200800,1.4563199999999998e-10,145.63199999999998,0.9783217675787153
PVDF/BaTiO3/2wt%MWCNT,205800,1.45602e-10,145.602,0.9781202345844054
PVDF/BaTiO3/2wt%MWCNT,210790,1.4556766666666666e-10,145.56766666666667,0.9778895912686949
PVDF/BaTiO3/2wt%MWCNT,215790,1.45537e-10,145.537,0.9776835797634001
PVDF/BaTiO3/2wt%MWCNT,220780,1.4550433333333334e-10,145.50433333333334,0.9774641327251515
PVDF/BaTiO3/2wt%MWCNT,225780,1.45476e-10,145.476,0.977273796008303
PVDF/BaTiO3/2wt%MWCNT,230770,1.4544666666666663e-10,145.44666666666663,0.9770767415249775
PVDF/BaTiO3/2wt%MWCNT,235770,1.4541499999999998e-10,145.415,0.9768640122532058
PVDF/BaTiO3/2wt%MWCNT,240760,1.4538433333333335e-10,145.38433333333336,0.9766580007479114
PVDF/BaTiO3/2wt%MWCNT,245760,1.4535633333333334e-10,145.35633333333334,0.9764699032865553
PVDF/BaTiO3/2wt%MWCNT,250750,1.4532733333333332e-10,145.3273333333333,0.9762750880587221
PVDF/BaTiO3/2wt%MWCNT,255750,1.45297e-10,145.297,0.9760713158089198
PVDF/BaTiO3/2wt%MWCNT,260740,1.4526633333333332e-10,145.2663333333333,0.975865304303625
PVDF/BaTiO3/2wt%MWCNT,265740,1.45238e-10,145.238,0.9756749675867766
PVDF/BaTiO3/2wt%MWCNT,270730,1.4521166666666668e-10,145.21166666666667,0.9754980664028824
PVDF/BaTiO3/2wt%MWCNT,275730,1.4518266666666666e-10,145.18266666666668,0.9753032511750492
PVDF/BaTiO3/2wt%MWCNT,280720,1.45152e-10,145.15200000000002,0.9750972396697546
PVDF/BaTiO3/2wt%MWCNT,285720,1.45126e-10,145.126,0.9749225777413526
PVDF/BaTiO3/2wt%MWCNT,290710,1.45098e-10,145.098,0.9747344802799964
PVDF/BaTiO3/2wt%MWCNT,295710,1.4507033333333334e-10,145.07033333333334,0.9745486220741328
PVDF/BaTiO3/2wt%MWCNT,300700,1.45058e-10,145.058,0.9744657696209164
PVDF/BaTiO3/2wt%MWCNT,305700,1.45034e-10,145.034,0.9743045432254683
PVDF/BaTiO3/2wt%MWCNT,310690,1.4501e-10,145.01,0.9741433168300203
PVDF/BaTiO3/2wt%MWCNT,315690,1.4498633333333334e-10,144.98633333333333,0.9739843296900647
PVDF/BaTiO3/2wt%MWCNT,320680,1.4496233333333335e-10,144.96233333333333,0.9738231032946166
PVDF/BaTiO3/2wt%MWCNT,325680,1.44938e-10,144.938,0.9736596376436761
PVDF/BaTiO3/2wt%MWCNT,330670,1.44914e-10,144.91400000000002,0.9734984112482281
PVDF/BaTiO3/2wt%MWCNT,335670,1.44889e-10,144.88899999999998,0.9733304670863031
PVDF/BaTiO3/2wt%MWCNT,340660,1.4486666666666667e-10,144.86666666666667,0.9731804369683167
PVDF/BaTiO3/2wt%MWCNT,345660,1.44844e-10,144.844,0.973028167594838
PVDF/BaTiO3/2wt%MWCNT,350650,1.4482066666666666e-10,144.82066666666665,0.9728714197103746
PVDF/BaTiO3/2wt%MWCNT,355650,1.4479633333333334e-10,144.79633333333334,0.9727079540594343
PVDF/BaTiO3/2wt%MWCNT,360640,1.4477366666666667e-10,144.77366666666668,0.9725556846859555
PVDF/BaTiO3/2wt%MWCNT,365640,1.4474999999999997e-10,144.74999999999997,0.9723966975459997
PVDF/BaTiO3/2wt%MWCNT,370630,1.4472766666666666e-10,144.72766666666666,0.9722466674280135
PVDF/BaTiO3/2wt%MWCNT,375630,1.4470433333333328e-10,144.70433333333327,0.9720899195435497
PVDF/BaTiO3/2wt%MWCNT,380620,1.4468066666666667e-10,144.68066666666667,0.9719309324035944
PVDF/BaTiO3/2wt%MWCNT,385620,1.446586666666667e-10,144.6586666666667,0.9717831415411006
PVDF/BaTiO3/2wt%MWCNT,390610,1.4463566666666662e-10,144.63566666666662,0.9716286329121291
PVDF/BaTiO3/2wt%MWCNT,395610,1.4461266666666666e-10,144.61266666666666,0.9714741242831583
PVDF/BaTiO3/2wt%MWCNT,400600,1.4460333333333332e-10,144.60333333333332,0.9714114251293728
PVDF/BaTiO3/2wt%MWCNT,405600,1.4458299999999998e-10,144.58299999999997,0.9712748305443404
PVDF/BaTiO3/2wt%MWCNT,410590,1.44561e-10,144.561,0.9711270396818465
PVDF/BaTiO3/2wt%MWCNT,415590,1.4453833333333328e-10,144.53833333333327,0.9709747703083674
PVDF/BaTiO3/2wt%MWCNT,420580,1.4451666666666666e-10,144.51666666666665,0.9708292187013661
PVDF/BaTiO3/2wt%MWCNT,425580,1.4449466666666666e-10,144.49466666666666,0.970681427838872
PVDF/BaTiO3/2wt%MWCNT,430570,1.4447366666666666e-10,144.47366666666665,0.9705403547428549
PVDF/BaTiO3/2wt%MWCNT,435570,1.4445266666666668e-10,144.4526666666667,0.9703992816468381
PVDF/BaTiO3/2wt%MWCNT,440560,1.44431e-10,144.43099999999998,0.9702537300398363
PVDF/BaTiO3/2wt%MWCNT,445560,1.4441033333333331e-10,144.4103333333333,0.9701148961993115
PVDF/BaTiO3/2wt%MWCNT,450550,1.44391e-10,144.391,0.9699850193807561
PVDF/BaTiO3/2wt%MWCNT,455550,1.4436933333333335e-10,144.36933333333334,0.9698394677737546
PVDF/BaTiO3/2wt%MWCNT,460540,1.4434833333333335e-10,144.34833333333336,0.9696983946777377
PVDF/BaTiO3/2wt%MWCNT,465540,1.44327e-10,144.327,0.9695550823262282
PVDF/BaTiO3/2wt%MWCNT,470530,1.4430633333333328e-10,144.30633333333327,0.9694162484857031
PVDF/BaTiO3/2wt%MWCNT,475530,1.4428533333333328e-10,144.28533333333328,0.969275175389686
PVDF/BaTiO3/2wt%MWCNT,480520,1.4426466666666667e-10,144.26466666666667,0.9691363415491617
PVDF/BaTiO3/2wt%MWCNT,485520,1.4424533333333332e-10,144.24533333333332,0.9690064647306063
PVDF/BaTiO3/2wt%MWCNT,490510,1.442246666666667e-10,144.22466666666668,0.9688676308900818
PVDF/BaTiO3/2wt%MWCNT,495510,1.4420466666666668e-10,144.20466666666667,0.9687332755605417
PVDF/BaTiO3/2wt%MWCNT,500500,1.4419866666666668e-10,144.19866666666667,0.9686929689616797
PVDF/BaTiO3/2wt%MWCNT,505500,1.4418166666666666e-10,144.18166666666667,0.9685787669315705
PVDF/BaTiO3/2wt%MWCNT,510490,1.4416333333333334e-10,144.16333333333336,0.9684556078794923
PVDF/BaTiO3/2wt%MWCNT,515490,1.4414566666666666e-10,144.14566666666667,0.9683369273383985
PVDF/BaTiO3/2wt%MWCNT,520480,1.4412866666666667e-10,144.12866666666667,0.9682227253082895
PVDF/BaTiO3/2wt%MWCNT,525480,1.4411233333333334e-10,144.11233333333334,0.9681130017891652
PVDF/BaTiO3/2wt%MWCNT,530470,1.4409499999999998e-10,144.09499999999997,0.9679965605035636
PVDF/BaTiO3/2wt%MWCNT,535470,1.4407633333333334e-10,144.07633333333334,0.9678711621959931
PVDF/BaTiO3/2wt%MWCNT,540460,1.4406e-10,144.06,0.9677614386768686
PVDF/BaTiO3/2wt%MWCNT,545460,1.4404099999999998e-10,144.041,0.9676338011138055
PVDF/BaTiO3/2wt%MWCNT,550450,1.44024e-10,144.024,0.9675195990836966
PVDF/BaTiO3/2wt%MWCNT,555450,1.4400866666666667e-10,144.00866666666667,0.9674165933310493
PVDF/BaTiO3/2wt%MWCNT,560440,1.4399e-10,143.99,0.9672911950234786
PVDF/BaTiO3/2wt%MWCNT,565440,1.4397333333333334e-10,143.97333333333333,0.9671792322488619
PVDF/BaTiO3/2wt%MWCNT,570430,1.4395566666666666e-10,143.95566666666667,0.9670605517077681
PVDF/BaTiO3/2wt%MWCNT,575430,1.43939e-10,143.939,0.9669485889331514
PVDF/BaTiO3/2wt%MWCNT,580420,1.4392333333333332e-10,143.92333333333332,0.9668433439250117
PVDF/BaTiO3/2wt%MWCNT,585420,1.4390533333333333e-10,143.90533333333332,0.9667224241284257
PVDF/BaTiO3/2wt%MWCNT,590410,1.4388866666666663e-10,143.88866666666664,0.9666104613538088
PVDF/BaTiO3/2wt%MWCNT,595410,1.43873e-10,143.873,0.9665052163456693
PVDF/BaTiO3/2wt%MWCNT,600400,1.43856e-10,143.856,0.9663910143155603
PVDF/BaTiO3/2wt%MWCNT,605400,1.4383966666666662e-10,143.83966666666663,0.9662812907964357
PVDF/BaTiO3/2wt%MWCNT,610390,1.4382366666666666e-10,143.82366666666667,0.9661738065328039
PVDF/BaTiO3/2wt%MWCNT,615390,1.43807e-10,143.807,0.9660618437581872
PVDF/BaTiO3/2wt%MWCNT,620380,1.4379133333333328e-10,143.79133333333328,0.9659565987500471
PVDF/BaTiO3/2wt%MWCNT,625380,1.4377500000000003e-10,143.77500000000003,0.9658468752309234
PVDF/BaTiO3/2wt%MWCNT,630370,1.4375866666666668e-10,143.75866666666667,0.9657371517117989
PVDF/BaTiO3/2wt%MWCNT,635370,1.4374233333333332e-10,143.74233333333333,0.9656274281926743
PVDF/BaTiO3/2wt%MWCNT,640360,1.4372633333333334e-10,143.72633333333334,0.9655199439290425
PVDF/BaTiO3/2wt%MWCNT,645360,1.4371266666666667e-10,143.71266666666668,0.9654281344538568
PVDF/BaTiO3/2wt%MWCNT,650350,1.4369233333333328e-10,143.6923333333333,0.965291539868824
PVDF/BaTiO3/2wt%MWCNT,655350,1.43679e-10,143.679,0.9652019696491311
PVDF/BaTiO3/2wt%MWCNT,660340,1.43661e-10,143.661,0.9650810498525451
PVDF/BaTiO3/2wt%MWCNT,665340,1.436456666666667e-10,143.6456666666667,0.9649780440998977
PVDF/BaTiO3/2wt%MWCNT,670330,1.4362766666666666e-10,143.62766666666667,0.9648571243033116
PVDF/BaTiO3/2wt%MWCNT,675330,1.4361166666666666e-10,143.61166666666665,0.9647496400396794
PVDF/BaTiO3/2wt%MWCNT,680320,1.4359633333333334e-10,143.59633333333335,0.9646466342870322
PVDF/BaTiO3/2wt%MWCNT,685320,1.4358033333333328e-10,143.58033333333327,0.9645391500233997
PVDF/BaTiO3/2wt%MWCNT,690310,1.435616666666667e-10,143.5616666666667,0.9644137517158297
PVDF/BaTiO3/2wt%MWCNT,695310,1.4354966666666667e-10,143.54966666666667,0.9643331385181054
PVDF/BaTiO3/2wt%MWCNT,700300,1.4354699999999999e-10,143.547,0.9643152244741667
PVDF/BaTiO3/2wt%MWCNT,705300,1.4353233333333328e-10,143.53233333333327,0.9642166972325037
PVDF/BaTiO3/2wt%MWCNT,710290,1.4351966666666667e-10,143.51966666666667,0.9641316055237954
PVDF/BaTiO3/2wt%MWCNT,715290,1.4350433333333332e-10,143.50433333333334,0.964028599771148
PVDF/BaTiO3/2wt%MWCNT,720280,1.4348933333333335e-10,143.48933333333335,0.9639278332739931
PVDF/BaTiO3/2wt%MWCNT,725280,1.4348e-10,143.48000000000002,0.9638651341202077
PVDF/BaTiO3/2wt%MWCNT,730270,1.4346666666666663e-10,143.46666666666664,0.963775563900514
PVDF/BaTiO3/2wt%MWCNT,735270,1.43452e-10,143.452,0.9636770366588516
PVDF/BaTiO3/2wt%MWCNT,740260,1.43439e-10,143.439,0.9635897056946505
PVDF/BaTiO3/2wt%MWCNT,745260,1.4342666666666667e-10,143.42666666666668,0.9635068532414343
PVDF/BaTiO3/2wt%MWCNT,750250,1.4341366666666666e-10,143.41366666666667,0.9634195222772332
PVDF/BaTiO3/2wt%MWCNT,755250,1.4339933333333328e-10,143.3993333333333,0.9633232342910625
PVDF/BaTiO3/2wt%MWCNT,760240,1.43388e-10,143.388,0.9632470996043234
PVDF/BaTiO3/2wt%MWCNT,765240,1.4337666666666666e-10,143.37666666666667,0.963170964917584
PVDF/BaTiO3/2wt%MWCNT,770230,1.4336100000000002e-10,143.36100000000002,0.9630657199094446
PVDF/BaTiO3/2wt%MWCNT,775230,1.4334633333333334e-10,143.34633333333335,0.9629671926677817
PVDF/BaTiO3/2wt%MWCNT,780220,1.4333366666666662e-10,143.33366666666663,0.9628821009590728
PVDF/BaTiO3/2wt%MWCNT,785220,1.4332366666666667e-10,143.32366666666667,0.9628149232943031
PVDF/BaTiO3/2wt%MWCNT,790210,1.4331033333333334e-10,143.31033333333335,0.9627253530746097
PVDF/BaTiO3/2wt%MWCNT,795210,1.4329866666666666e-10,143.29866666666666,0.962646979132378
PVDF/BaTiO3/2wt%MWCNT,800200,1.4328533333333328e-10,143.28533333333328,0.9625574089126843
PVDF/BaTiO3/2wt%MWCNT,805200,1.4327333333333328e-10,143.27333333333328,0.9624767957149603
PVDF/BaTiO3/2wt%MWCNT,810190,1.4326033333333335e-10,143.26033333333334,0.9623894647507597
PVDF/BaTiO3/2wt%MWCNT,815190,1.4324633333333328e-10,143.24633333333327,0.9622954160200813
PVDF/BaTiO3/2wt%MWCNT,820180,1.4323233333333334e-10,143.23233333333334,0.9622013672894036
PVDF/BaTiO3/2wt%MWCNT,825180,1.43221e-10,143.221,0.9621252326026642
PVDF/BaTiO3/2wt%MWCNT,830170,1.4320833333333334e-10,143.20833333333334,0.9620401408939556
PVDF/BaTiO3/2wt%MWCNT,835170,1.4319533333333328e-10,143.19533333333328,0.9619528099297542
PVDF/BaTiO3/2wt%MWCNT,840160,1.4318433333333332e-10,143.1843333333333,0.9618789144985074
PVDF/BaTiO3/2wt%MWCNT,845160,1.4317100000000002e-10,143.17100000000002,0.9617893442788142
PVDF/BaTiO3/2wt%MWCNT,850150,1.4315666666666668e-10,143.1566666666667,0.9616930562926439
PVDF/BaTiO3/2wt%MWCNT,855150,1.4314533333333335e-10,143.14533333333335,0.9616169216059045
PVDF/BaTiO3/2wt%MWCNT,860140,1.4313366666666666e-10,143.13366666666667,0.9615385476636727
PVDF/BaTiO3/2wt%MWCNT,865140,1.4311833333333332e-10,143.1183333333333,0.9614355419110253
PVDF/BaTiO3/2wt%MWCNT,870130,1.4310433333333328e-10,143.10433333333327,0.961341493180347
PVDF/BaTiO3/2wt%MWCNT,875130,1.4309600000000002e-10,143.09600000000003,0.9612855117930391
PVDF/BaTiO3/2wt%MWCNT,880120,1.43082e-10,143.082,0.961191463062361
PVDF/BaTiO3/2wt%MWCNT,885120,1.4307033333333335e-10,143.07033333333334,0.9611130891201294
PVDF/BaTiO3/2wt%MWCNT,890110,1.4305366666666668e-10,143.0536666666667,0.9610011263455127
PVDF/BaTiO3/2wt%MWCNT,895110,1.4304500000000002e-10,143.04500000000002,0.960942905702712
PVDF/BaTiO3/2wt%MWCNT,900100,1.4303066666666666e-10,143.03066666666666,0.9608466177165416
PVDF/BaTiO3/2wt%MWCNT,905100,1.4301966666666667e-10,143.01966666666667,0.9607727222852945
PVDF/BaTiO3/2wt%MWCNT,910090,1.43006e-10,143.006,0.9606809128101088
PVDF/BaTiO3/2wt%MWCNT,915090,1.4299366666666668e-10,142.99366666666668,0.9605980603568925
PVDF/BaTiO3/2wt%MWCNT,920080,1.4298466666666663e-10,142.98466666666664,0.9605376004585993
PVDF/BaTiO3/2wt%MWCNT,925080,1.429716666666667e-10,142.9716666666667,0.9604502694943986
PVDF/BaTiO3/2wt%MWCNT,930070,1.42962e-10,142.96200000000002,0.9603853310851208
PVDF/BaTiO3/2wt%MWCNT,935070,1.42946e-10,142.946,0.9602778468214888
PVDF/BaTiO3/2wt%MWCNT,940060,1.4293166666666666e-10,142.93166666666667,0.9601815588353184
PVDF/BaTiO3/2wt%MWCNT,945060,1.4291999999999998e-10,142.92,0.9601031848930865
PVDF/BaTiO3/2wt%MWCNT,950050,1.4290799999999998e-10,142.908,0.9600225716953625
PVDF/BaTiO3/2wt%MWCNT,955050,1.4289499999999998e-10,142.89499999999998,0.9599352407311615
PVDF/BaTiO3/2wt%MWCNT,960040,1.4288333333333335e-10,142.88333333333335,0.95985686678893
PVDF/BaTiO3/2wt%MWCNT,965040,1.4287066666666666e-10,142.87066666666666,0.9597717750802213
PVDF/BaTiO3/2wt%MWCNT,970030,1.42858e-10,142.858,0.9596866833715125
PVDF/BaTiO3/2wt%MWCNT,975030,1.4284566666666668e-10,142.8456666666667,0.9596038309182963
PVDF/BaTiO3/2wt%MWCNT,980020,1.4283366666666668e-10,142.8336666666667,0.9595232177205723
PVDF/BaTiO3/2wt%MWCNT,985020,1.4281866666666668e-10,142.81866666666667,0.9594224512234173
PVDF/BaTiO3/2wt%MWCNT,990010,1.4280533333333335e-10,142.80533333333335,0.9593328810037239
PVDF/BaTiO3/2wt%MWCNT,995010,1.4279333333333335e-10,142.79333333333335,0.9592522678059999
PVDF/BaTiO3/2wt%MWCNT,1000000,1.4278e-10,142.78,0.9591626975863065
PVDF/BaTiO3/3wt%MWCNT,1000,2.683116666666667e-10,268.31166666666667,1.0
PVDF/BaTiO3/3wt%MWCNT,5995,2.5274633333333326e-10,252.74633333333327,0.9419878623739802
PVDF/BaTiO3/3wt%MWCNT,10990,2.47767e-10,247.767,0.9234298421611682
PVDF/BaTiO3/3wt%MWCNT,15985,2.4479033333333326e-10,244.79033333333325,0.9123357786653578
PVDF/BaTiO3/3wt%MWCNT,20980,2.42651e-10,242.65099999999998,0.9043624640498922
PVDF/BaTiO3/3wt%MWCNT,25975,2.4097633333333326e-10,240.97633333333326,0.8981209662892032
PVDF/BaTiO3/3wt%MWCNT,30970,2.3961300000000004e-10,239.61300000000003,0.8930398106679422
PVDF/BaTiO3/3wt%MWCNT,35965,2.384446666666667e-10,238.44466666666668,0.888685421804245
PVDF/BaTiO3/3wt%MWCNT,40960,2.37416e-10,237.416,0.8848515718660513
PVDF/BaTiO3/3wt%MWCNT,45955,2.365256666666666e-10,236.5256666666666,0.8815332915080097
PVDF/BaTiO3/3wt%MWCNT,50950,2.3572266666666664e-10,235.72266666666664,0.8785405032704503
PVDF/BaTiO3/3wt%MWCNT,55945,2.350023333333333e-10,235.0023333333333,0.8758558144446444
PVDF/BaTiO3/3wt%MWCNT,60940,2.3432466666666664e-10,234.32466666666664,0.8733301446700664
PVDF/BaTiO3/3wt%MWCNT,65935,2.33694e-10,233.694,0.8709796443191065
PVDF/BaTiO3/3wt%MWCNT,70930,2.331146666666666e-10,233.1146666666666,0.8688204637641546
PVDF/BaTiO3/3wt%MWCNT,75925,2.3258666666666662e-10,232.58666666666662,0.8668526030052114
PVDF/BaTiO3/3wt%MWCNT,80920,2.3208333333333328e-10,232.0833333333333,0.8649766751352591
PVDF/BaTiO3/3wt%MWCNT,85915,2.3160766666666668e-10,231.6076666666667,0.8632038611813376
PVDF/BaTiO3/3wt%MWCNT,90910,2.3116233333333326e-10,231.16233333333327,0.8615440998341478
PVDF/BaTiO3/3wt%MWCNT,95905,2.3073366666666668e-10,230.73366666666666,0.8599464553038444
PVDF/BaTiO3/3wt%MWCNT,100900,2.3031466666666662e-10,230.31466666666662,0.8583848385273343
PVDF/BaTiO3/3wt%MWCNT,105900,2.2992833333333328e-10,229.92833333333328,0.8569449707119206
PVDF/BaTiO3/3wt%MWCNT,110890,2.2955633333333327e-10,229.55633333333327,0.8555585233590287
PVDF/BaTiO3/3wt%MWCNT,115890,2.29201e-10,229.201,0.8542341928230229
PVDF/BaTiO3/3wt%MWCNT,120880,2.2886266666666663e-10,228.86266666666663,0.8529732214402403
PVDF/BaTiO3/3wt%MWCNT,125880,2.28538e-10,228.538,0.8517631858473044
PVDF/BaTiO3/3wt%MWCNT,130870,2.2822e-10,228.22,0.8505779969811227
PVDF/BaTiO3/3wt%MWCNT,135870,2.2791500000000003e-10,227.91500000000002,0.849441259232112
PVDF/BaTiO3/3wt%MWCNT,140860,2.2764333333333327e-10,227.64333333333326,0.8484287551168725
PVDF/BaTiO3/3wt%MWCNT,145860,2.2736133333333328e-10,227.36133333333328,0.8473777385751642
PVDF/BaTiO3/3wt%MWCNT,150850,2.2708766666666668e-10,227.08766666666668,0.846357780441899
PVDF/BaTiO3/3wt%MWCNT,155850,2.2682166666666667e-10,226.82166666666666,0.8453663960444011
PVDF/BaTiO3/3wt%MWCNT,160840,2.26569e-10,226.569,0.8444247051004118
PVDF/BaTiO3/3wt%MWCNT,165840,2.2633333333333328e-10,226.3333333333333,0.8435463733096459
PVDF/BaTiO3/3wt%MWCNT,170830,2.2612633333333328e-10,226.1263333333333,0.8427748824439238
PVDF/BaTiO3/3wt%MWCNT,175830,2.2590566666666667e-10,225.90566666666666,0.8419524557883555
PVDF/BaTiO3/3wt%MWCNT,180820,2.25704e-10,225.70399999999998,0.8412008423040369
PVDF/BaTiO3/3wt%MWCNT,185820,2.2556033333333326e-10,225.56033333333326,0.8406653953424807
PVDF/BaTiO3/3wt%MWCNT,190810,2.2544099999999998e-10,225.44099999999997,0.8402206389335783
PVDF/BaTiO3/3wt%MWCNT,195810,2.253313333333333e-10,225.33133333333328,0.8398119102784695
PVDF/BaTiO3/3wt%MWCNT,200800,2.25356e-10,225.356,0.8399038431674607
PVDF/BaTiO3/3wt%MWCNT,205800,2.2530533333333327e-10,225.30533333333327,0.8397150080441276
PVDF/BaTiO3/3wt%MWCNT,210790,2.2522566666666663e-10,225.22566666666663,0.8394180896594133
PVDF/BaTiO3/3wt%MWCNT,215790,2.2508833333333327e-10,225.08833333333328,0.838906247088274
PVDF/BaTiO3/3wt%MWCNT,220780,2.24922e-10,224.922,0.8382863212557535
PVDF/BaTiO3/3wt%MWCNT,225780,2.2477766666666664e-10,224.77766666666665,0.8377483896215221
PVDF/BaTiO3/3wt%MWCNT,230770,2.2468033333333329e-10,224.6803333333333,0.8373856274109087
PVDF/BaTiO3/3wt%MWCNT,235770,2.2453833333333336e-10,224.53833333333336,0.8368563921310417
PVDF/BaTiO3/3wt%MWCNT,240760,2.245216666666667e-10,224.52166666666668,0.8367942753141558
PVDF/BaTiO3/3wt%MWCNT,245760,2.2449866666666662e-10,224.49866666666662,0.8367085541068532
PVDF/BaTiO3/3wt%MWCNT,250750,2.2446833333333328e-10,224.46833333333328,0.8365955015001209
PVDF/BaTiO3/3wt%MWCNT,255750,2.24348e-10,224.34799999999998,0.8361470180822054
PVDF/BaTiO3/3wt%MWCNT,260740,2.2429133333333328e-10,224.29133333333328,0.8359358209047933
PVDF/BaTiO3/3wt%MWCNT,265740,2.2409099999999998e-10,224.09099999999998,0.8351891767658257
PVDF/BaTiO3/3wt%MWCNT,270730,2.2384766666666667e-10,223.84766666666667,0.8342822712392927
PVDF/BaTiO3/3wt%MWCNT,275730,2.2363733333333326e-10,223.63733333333326,0.833498357010193
PVDF/BaTiO3/3wt%MWCNT,280720,2.23405e-10,223.405,0.8326324485828047
PVDF/BaTiO3/3wt%MWCNT,285720,2.2321699999999998e-10,223.21699999999998,0.8319317708883325
PVDF/BaTiO3/3wt%MWCNT,290710,2.23011e-10,223.011,0.8311640070316236
PVDF/BaTiO3/3wt%MWCNT,295710,2.2283133333333327e-10,222.83133333333328,0.8304943877455941
PVDF/BaTiO3/3wt%MWCNT,300700,2.2267833333333328e-10,222.67833333333328,0.8299241553665822
PVDF/BaTiO3/3wt%MWCNT,305700,2.2251933333333328e-10,222.5193333333333,0.8293315609334914
PVDF/BaTiO3/3wt%MWCNT,310690,2.2237333333333327e-10,222.37333333333328,0.8287874176175714
PVDF/BaTiO3/3wt%MWCNT,315690,2.2222566666666664e-10,222.22566666666663,0.828237062619963
PVDF/BaTiO3/3wt%MWCNT,320680,2.220716666666667e-10,222.0716666666667,0.827663103231938
PVDF/BaTiO3/3wt%MWCNT,325680,2.2193999999999999e-10,221.94,0.8271723803785398
PVDF/BaTiO3/3wt%MWCNT,330670,2.2181733333333328e-10,221.8173333333333,0.8267152006062599
PVDF/BaTiO3/3wt%MWCNT,335670,2.21688e-10,221.688,0.826233174107226
PVDF/BaTiO3/3wt%MWCNT,340660,2.2155733333333328e-10,221.55733333333328,0.8257461782628409
PVDF/BaTiO3/3wt%MWCNT,345660,2.2142966666666663e-10,221.42966666666663,0.8252703634454954
PVDF/BaTiO3/3wt%MWCNT,350650,2.2131233333333327e-10,221.31233333333327,0.8248330610546191
PVDF/BaTiO3/3wt%MWCNT,355650,2.2119066666666668e-10,221.1906666666667,0.8243796082913527
PVDF/BaTiO3/3wt%MWCNT,360640,2.2106299999999998e-10,221.063,0.8239037934740071
PVDF/BaTiO3/3wt%MWCNT,365640,2.2094e-10,220.94,0.8234453713653896
PVDF/BaTiO3/3wt%MWCNT,370630,2.20836e-10,220.836,0.8230577624280221
PVDF/BaTiO3/3wt%MWCNT,375630,2.2072566666666662e-10,220.72566666666663,0.8226465491002377
PVDF/BaTiO3/3wt%MWCNT,380620,2.2062466666666668e-10,220.62466666666668,0.8222701211899098
PVDF/BaTiO3/3wt%MWCNT,385620,2.2051833333333328e-10,220.5183333333333,0.8218738158981779
PVDF/BaTiO3/3wt%MWCNT,390610,2.2044266666666667e-10,220.44266666666667,0.8215918055495164
PVDF/BaTiO3/3wt%MWCNT,395610,2.203756666666667e-10,220.3756666666667,0.8213420959456355
PVDF/BaTiO3/3wt%MWCNT,400600,2.2032066666666663e-10,220.32066666666663,0.821137110449912
PVDF/BaTiO3/3wt%MWCNT,405600,2.2014766666666662e-10,220.14766666666662,0.8204923378906369
PVDF/BaTiO3/3wt%MWCNT,410590,2.1999133333333328e-10,219.99133333333327,0.8199096821482478
PVDF/BaTiO3/3wt%MWCNT,415590,2.1983066666666667e-10,219.83066666666667,0.8193108760334685
PVDF/BaTiO3/3wt%MWCNT,420580,2.1953766666666664e-10,219.53766666666664,0.8182188623926154
PVDF/BaTiO3/3wt%MWCNT,425580,2.1925166666666664e-10,219.25166666666664,0.8171529378148545
PVDF/BaTiO3/3wt%MWCNT,430570,2.1916366666666663e-10,219.16366666666664,0.8168249610216972
PVDF/BaTiO3/3wt%MWCNT,435570,2.1908300000000003e-10,219.08300000000003,0.81652431562797
PVDF/BaTiO3/3wt%MWCNT,440560,2.18994e-10,218.994,0.8161926118257995
PVDF/BaTiO3/3wt%MWCNT,445560,2.1891033333333326e-10,218.91033333333326,0.8158807854050324
PVDF/BaTiO3/3wt%MWCNT,450550,2.1883933333333328e-10,218.8393333333333,0.8156161677650988
PVDF/BaTiO3/3wt%MWCNT,455550,2.1875433333333327e-10,218.75433333333328,0.8152993719989811
PVDF/BaTiO3/3wt%MWCNT,460540,2.18655e-10,218.655,0.8149291557703418
PVDF/BaTiO3/3wt%MWCNT,465540,2.1856566666666667e-10,218.5656666666667,0.8145962096318337
PVDF/BaTiO3/3wt%MWCNT,470530,2.1847633333333326e-10,218.47633333333326,0.8142632634933252
PVDF/BaTiO3/3wt%MWCNT,475530,2.18455e-10,218.45499999999998,0.8141837539677117
PVDF/BaTiO3/3wt%MWCNT,480520,2.1845e-10,218.45000000000002,0.814165118922646
PVDF/BaTiO3/3wt%MWCNT,485520,2.1840033333333336e-10,218.40033333333335,0.8139800108083263
PVDF/BaTiO3/3wt%MWCNT,490510,2.1831566666666662e-10,218.31566666666663,0.8136644573785459
PVDF/BaTiO3/3wt%MWCNT,495510,2.1821e-10,218.20999999999998,0.8132706367594899
PVDF/BaTiO3/3wt%MWCNT,500500,2.1812766666666664e-10,218.12766666666664,0.8129637796840737
PVDF/BaTiO3/3wt%MWCNT,505500,2.1803933333333326e-10,218.03933333333327,0.8126345605545786
PVDF/BaTiO3/3wt%MWCNT,510490,2.1795566666666664e-10,217.95566666666664,0.812322734133812
PVDF/BaTiO3/3wt%MWCNT,515490,2.1787433333333327e-10,217.87433333333328,0.8120196040674089
PVDF/BaTiO3/3wt%MWCNT,520480,2.1779766666666663e-10,217.79766666666663,0.8117338667097341
PVDF/BaTiO3/3wt%MWCNT,525480,2.1770733333333326e-10,217.70733333333325,0.8113971935622128
PVDF/BaTiO3/3wt%MWCNT,530470,2.176156666666667e-10,217.6156666666667,0.8110555510693411
PVDF/BaTiO3/3wt%MWCNT,535470,2.1752933333333328e-10,217.52933333333328,0.8107337859578722
PVDF/BaTiO3/3wt%MWCNT,540460,2.1744433333333328e-10,217.44433333333328,0.8104169901917544
PVDF/BaTiO3/3wt%MWCNT,545460,2.1743866666666667e-10,217.43866666666668,0.8103958704740134
PVDF/BaTiO3/3wt%MWCNT,550450,2.1748166666666668e-10,217.48166666666668,0.8105561318615789
PVDF/BaTiO3/3wt%MWCNT,555450,2.17495e-10,217.495,0.8106058253150875
PVDF/BaTiO3/3wt%MWCNT,560440,2.17461e-10,217.461,0.8104791070086405
PVDF/BaTiO3/3wt%MWCNT,565440,2.1736366666666662e-10,217.36366666666663,0.810116344798027
PVDF/BaTiO3/3wt%MWCNT,570430,2.1725633333333327e-10,217.25633333333326,0.8097163124972822
PVDF/BaTiO3/3wt%MWCNT,575430,2.1717433333333326e-10,217.17433333333327,0.8094106977582037
PVDF/BaTiO3/3wt%MWCNT,580420,2.1718833333333328e-10,217.18833333333328,0.8094628758843879
PVDF/BaTiO3/3wt%MWCNT,585420,2.17177e-10,217.177,0.8094206364489057
PVDF/BaTiO3/3wt%MWCNT,590410,2.1709266666666668e-10,217.09266666666667,0.8091063253554635
PVDF/BaTiO3/3wt%MWCNT,595410,2.1699133333333327e-10,216.99133333333327,0.8087286551087973
PVDF/BaTiO3/3wt%MWCNT,600400,2.1696366666666663e-10,216.96366666666663,0.808625541192767
PVDF/BaTiO3/3wt%MWCNT,605400,2.1696733333333327e-10,216.96733333333327,0.8086392068924817
PVDF/BaTiO3/3wt%MWCNT,610390,2.1704166666666668e-10,217.04166666666669,0.8089162478957929
PVDF/BaTiO3/3wt%MWCNT,615390,2.1709166666666667e-10,217.09166666666667,0.8091025983464504
PVDF/BaTiO3/3wt%MWCNT,620380,2.1690166666666667e-10,216.90166666666667,0.8083944666339518
PVDF/BaTiO3/3wt%MWCNT,625380,2.16682e-10,216.68200000000002,0.8075757669873965
PVDF/BaTiO3/3wt%MWCNT,630370,2.1656633333333327e-10,216.56633333333326,0.8071446762782085
PVDF/BaTiO3/3wt%MWCNT,635370,2.1643633333333326e-10,216.43633333333327,0.806660165106499
PVDF/BaTiO3/3wt%MWCNT,640360,2.1615866666666663e-10,216.15866666666662,0.805625298937181
PVDF/BaTiO3/3wt%MWCNT,645360,2.1593733333333327e-10,215.93733333333327,0.8048003876089371
PVDF/BaTiO3/3wt%MWCNT,650350,2.1577866666666668e-10,215.77866666666668,0.8042090355121843
PVDF/BaTiO3/3wt%MWCNT,655350,2.15662e-10,215.662,0.8037742177939834
PVDF/BaTiO3/3wt%MWCNT,660340,2.1555566666666668e-10,215.55566666666667,0.8033779125022518
PVDF/BaTiO3/3wt%MWCNT,665340,2.1546933333333327e-10,215.46933333333325,0.8030561473907828
PVDF/BaTiO3/3wt%MWCNT,670330,2.1541866666666664e-10,215.41866666666664,0.80286731226745
PVDF/BaTiO3/3wt%MWCNT,675330,2.1537333333333327e-10,215.37333333333328,0.8026983545255204
PVDF/BaTiO3/3wt%MWCNT,680320,2.15273e-10,215.273,0.8023244112878679
PVDF/BaTiO3/3wt%MWCNT,685320,2.1518166666666662e-10,215.18166666666662,0.8019840111313334
PVDF/BaTiO3/3wt%MWCNT,690310,2.1510766666666663e-10,215.10766666666663,0.8017082124643603
PVDF/BaTiO3/3wt%MWCNT,695310,2.1504233333333327e-10,215.04233333333326,0.8014647145421677
PVDF/BaTiO3/3wt%MWCNT,700300,2.1501266666666667e-10,215.01266666666666,0.8013541466081112
PVDF/BaTiO3/3wt%MWCNT,705300,2.1503133333333328e-10,215.0313333333333,0.8014237174430231
PVDF/BaTiO3/3wt%MWCNT,710290,2.150423333333333e-10,215.0423333333333,0.8014647145421678
PVDF/BaTiO3/3wt%MWCNT,715290,2.15152e-10,215.152,0.8018734431972767
PVDF/BaTiO3/3wt%MWCNT,720280,2.15215e-10,215.215,0.8021082447651052
PVDF/BaTiO3/3wt%MWCNT,725280,2.1521133333333328e-10,215.21133333333327,0.8020945790653902
PVDF/BaTiO3/3wt%MWCNT,730270,2.15167e-10,215.167,0.801929348332474
PVDF/BaTiO3/3wt%MWCNT,735270,2.1511333333333326e-10,215.11333333333326,0.8017293321821014
PVDF/BaTiO3/3wt%MWCNT,740260,2.1505666666666663e-10,215.05666666666664,0.8015181350046897
PVDF/BaTiO3/3wt%MWCNT,745260,2.1500433333333326e-10,215.00433333333325,0.801323088199668
PVDF/BaTiO3/3wt%MWCNT,750250,2.1494366666666667e-10,214.94366666666667,0.8010969829862039
PVDF/BaTiO3/3wt%MWCNT,755250,2.1484933333333327e-10,214.84933333333328,0.8007454018026298
PVDF/BaTiO3/3wt%MWCNT,760240,2.1471733333333328e-10,214.71733333333327,0.8002534366128939
PVDF/BaTiO3/3wt%MWCNT,765240,2.1457233333333327e-10,214.57233333333326,0.7997130203059872
PVDF/BaTiO3/3wt%MWCNT,770230,2.1447066666666662e-10,214.47066666666663,0.7993341077229836
PVDF/BaTiO3/3wt%MWCNT,775230,2.1442199999999999e-10,214.422,0.7991527266176771
PVDF/BaTiO3/3wt%MWCNT,780220,2.14389e-10,214.38899999999998,0.7990297353202431
PVDF/BaTiO3/3wt%MWCNT,785220,2.1438966666666668e-10,214.38966666666667,0.7990322199929187
PVDF/BaTiO3/3wt%MWCNT,790210,2.143366666666667e-10,214.3366666666667,0.7988346885152218
PVDF/BaTiO3/3wt%MWCNT,795210,2.1418866666666663e-10,214.18866666666662,0.7982830911812754
PVDF/BaTiO3/3wt%MWCNT,800200,2.1409066666666662e-10,214.0906666666666,0.7979178442979866
PVDF/BaTiO3/3wt%MWCNT,805200,2.140283333333333e-10,214.0283333333333,0.7976855274028337
PVDF/BaTiO3/3wt%MWCNT,810190,2.1396566666666663e-10,213.96566666666664,0.7974519681713429
PVDF/BaTiO3/3wt%MWCNT,815190,2.1390233333333326e-10,213.90233333333327,0.7972159242671766
PVDF/BaTiO3/3wt%MWCNT,820180,2.1383e-10,213.83,0.7969463372818923
PVDF/BaTiO3/3wt%MWCNT,825180,2.1370566666666668e-10,213.70566666666667,0.796482945827924
PVDF/BaTiO3/3wt%MWCNT,830170,2.13573e-10,213.57299999999998,0.7959884959655127
PVDF/BaTiO3/3wt%MWCNT,835170,2.1346233333333326e-10,213.46233333333328,0.7955760403013905
PVDF/BaTiO3/3wt%MWCNT,840160,2.13411e-10,213.411,0.7953847205053824
PVDF/BaTiO3/3wt%MWCNT,845160,2.1336766666666667e-10,213.36766666666668,0.7952232167814792
PVDF/BaTiO3/3wt%MWCNT,850150,2.1331166666666663e-10,213.31166666666664,0.7950145042767427
PVDF/BaTiO3/3wt%MWCNT,855150,2.1325333333333328e-10,213.25333333333327,0.7947970954176422
PVDF/BaTiO3/3wt%MWCNT,860140,2.1320666666666664e-10,213.20666666666665,0.794623168330362
PVDF/BaTiO3/3wt%MWCNT,865140,2.1315533333333327e-10,213.15533333333326,0.7944318485343534
PVDF/BaTiO3/3wt%MWCNT,870130,2.13106e-10,213.106,0.7942479827563715
PVDF/BaTiO3/3wt%MWCNT,875130,2.13071e-10,213.071,0.7941175374409114
PVDF/BaTiO3/3wt%MWCNT,880120,2.13028e-10,213.028,0.7939572760533459
PVDF/BaTiO3/3wt%MWCNT,885120,2.1298233333333328e-10,212.9823333333333,0.7937870759750785
PVDF/BaTiO3/3wt%MWCNT,890110,2.12937e-10,212.93699999999998,0.7936181182331492
PVDF/BaTiO3/3wt%MWCNT,895110,2.1288066666666663e-10,212.88066666666663,0.793408163392075
PVDF/BaTiO3/3wt%MWCNT,900100,2.1282933333333326e-10,212.82933333333327,0.7932168435960665
PVDF/BaTiO3/3wt%MWCNT,905100,2.1278433333333326e-10,212.78433333333325,0.7930491281904747
PVDF/BaTiO3/3wt%MWCNT,910090,2.1272366666666663e-10,212.72366666666662,0.7928230229770103
PVDF/BaTiO3/3wt%MWCNT,915090,2.1268833333333327e-10,212.68833333333328,0.7926913353252123
PVDF/BaTiO3/3wt%MWCNT,920080,2.12642e-10,212.642,0.79251865057427
PVDF/BaTiO3/3wt%MWCNT,925080,2.12597e-10,212.597,0.7923509351686782
PVDF/BaTiO3/3wt%MWCNT,930070,2.12547e-10,212.547,0.7921645847180208
PVDF/BaTiO3/3wt%MWCNT,935070,2.12499e-10,212.499,0.7919856882853895
PVDF/BaTiO3/3wt%MWCNT,940060,2.12444e-10,212.444,0.7917807027896663
PVDF/BaTiO3/3wt%MWCNT,945060,2.1239466666666667e-10,212.39466666666667,0.7915968370116842
PVDF/BaTiO3/3wt%MWCNT,950050,2.1235433333333327e-10,212.35433333333327,0.7914465143148202
PVDF/BaTiO3/3wt%MWCNT,955050,2.1232399999999998e-10,212.32399999999998,0.7913334617080882
PVDF/BaTiO3/3wt%MWCNT,960040,2.1225833333333328e-10,212.25833333333327,0.7910887214495578
PVDF/BaTiO3/3wt%MWCNT,965040,2.1220133333333328e-10,212.20133333333328,0.7908762819358083
PVDF/BaTiO3/3wt%MWCNT,970030,2.1215266666666667e-10,212.15266666666668,0.7906949008305019
PVDF/BaTiO3/3wt%MWCNT,975030,2.1203933333333336e-10,212.03933333333336,0.7902725064756783
PVDF/BaTiO3/3wt%MWCNT,980020,2.1191133333333327e-10,211.91133333333326,0.7897954493219946
PVDF/BaTiO3/3wt%MWCNT,985020,2.1182033333333332e-10,211.8203333333333,0.7894562915017982
PVDF/BaTiO3/3wt%MWCNT,990010,2.1175433333333327e-10,211.75433333333328,0.7892103089069301
PVDF/BaTiO3/3wt%MWCNT,995010,2.1170433333333328e-10,211.70433333333327,0.7890239584562726
PVDF/BaTiO3/3wt%MWCNT,1000000,2.11655e-10,211.655,0.7888400926782908
