condition_id,composition,cnt_pct,force_N,freq_Hz,is_pristine,Vrms_V,Vpp_V,Vmax_V,energy_proxy
0,PVDF,0,1,5,1,0.02858673009,0.474389,0.263918629,0.8172011374
1,PVDF,0,1,10,1,0.0475810887,0.724336,0.375450978,2.263960002
2,PVDF,0,1,15,1,0.09970584338,1.535388,0.806323384,9.941255204
3,PVDF,0,1,20,1,0.1244986019,1.606801,0.90553173,15.49990187
4,PVDF,0,1,25,1,0.06728802356,0.902869,0.633048541,4.527678114
5,PVDF,0,2,5,1,0.0441307042,0.8773648,0.5722335688,1.947519053
6,PVDF,0,2,10,1,0.06288524587,1.069635826,0.6900451628,3.954554148
7,PVDF,0,2,15,1,0.08858324894,1.1813808,0.6333668376,7.846991993
8,PVDF,0,2,20,1,0.1446480566,2.703518953,1.403206153,20.92306028
9,PVDF,0,2,25,1,0.06458239815,0.87614016,0.4507851536,4.170886151
10,PVDF,0,3,5,1,0.06096340287,0.601913,0.387116973,3.716536489
11,PVDF,0,3,10,1,0.1030999079,1.096705,0.651055026,10.629591
12,PVDF,0,3,15,1,0.1164676433,1.270138,0.972069174,13.56471194
13,PVDF,0,3,20,1,0.1981697196,3.1225502,1.664512295,39.27123777
14,PVDF,0,3,25,1,0.05441088315,0.785547,0.642128274,2.960544205
15,PVDF+BaTiO3,0,1,5,0,0.0511988099,0.663124,0.444379846,2.621318135
16,PVDF+BaTiO3,0,1,10,0,0.07477487483,0.816153,0.502505736,5.591281906
17,PVDF+BaTiO3,0,1,15,0,0.1140422782,1.249734,0.827206853,13.00564121
18,PVDF+BaTiO3,0,1,20,0,0.1539621058,2.310733,1.479965675,23.70433002
19,PVDF+BaTiO3,0,1,25,0,0.05931999506,0.744739,0.4105959,3.518861814
20,PVDF+BaTiO3,0,2,5,0,0.06265781095,1.0375344,0.7557376122,3.926001273
21,PVDF+BaTiO3,0,2,10,0,0.06877412381,1.20647772,0.8705703701,4.729880105
22,PVDF+BaTiO3,0,2,15,0,0.1171396137,1.655932715,1.153315077,13.7216891
23,PVDF+BaTiO3,0,2,20,0,0.156476373,1.719553458,1.113804744,24.48485532
24,PVDF+BaTiO3,0,2,25,0,0.06493091158,0.877365,0.500302137,4.216023279
25,PVDF+BaTiO3,0,3,5,0,0.06926367781,0.8895747957,0.4695109385,4.797457064
26,PVDF+BaTiO3,0,3,10,0,0.1013313305,1.563425144,1.153059032,10.26803855
27,PVDF+BaTiO3,0,3,15,0,0.1388988465,1.968131018,1.317202205,19.29288957
28,PVDF+BaTiO3,0,3,20,0,0.2377904825,4.949240494,2.955436009,56.54431358
29,PVDF+BaTiO3,0,3,25,0,0.08545289383,0.678327388,0.3728420887,7.302197063
30,PVDF+BaTiO3+%1CNT,1,1,5,0,0.009760861317,0.16323,0.083140201,0.09527441365
31,PVDF+BaTiO3+%1CNT,1,1,10,0,0.01450818842,0.153029,0.093954329,0.2104875312
32,PVDF+BaTiO3+%1CNT,1,1,15,0,0.03661213382,0.561105,0.394078884,1.340448342
33,PVDF+BaTiO3+%1CNT,1,1,20,0,0.0517332171,0.74984,0.526035667,2.676325752
34,PVDF+BaTiO3+%1CNT,1,1,25,0,0.0332888137,0.316259,0.236082521,1.108145117
35,PVDF+BaTiO3+%1CNT,1,2,5,0,0.06215695226,1.055395541,0.8022848835,3.863486715
36,PVDF+BaTiO3+%1CNT,1,2,10,0,0.08430580346,1.27021766,0.7358307008,7.107468496
37,PVDF+BaTiO3+%1CNT,1,2,15,0,0.1401508819,1.919661,0.9742514663,19.64226971
38,PVDF+BaTiO3+%1CNT,1,2,20,0,0.1861344755,2.690027338,1.631395038,34.64604298
39,PVDF+BaTiO3+%1CNT,1,2,25,0,0.06196232957,1.02646745,0.7145707701,3.839330286
40,PVDF+BaTiO3+%1CNT,1,3,5,0,0.06556874834,0.9576784791,0.7071771028,4.299260759
41,PVDF+BaTiO3+%1CNT,1,3,10,0,0.1269725678,1.513698031,0.9772400027,16.12203297
42,PVDF+BaTiO3+%1CNT,1,3,15,0,0.1701157376,2.119171309,1.434480699,28.93936418
43,PVDF+BaTiO3+%1CNT,1,3,20,0,0.2731362996,4.653444585,3.025317846,74.60343817
44,PVDF+BaTiO3+%1CNT,1,3,25,0,0.08560325097,0.8643978755,0.5255892335,7.327916576
45,PVDF+BaTiO3+%2CNT,2,1,5,0,0.03755673271,0.392773,0.287928105,1.410508172
46,PVDF+BaTiO3+%2CNT,2,1,10,0,0.04360056804,0.392773,0.31809033,1.901009534
47,PVDF+BaTiO3+%2CNT,2,1,15,0,0.04924463603,0.816153,0.690526634,2.425034177
48,PVDF+BaTiO3+%2CNT,2,1,20,0,0.06194724926,0.683528,0.533155744,3.837461691
49,PVDF+BaTiO3+%2CNT,2,1,25,0,0.05520203247,0.545802,0.394374792,3.047264389
50,PVDF+BaTiO3+%2CNT,2,2,5,0,0.06464104773,1.033834339,0.8888664111,4.178465051
51,PVDF+BaTiO3+%2CNT,2,2,10,0,0.10619074,1.329718043,1.009317747,11.27647327
52,PVDF+BaTiO3+%2CNT,2,2,15,0,0.1459420196,2.418761244,2.046453374,21.29907308
53,PVDF+BaTiO3+%2CNT,2,2,20,0,0.324715932,4.454026728,3.621934801,105.4404365
54,PVDF+BaTiO3+%2CNT,2,2,25,0,0.09618234523,0.9509888321,0.6871466628,9.251043533
55,PVDF+BaTiO3+%2CNT,2,3,5,0,0.1012974726,0.9994547232,0.709196965,10.26117795
56,PVDF+BaTiO3+%2CNT,2,3,10,0,0.1643594514,1.742340037,1.116447157,27.01402925
57,PVDF+BaTiO3+%2CNT,2,3,15,0,0.2335152333,3.351680276,2.632262983,54.52936416
58,PVDF+BaTiO3+%2CNT,2,3,20,0,0.4337970382,8.411025209,4.565866466,188.1798704
59,PVDF+BaTiO3+%2CNT,2,3,25,0,0.137571434,1.330479717,0.9962307836,18.92589944
60,PVDF+BaTiO3+%3CNT,3,1,5,0,0.02780919481,0.402975,0.23311881,0.7733513158
61,PVDF+BaTiO3+%3CNT,3,1,10,0,0.03376385751,0.504994,0.304139022,1.139998074
62,PVDF+BaTiO3+%3CNT,3,1,15,0,0.06472638288,0.928374,0.577519998,4.18950464
63,PVDF+BaTiO3+%3CNT,3,1,20,0,0.09895912209,1.341551,0.883541279,9.792907844
64,PVDF+BaTiO3+%3CNT,3,1,25,0,0.03230650841,0.2917759,0.2300915669,1.043710485
65,PVDF+BaTiO3+%3CNT,3,2,5,0,0.07333766406,1.013394274,0.6216423885,5.378412969
66,PVDF+BaTiO3+%3CNT,3,2,10,0,0.08429763716,1.413442664,0.7252084554,7.106091631
67,PVDF+BaTiO3+%3CNT,3,2,15,0,0.1438765505,2.555600231,1.564839105,20.70046177
68,PVDF+BaTiO3+%3CNT,3,2,20,0,0.2713050081,4.499031395,2.554069587,73.60640743
69,PVDF+BaTiO3+%3CNT,3,2,25,0,0.09371781677,1.10078055,0.6762729675,8.78302918
70,PVDF+BaTiO3+%3CNT,3,3,5,0,0.08715895279,1.028442234,0.5466172865,7.596683052
71,PVDF+BaTiO3+%3CNT,3,3,10,0,0.1348077118,1.442922714,0.9351560245,18.17311916
72,PVDF+BaTiO3+%3CNT,3,3,15,0,0.180169929,3.12131206,1.94344003,32.46120333
73,PVDF+BaTiO3+%3CNT,3,3,20,0,0.3279096638,6.492977505,3.917120257,107.5247476
74,PVDF+BaTiO3+%3CNT,3,3,25,0,0.1180664858,1.724359045,1.24262301,13.93969507
