problem,strategy,run,found_at,stopped_at,regret_stop,n_used
grid_n75,ofat_paper,0,10.0,11.0,0.0,11
grid_n75,ofat_paper,1,10.0,11.0,0.0,11
grid_n75,ofat_paper,2,10.0,11.0,0.0,11
grid_n75,ofat_paper,3,10.0,11.0,0.0,11
grid_n75,ofat_paper,4,10.0,11.0,0.0,11
grid_n75,ofat_paper,5,10.0,11.0,0.0,11
grid_n75,ofat_paper,6,10.0,11.0,0.0,11
grid_n75,ofat_paper,7,10.0,11.0,0.0,11
grid_n75,ofat_paper,8,10.0,11.0,0.0,11
grid_n75,ofat_paper,9,7.0,11.0,0.0,11
grid_n75,ofat_paper,10,7.0,11.0,0.0,11
grid_n75,ofat_paper,11,4.0,11.0,0.0,11
grid_n75,ofat_paper,12,11.0,11.0,0.0,11
grid_n75,ofat_paper,13,11.0,11.0,0.0,11
grid_n75,ofat_paper,14,11.0,11.0,0.0,11
grid_n75,ofat_init,0,19.0,20.0,0.0,20
grid_n75,ofat_init,1,18.0,19.0,0.0,19
grid_n75,ofat_init,2,19.0,20.0,0.0,20
grid_n75,ofat_init,3,16.0,20.0,0.0,20
grid_n75,ofat_init,4,14.0,20.0,0.0,20
grid_n75,ofat_init,5,16.0,20.0,0.0,20
grid_n75,ofat_init,6,19.0,20.0,0.0,20
grid_n75,ofat_init,7,18.0,19.0,0.0,19
grid_n75,ofat_init,8,19.0,19.0,0.0,19
grid_n75,ofat_init,9,10.0,17.0,0.0,17
grid_n75,ofat_init,10,10.0,19.0,0.0,19
grid_n75,ofat_init,11,18.0,19.0,0.0,19
grid_n75,ofat_init,12,17.0,18.0,0.0,18
grid_n75,ofat_init,13,19.0,19.0,0.0,19
grid_n75,ofat_init,14,20.0,20.0,0.0,20
grid_n75,ofat_init,15,19.0,20.0,0.0,20
grid_n75,ofat_init,16,16.0,20.0,0.0,20
grid_n75,ofat_init,17,13.0,19.0,0.0,19
grid_n75,ofat_init,18,10.0,19.0,0.0,19
grid_n75,ofat_init,19,17.0,18.0,0.0,18
grid_n75,ofat_init,20,10.0,19.0,0.0,19
grid_n75,ofat_init,21,15.0,19.0,0.0,19
grid_n75,ofat_init,22,19.0,20.0,0.0,20
grid_n75,ofat_init,23,18.0,18.0,0.0,18
grid_n75,ofat_init,24,18.0,19.0,0.0,19
grid_n75,ofat_init,25,10.0,20.0,0.0,20
grid_n75,ofat_init,26,20.0,20.0,0.0,20
grid_n75,ofat_init,27,19.0,19.0,0.0,19
grid_n75,ofat_init,28,10.0,17.0,0.0,17
grid_n75,ofat_init,29,18.0,19.0,0.0,19
grid_n75,random,0,10.0,,,10
grid_n75,random,1,60.0,,,60
grid_n75,random,2,10.0,,,10
grid_n75,random,3,37.0,,,37
grid_n75,random,4,53.0,,,53
grid_n75,random,5,45.0,,,45
grid_n75,random,6,42.0,,,42
grid_n75,random,7,62.0,,,62
grid_n75,random,8,47.0,,,47
grid_n75,random,9,15.0,,,15
grid_n75,random,10,31.0,,,31
grid_n75,random,11,46.0,,,46
grid_n75,random,12,60.0,,,60
grid_n75,random,13,19.0,,,19
grid_n75,random,14,39.0,,,39
grid_n75,random,15,20.0,,,20
grid_n75,random,16,39.0,,,39
grid_n75,random,17,28.0,,,28
grid_n75,random,18,57.0,,,57
grid_n75,random,19,11.0,,,11
grid_n75,random,20,43.0,,,43
grid_n75,random,21,10.0,,,10
grid_n75,random,22,36.0,,,36
grid_n75,random,23,34.0,,,34
grid_n75,random,24,42.0,,,42
grid_n75,random,25,10.0,,,10
grid_n75,random,26,25.0,,,25
grid_n75,random,27,23.0,,,23
grid_n75,random,28,74.0,,,74
grid_n75,random,29,68.0,,,68
grid_n75,ei_gp,0,15.0,19.0,0.0,20
grid_n75,ei_gp,1,13.0,13.0,0.0,14
grid_n75,ei_gp,2,15.0,15.0,0.0,16
grid_n75,ei_gp,3,29.0,15.0,0.10908110627815154,29
grid_n75,ei_gp,4,15.0,14.0,0.29622560427909483,15
grid_n75,ei_gp,5,21.0,15.0,0.10908110627815154,21
grid_n75,ei_gp,6,20.0,15.0,0.10588737443438023,20
grid_n75,ei_gp,7,12.0,18.0,0.0,19
grid_n75,ei_gp,8,20.0,13.0,0.10588737443438023,20
grid_n75,ei_gp,9,10.0,15.0,0.0,16
grid_n75,ei_gp,10,10.0,16.0,0.0,17
grid_n75,ei_gp,11,16.0,16.0,0.0,17
grid_n75,ei_gp,12,23.0,12.0,0.1606607386117131,23
grid_n75,ei_gp,13,13.0,12.0,0.10588737443438023,13
grid_n75,ei_gp,14,23.0,12.0,0.10588737443438023,23
grid_n75,ei_gp,15,25.0,15.0,0.10588737443438023,25
grid_n75,ei_gp,16,14.0,13.0,0.10908110627815154,14
grid_n75,ei_gp,17,14.0,13.0,0.20028180498575307,14
grid_n75,ei_gp,18,10.0,12.0,0.0,13
grid_n75,ei_gp,19,26.0,14.0,0.10588737443438023,26
grid_n75,ei_gp,20,10.0,13.0,0.0,14
grid_n75,ei_gp,21,19.0,12.0,0.2878550186454174,19
grid_n75,ei_gp,22,15.0,18.0,0.0,19
grid_n75,ei_gp,23,28.0,12.0,0.10588737443438023,28
grid_n75,ei_gp,24,17.0,16.0,0.10588737443438023,17
grid_n75,ei_gp,25,10.0,18.0,0.0,19
grid_n75,ei_gp,26,17.0,13.0,0.10588737443438023,17
grid_n75,ei_gp,27,12.0,12.0,0.0,13
grid_n75,ei_gp,28,10.0,14.0,0.0,15
grid_n75,ei_gp,29,14.0,17.0,0.0,18
grid_n75,ei_law,0,12.0,13.0,0.0,14
grid_n75,ei_law,1,16.0,15.0,0.1606607386117131,16
grid_n75,ei_law,2,13.0,15.0,0.0,16
grid_n75,ei_law,3,11.0,15.0,0.0,16
grid_n75,ei_law,4,27.0,13.0,0.10588737443438023,27
grid_n75,ei_law,5,12.0,16.0,0.0,17
grid_n75,ei_law,6,11.0,16.0,0.0,17
grid_n75,ei_law,7,14.0,14.0,0.0,15
grid_n75,ei_law,8,13.0,15.0,0.0,16
grid_n75,ei_law,9,10.0,14.0,0.0,15
grid_n75,ei_law,10,10.0,13.0,0.0,14
grid_n75,ei_law,11,13.0,13.0,0.0,14
grid_n75,ei_law,12,12.0,14.0,0.0,15
grid_n75,ei_law,13,13.0,15.0,0.0,16
grid_n75,ei_law,14,13.0,16.0,0.0,17
grid_n75,ei_law,15,14.0,16.0,0.0,17
grid_n75,ei_law,16,12.0,14.0,0.0,15
grid_n75,ei_law,17,14.0,14.0,0.0,15
grid_n75,ei_law,18,10.0,12.0,0.0,13
grid_n75,ei_law,19,12.0,13.0,0.0,14
grid_n75,ei_law,20,10.0,12.0,0.0,13
grid_n75,ei_law,21,13.0,13.0,0.0,14
grid_n75,ei_law,22,12.0,13.0,0.0,14
grid_n75,ei_law,23,12.0,13.0,0.0,14
grid_n75,ei_law,24,12.0,13.0,0.0,14
grid_n75,ei_law,25,10.0,15.0,0.0,16
grid_n75,ei_law,26,13.0,15.0,0.0,16
grid_n75,ei_law,27,12.0,14.0,0.0,15
grid_n75,ei_law,28,10.0,13.0,0.0,14
grid_n75,ei_law,29,12.0,16.0,0.0,17
grid_n75,ucb_gp,0,17.0,17.0,0.0,18
grid_n75,ucb_gp,1,18.0,13.0,0.23562731863795108,18
grid_n75,ucb_gp,2,16.0,15.0,0.10588737443438023,16
grid_n75,ucb_gp,3,17.0,17.0,0.0,18
grid_n75,ucb_gp,4,17.0,14.0,0.29622560427909483,17
grid_n75,ucb_gp,5,18.0,20.0,0.0,21
grid_n75,ucb_gp,6,21.0,13.0,0.27732066519353343,21
grid_n75,ucb_gp,7,18.0,17.0,0.10588737443438023,18
grid_n75,ucb_gp,8,13.0,13.0,0.0,14
grid_n75,ucb_gp,9,10.0,16.0,0.0,17
grid_n75,ucb_gp,10,10.0,15.0,0.0,16
grid_n75,ucb_gp,11,15.0,15.0,0.0,16
grid_n75,ucb_gp,12,13.0,12.0,0.10588737443438023,13
grid_n75,ucb_gp,13,13.0,12.0,0.10588737443438023,13
grid_n75,ucb_gp,14,14.0,12.0,0.10588737443438023,14
grid_n75,ucb_gp,15,17.0,15.0,0.10588737443438023,17
grid_n75,ucb_gp,16,13.0,16.0,0.0,17
grid_n75,ucb_gp,17,14.0,13.0,0.20028180498575307,14
grid_n75,ucb_gp,18,10.0,12.0,0.0,13
grid_n75,ucb_gp,19,11.0,14.0,0.0,15
grid_n75,ucb_gp,20,10.0,13.0,0.0,14
grid_n75,ucb_gp,21,18.0,12.0,0.2878550186454174,18
grid_n75,ucb_gp,22,17.0,13.0,0.19600655571190748,17
grid_n75,ucb_gp,23,13.0,12.0,0.10588737443438023,13
grid_n75,ucb_gp,24,15.0,15.0,0.0,16
grid_n75,ucb_gp,25,10.0,18.0,0.0,19
grid_n75,ucb_gp,26,15.0,13.0,0.10588737443438023,15
grid_n75,ucb_gp,27,12.0,12.0,0.0,13
grid_n75,ucb_gp,28,10.0,14.0,0.0,15
grid_n75,ucb_gp,29,14.0,17.0,0.0,18
grid_n75,ucb_law,0,12.0,13.0,0.0,14
grid_n75,ucb_law,1,16.0,15.0,0.1606607386117131,16
grid_n75,ucb_law,2,13.0,15.0,0.0,16
grid_n75,ucb_law,3,11.0,15.0,0.0,16
grid_n75,ucb_law,4,15.0,13.0,0.10588737443438023,15
grid_n75,ucb_law,5,12.0,16.0,0.0,17
grid_n75,ucb_law,6,12.0,13.0,0.0,14
grid_n75,ucb_law,7,14.0,14.0,0.0,15
grid_n75,ucb_law,8,13.0,15.0,0.0,16
grid_n75,ucb_law,9,10.0,14.0,0.0,15
grid_n75,ucb_law,10,10.0,13.0,0.0,14
grid_n75,ucb_law,11,13.0,13.0,0.0,14
grid_n75,ucb_law,12,12.0,14.0,0.0,15
grid_n75,ucb_law,13,13.0,15.0,0.0,16
grid_n75,ucb_law,14,14.0,12.0,0.10588737443438023,14
grid_n75,ucb_law,15,14.0,16.0,0.0,17
grid_n75,ucb_law,16,12.0,14.0,0.0,15
grid_n75,ucb_law,17,14.0,14.0,0.0,15
grid_n75,ucb_law,18,10.0,12.0,0.0,13
grid_n75,ucb_law,19,12.0,13.0,0.0,14
grid_n75,ucb_law,20,10.0,12.0,0.0,13
grid_n75,ucb_law,21,13.0,13.0,0.0,14
grid_n75,ucb_law,22,15.0,13.0,0.10588737443438023,15
grid_n75,ucb_law,23,12.0,13.0,0.0,14
grid_n75,ucb_law,24,12.0,13.0,0.0,14
grid_n75,ucb_law,25,10.0,15.0,0.0,16
grid_n75,ucb_law,26,13.0,15.0,0.0,16
grid_n75,ucb_law,27,12.0,14.0,0.0,15
grid_n75,ucb_law,28,10.0,13.0,0.0,14
grid_n75,ucb_law,29,12.0,16.0,0.0,17
grid_n75,ts_gp,0,24.0,16.0,0.10908110627815154,24
grid_n75,ts_gp,1,15.0,14.0,0.1606607386117131,15
grid_n75,ts_gp,2,16.0,15.0,0.10588737443438023,16
grid_n75,ts_gp,3,12.0,15.0,0.0,16
grid_n75,ts_gp,4,11.0,14.0,0.0,15
grid_n75,ts_gp,5,18.0,15.0,0.10908110627815154,18
grid_n75,ts_gp,6,15.0,17.0,0.0,18
grid_n75,ts_gp,7,13.0,20.0,0.0,21
grid_n75,ts_gp,8,13.0,13.0,0.0,14
grid_n75,ts_gp,9,10.0,16.0,0.0,17
grid_n75,ts_gp,10,10.0,18.0,0.0,19
grid_n75,ts_gp,11,17.0,14.0,0.10908110627815154,17
grid_n75,ts_gp,12,14.0,12.0,0.1606607386117131,14
grid_n75,ts_gp,13,14.0,14.0,0.0,15
grid_n75,ts_gp,14,13.0,12.0,0.10588737443438023,13
grid_n75,ts_gp,15,15.0,17.0,0.0,18
grid_n75,ts_gp,16,12.0,13.0,0.0,14
grid_n75,ts_gp,17,17.0,13.0,0.2694375868857752,17
grid_n75,ts_gp,18,10.0,16.0,0.0,17
grid_n75,ts_gp,19,11.0,14.0,0.0,15
grid_n75,ts_gp,20,10.0,13.0,0.0,14
grid_n75,ts_gp,21,14.0,12.0,0.2878550186454174,14
grid_n75,ts_gp,22,13.0,13.0,0.0,14
grid_n75,ts_gp,23,12.0,12.0,0.0,13
grid_n75,ts_gp,24,15.0,18.0,0.0,19
grid_n75,ts_gp,25,10.0,17.0,0.0,18
grid_n75,ts_gp,26,13.0,13.0,0.0,14
grid_n75,ts_gp,27,20.0,12.0,0.10908110627815154,20
grid_n75,ts_gp,28,10.0,18.0,0.0,19
grid_n75,ts_gp,29,15.0,12.0,0.2636813006267391,15
grid_n75,ts_law,0,13.0,13.0,0.0,14
grid_n75,ts_law,1,17.0,15.0,0.1606607386117131,17
grid_n75,ts_law,2,13.0,15.0,0.0,16
grid_n75,ts_law,3,11.0,15.0,0.0,16
grid_n75,ts_law,4,14.0,14.0,0.0,15
grid_n75,ts_law,5,12.0,16.0,0.0,17
grid_n75,ts_law,6,13.0,13.0,0.0,14
grid_n75,ts_law,7,15.0,13.0,0.19600655571190748,15
grid_n75,ts_law,8,13.0,15.0,0.0,16
grid_n75,ts_law,9,10.0,14.0,0.0,15
grid_n75,ts_law,10,10.0,13.0,0.0,14
grid_n75,ts_law,11,14.0,13.0,0.10588737443438023,14
grid_n75,ts_law,12,12.0,14.0,0.0,15
grid_n75,ts_law,13,13.0,15.0,0.0,16
grid_n75,ts_law,14,14.0,12.0,0.10588737443438023,14
grid_n75,ts_law,15,14.0,17.0,0.0,18
grid_n75,ts_law,16,12.0,14.0,0.0,15
grid_n75,ts_law,17,14.0,14.0,0.0,15
grid_n75,ts_law,18,10.0,12.0,0.0,13
grid_n75,ts_law,19,12.0,13.0,0.0,14
grid_n75,ts_law,20,10.0,12.0,0.0,13
grid_n75,ts_law,21,12.0,14.0,0.0,15
grid_n75,ts_law,22,13.0,13.0,0.0,14
grid_n75,ts_law,23,12.0,13.0,0.0,14
grid_n75,ts_law,24,12.0,13.0,0.0,14
grid_n75,ts_law,25,10.0,15.0,0.0,16
grid_n75,ts_law,26,13.0,15.0,0.0,16
grid_n75,ts_law,27,12.0,14.0,0.0,15
grid_n75,ts_law,28,10.0,13.0,0.0,14
grid_n75,ts_law,29,12.0,16.0,0.0,17
grid_n75,bei_gp,0,22.0,28.0,0.0,31
grid_n75,bei_gp,1,16.0,22.0,0.0,25
grid_n75,bei_gp,2,19.0,25.0,0.0,28
grid_n75,bei_gp,3,31.0,19.0,0.10908110627815154,31
grid_n75,bei_gp,4,16.0,19.0,0.0,22
grid_n75,bei_gp,5,28.0,22.0,0.10588737443438023,28
grid_n75,bei_gp,6,19.0,25.0,0.0,28
grid_n75,bei_gp,7,16.0,28.0,0.0,31
grid_n75,bei_gp,8,22.0,19.0,0.10588737443438023,22
grid_n75,bei_gp,9,10.0,22.0,0.0,25
grid_n75,bei_gp,10,10.0,22.0,0.0,25
grid_n75,bei_gp,11,16.0,22.0,0.0,25
grid_n75,bei_gp,12,22.0,16.0,0.1606607386117131,22
grid_n75,bei_gp,13,16.0,16.0,0.0,19
grid_n75,bei_gp,14,19.0,16.0,0.10588737443438023,19
grid_n75,bei_gp,15,16.0,25.0,0.0,28
grid_n75,bei_gp,16,19.0,25.0,0.0,28
grid_n75,bei_gp,17,22.0,19.0,0.20028180498575307,22
grid_n75,bei_gp,18,10.0,16.0,0.0,19
grid_n75,bei_gp,19,28.0,19.0,0.10588737443438023,28
grid_n75,bei_gp,20,10.0,19.0,0.0,22
grid_n75,bei_gp,21,31.0,28.0,0.10588737443438023,31
grid_n75,bei_gp,22,34.0,19.0,0.10588737443438023,34
grid_n75,bei_gp,23,34.0,16.0,0.10588737443438023,34
grid_n75,bei_gp,24,19.0,25.0,0.0,28
grid_n75,bei_gp,25,10.0,19.0,0.0,22
grid_n75,bei_gp,26,19.0,22.0,0.0,25
grid_n75,bei_gp,27,16.0,22.0,0.0,25
grid_n75,bei_gp,28,10.0,16.0,0.0,19
grid_n75,bei_gp,29,16.0,22.0,0.0,25
grid_n75,bei_law,0,16.0,25.0,0.0,28
grid_n75,bei_law,1,16.0,22.0,0.0,25
grid_n75,bei_law,2,16.0,22.0,0.0,25
grid_n75,bei_law,3,13.0,22.0,0.0,25
grid_n75,bei_law,4,13.0,19.0,0.0,22
grid_n75,bei_law,5,16.0,22.0,0.0,25
grid_n75,bei_law,6,13.0,19.0,0.0,22
grid_n75,bei_law,7,16.0,19.0,0.0,22
grid_n75,bei_law,8,16.0,19.0,0.0,22
grid_n75,bei_law,9,10.0,19.0,0.0,22
grid_n75,bei_law,10,10.0,19.0,0.0,22
grid_n75,bei_law,11,13.0,19.0,0.0,22
grid_n75,bei_law,12,16.0,22.0,0.0,25
grid_n75,bei_law,13,13.0,19.0,0.0,22
grid_n75,bei_law,14,19.0,22.0,0.0,25
grid_n75,bei_law,15,16.0,22.0,0.0,25
grid_n75,bei_law,16,16.0,22.0,0.0,25
grid_n75,bei_law,17,19.0,19.0,0.0,22
grid_n75,bei_law,18,10.0,16.0,0.0,19
grid_n75,bei_law,19,13.0,19.0,0.0,22
grid_n75,bei_law,20,10.0,16.0,0.0,19
grid_n75,bei_law,21,16.0,22.0,0.0,25
grid_n75,bei_law,22,13.0,19.0,0.0,22
grid_n75,bei_law,23,16.0,19.0,0.0,22
grid_n75,bei_law,24,16.0,19.0,0.0,22
grid_n75,bei_law,25,10.0,19.0,0.0,22
grid_n75,bei_law,26,19.0,25.0,0.0,28
grid_n75,bei_law,27,16.0,22.0,0.0,25
grid_n75,bei_law,28,10.0,19.0,0.0,22
grid_n75,bei_law,29,16.0,22.0,0.0,25
grid_n75,hyb_gp,0,18.0,21.0,0.0,22
grid_n75,hyb_gp,1,19.0,17.0,0.10588737443438023,19
grid_n75,hyb_gp,2,21.0,24.0,0.0,25
grid_n75,hyb_gp,3,16.0,21.0,0.0,22
grid_n75,hyb_gp,4,14.0,20.0,0.0,21
grid_n75,hyb_gp,5,16.0,21.0,0.0,22
grid_n75,hyb_gp,6,20.0,18.0,0.19600655571190748,20
grid_n75,hyb_gp,7,23.0,17.0,0.10588737443438023,23
grid_n75,hyb_gp,8,17.0,18.0,0.0,19
grid_n75,hyb_gp,9,10.0,17.0,0.0,18
grid_n75,hyb_gp,10,10.0,18.0,0.0,19
grid_n75,hyb_gp,11,21.0,18.0,0.10588737443438023,21
grid_n75,hyb_gp,12,21.0,17.0,0.10588737443438023,21
grid_n75,hyb_gp,13,18.0,17.0,0.10588737443438023,18
grid_n75,hyb_gp,14,17.0,20.0,0.0,21
grid_n75,hyb_gp,15,27.0,19.0,0.10588737443438023,27
grid_n75,hyb_gp,16,16.0,19.0,0.0,20
grid_n75,hyb_gp,17,13.0,18.0,0.0,19
grid_n75,hyb_gp,18,10.0,19.0,0.0,20
grid_n75,hyb_gp,19,16.0,17.0,0.0,18
grid_n75,hyb_gp,20,10.0,18.0,0.0,19
grid_n75,hyb_gp,21,15.0,19.0,0.0,20
grid_n75,hyb_gp,22,19.0,18.0,0.10588737443438023,19
grid_n75,hyb_gp,23,32.0,18.0,0.10588737443438023,32
grid_n75,hyb_gp,24,21.0,18.0,0.10588737443438023,21
grid_n75,hyb_gp,25,10.0,21.0,0.0,22
grid_n75,hyb_gp,26,18.0,19.0,0.0,20
grid_n75,hyb_gp,27,16.0,17.0,0.0,18
grid_n75,hyb_gp,28,10.0,16.0,0.0,17
grid_n75,hyb_gp,29,18.0,18.0,0.0,19
grid_n75,hyb_law,0,18.0,19.0,0.0,20
grid_n75,hyb_law,1,18.0,18.0,0.0,19
grid_n75,hyb_law,2,18.0,19.0,0.0,20
grid_n75,hyb_law,3,16.0,18.0,0.0,19
grid_n75,hyb_law,4,14.0,18.0,0.0,19
grid_n75,hyb_law,5,16.0,18.0,0.0,19
grid_n75,hyb_law,6,18.0,19.0,0.0,20
grid_n75,hyb_law,7,19.0,18.0,0.10588737443438023,19
grid_n75,hyb_law,8,16.0,18.0,0.0,19
grid_n75,hyb_law,9,10.0,16.0,0.0,17
grid_n75,hyb_law,10,10.0,18.0,0.0,19
grid_n75,hyb_law,11,18.0,18.0,0.0,19
grid_n75,hyb_law,12,16.0,18.0,0.0,19
grid_n75,hyb_law,13,16.0,17.0,0.0,18
grid_n75,hyb_law,14,20.0,18.0,0.10588737443438023,20
grid_n75,hyb_law,15,20.0,19.0,0.10588737443438023,20
grid_n75,hyb_law,16,16.0,19.0,0.0,20
grid_n75,hyb_law,17,13.0,18.0,0.0,19
grid_n75,hyb_law,18,10.0,18.0,0.0,19
grid_n75,hyb_law,19,16.0,17.0,0.0,18
grid_n75,hyb_law,20,10.0,18.0,0.0,19
grid_n75,hyb_law,21,15.0,19.0,0.0,20
grid_n75,hyb_law,22,20.0,19.0,0.10588737443438023,20
grid_n75,hyb_law,23,17.0,18.0,0.0,19
grid_n75,hyb_law,24,17.0,18.0,0.0,19
grid_n75,hyb_law,25,10.0,20.0,0.0,21
grid_n75,hyb_law,26,17.0,19.0,0.0,20
grid_n75,hyb_law,27,18.0,17.0,0.10588737443438023,18
grid_n75,hyb_law,28,10.0,17.0,0.0,18
grid_n75,hyb_law,29,18.0,21.0,0.0,22
grid_n75,hyb_ofatstart_gp,0,37.0,14.0,0.10588737443438023,37
grid_n75,hyb_ofatstart_gp,1,35.0,12.0,0.10588737443438023,35
grid_n75,hyb_ofatstart_gp,2,37.0,12.0,0.10588737443438023,37
grid_n75,hyb_ofatstart_gp,3,32.0,14.0,0.10588737443438023,32
grid_n75,hyb_ofatstart_gp,4,33.0,13.0,0.10588737443438023,33
grid_n75,hyb_ofatstart_gp,5,10.0,14.0,0.0,15
grid_n75,hyb_ofatstart_gp,6,47.0,14.0,0.10588737443438023,47
grid_n75,hyb_ofatstart_gp,7,35.0,12.0,0.10588737443438023,35
grid_n75,hyb_ofatstart_gp,8,40.0,11.0,0.10588737443438023,40
grid_n75,hyb_ofatstart_gp,9,7.0,17.0,0.0,18
grid_n75,hyb_ofatstart_gp,10,7.0,11.0,0.0,12
grid_n75,hyb_ofatstart_gp,11,4.0,10.0,0.0,11
grid_n75,hyb_ofatstart_gp,12,10.0,14.0,0.0,15
grid_n75,hyb_ofatstart_gp,13,8.0,11.0,0.0,12
grid_n75,hyb_ofatstart_gp,14,8.0,11.0,0.0,12
grid_n75,hyb_ofatstart_law,0,12.0,14.0,0.0,15
grid_n75,hyb_ofatstart_law,1,10.0,12.0,0.0,13
grid_n75,hyb_ofatstart_law,2,11.0,12.0,0.0,13
grid_n75,hyb_ofatstart_law,3,12.0,13.0,0.0,14
grid_n75,hyb_ofatstart_law,4,15.0,10.0,0.19600655571190748,15
grid_n75,hyb_ofatstart_law,5,16.0,10.0,0.19600655571190748,16
grid_n75,hyb_ofatstart_law,6,11.0,11.0,0.0,12
grid_n75,hyb_ofatstart_law,7,9.0,11.0,0.0,12
grid_n75,hyb_ofatstart_law,8,9.0,10.0,0.0,11
grid_n75,hyb_ofatstart_law,9,7.0,11.0,0.0,12
grid_n75,hyb_ofatstart_law,10,7.0,11.0,0.0,12
grid_n75,hyb_ofatstart_law,11,4.0,11.0,0.0,12
grid_n75,hyb_ofatstart_law,12,9.0,11.0,0.0,12
grid_n75,hyb_ofatstart_law,13,12.0,11.0,0.10588737443438023,12
grid_n75,hyb_ofatstart_law,14,8.0,11.0,0.0,12
grid_n72,ofat_paper,0,10.0,10.0,0.0,10
grid_n72,ofat_paper,1,10.0,10.0,0.0,10
grid_n72,ofat_paper,2,10.0,10.0,0.0,10
grid_n72,ofat_paper,3,10.0,10.0,0.0,10
grid_n72,ofat_paper,4,10.0,10.0,0.0,10
grid_n72,ofat_paper,5,10.0,10.0,0.0,10
grid_n72,ofat_paper,6,10.0,10.0,0.0,10
grid_n72,ofat_paper,7,10.0,10.0,0.0,10
grid_n72,ofat_paper,8,10.0,10.0,0.0,10
grid_n72,ofat_paper,9,7.0,10.0,0.0,10
grid_n72,ofat_paper,10,5.0,8.0,0.0,8
grid_n72,ofat_paper,11,4.0,10.0,0.0,10
grid_n72,ofat_paper,12,,10.0,0.10908110627815154,10
grid_n72,ofat_paper,13,,10.0,0.10908110627815154,10
grid_n72,ofat_paper,14,,10.0,0.20028180498575307,10
grid_n72,ofat_init,0,19.0,19.0,0.0,19
grid_n72,ofat_init,1,10.0,19.0,0.0,19
grid_n72,ofat_init,2,14.0,16.0,0.0,16
grid_n72,ofat_init,3,13.0,19.0,0.0,19
grid_n72,ofat_init,4,18.0,18.0,0.0,18
grid_n72,ofat_init,5,18.0,18.0,0.0,18
grid_n72,ofat_init,6,17.0,17.0,0.0,17
grid_n72,ofat_init,7,14.0,17.0,0.0,17
grid_n72,ofat_init,8,13.0,19.0,0.0,19
grid_n72,ofat_init,9,12.0,18.0,0.0,18
grid_n72,ofat_init,10,10.0,16.0,0.0,16
grid_n72,ofat_init,11,19.0,19.0,0.0,19
grid_n72,ofat_init,12,18.0,18.0,0.0,18
grid_n72,ofat_init,13,10.0,17.0,0.0,17
grid_n72,ofat_init,14,,17.0,0.20028180498575307,17
grid_n72,ofat_init,15,18.0,18.0,0.0,18
grid_n72,ofat_init,16,19.0,19.0,0.0,19
grid_n72,ofat_init,17,14.0,17.0,0.0,17
grid_n72,ofat_init,18,10.0,18.0,0.0,18
grid_n72,ofat_init,19,17.0,17.0,0.0,17
grid_n72,ofat_init,20,10.0,19.0,0.0,19
grid_n72,ofat_init,21,17.0,17.0,0.0,17
grid_n72,ofat_init,22,19.0,19.0,0.0,19
grid_n72,ofat_init,23,,17.0,0.20028180498575307,17
grid_n72,ofat_init,24,13.0,15.0,0.0,15
grid_n72,ofat_init,25,13.0,19.0,0.0,19
grid_n72,ofat_init,26,,19.0,0.20028180498575307,19
grid_n72,ofat_init,27,18.0,18.0,0.0,18
grid_n72,ofat_init,28,14.0,17.0,0.0,17
grid_n72,ofat_init,29,17.0,17.0,0.0,17
grid_n72,random,0,71.0,,,71
grid_n72,random,1,36.0,,,36
grid_n72,random,2,53.0,,,53
grid_n72,random,3,16.0,,,16
grid_n72,random,4,45.0,,,45
grid_n72,random,5,47.0,,,47
grid_n72,random,6,29.0,,,29
grid_n72,random,7,45.0,,,45
grid_n72,random,8,45.0,,,45
grid_n72,random,9,31.0,,,31
grid_n72,random,10,47.0,,,47
grid_n72,random,11,30.0,,,30
grid_n72,random,12,72.0,,,72
grid_n72,random,13,62.0,,,62
grid_n72,random,14,10.0,,,10
grid_n72,random,15,10.0,,,10
grid_n72,random,16,63.0,,,63
grid_n72,random,17,32.0,,,32
grid_n72,random,18,50.0,,,50
grid_n72,random,19,17.0,,,17
grid_n72,random,20,58.0,,,58
grid_n72,random,21,69.0,,,69
grid_n72,random,22,10.0,,,10
grid_n72,random,23,64.0,,,64
grid_n72,random,24,40.0,,,40
grid_n72,random,25,10.0,,,10
grid_n72,random,26,36.0,,,36
grid_n72,random,27,10.0,,,10
grid_n72,random,28,10.0,,,10
grid_n72,random,29,20.0,,,20
grid_n72,ei_gp,0,21.0,14.0,0.19600655571190748,21
grid_n72,ei_gp,1,10.0,18.0,0.0,19
grid_n72,ei_gp,2,15.0,13.0,0.10908110627815154,15
grid_n72,ei_gp,3,11.0,17.0,0.0,18
grid_n72,ei_gp,4,13.0,15.0,0.0,16
grid_n72,ei_gp,5,27.0,14.0,0.1606607386117131,27
grid_n72,ei_gp,6,12.0,13.0,0.0,14
grid_n72,ei_gp,7,16.0,13.0,0.10908110627815154,16
grid_n72,ei_gp,8,13.0,16.0,0.0,17
grid_n72,ei_gp,9,15.0,18.0,0.0,19
grid_n72,ei_gp,10,10.0,14.0,0.0,15
grid_n72,ei_gp,11,18.0,15.0,0.23562731863795108,18
grid_n72,ei_gp,12,12.0,15.0,0.0,16
grid_n72,ei_gp,13,10.0,12.0,0.0,13
grid_n72,ei_gp,14,13.0,15.0,0.0,16
grid_n72,ei_gp,15,13.0,16.0,0.0,17
grid_n72,ei_gp,16,11.0,13.0,0.0,14
grid_n72,ei_gp,17,19.0,15.0,0.10908110627815154,19
grid_n72,ei_gp,18,10.0,16.0,0.0,17
grid_n72,ei_gp,19,28.0,13.0,0.27732066519353343,28
grid_n72,ei_gp,20,10.0,17.0,0.0,18
grid_n72,ei_gp,21,19.0,13.0,0.23562731863795108,19
grid_n72,ei_gp,22,20.0,19.0,0.20028180498575307,20
grid_n72,ei_gp,23,13.0,13.0,0.0,14
grid_n72,ei_gp,24,14.0,15.0,0.0,16
grid_n72,ei_gp,25,15.0,13.0,0.20028180498575307,15
grid_n72,ei_gp,26,13.0,18.0,0.0,19
grid_n72,ei_gp,27,11.0,15.0,0.0,16
grid_n72,ei_gp,28,14.0,16.0,0.0,17
grid_n72,ei_gp,29,19.0,12.0,0.10908110627815154,19
grid_n72,ei_law,0,14.0,17.0,0.0,18
grid_n72,ei_law,1,10.0,13.0,0.0,14
grid_n72,ei_law,2,13.0,15.0,0.0,16
grid_n72,ei_law,3,16.0,15.0,0.20028180498575307,16
grid_n72,ei_law,4,13.0,15.0,0.0,16
grid_n72,ei_law,5,12.0,15.0,0.0,16
grid_n72,ei_law,6,16.0,12.0,0.19600655571190748,16
grid_n72,ei_law,7,12.0,14.0,0.0,15
grid_n72,ei_law,8,14.0,12.0,0.20028180498575307,14
grid_n72,ei_law,9,15.0,17.0,0.0,18
grid_n72,ei_law,10,10.0,14.0,0.0,15
grid_n72,ei_law,11,13.0,15.0,0.0,16
grid_n72,ei_law,12,11.0,13.0,0.0,14
grid_n72,ei_law,13,10.0,12.0,0.0,13
grid_n72,ei_law,14,13.0,15.0,0.0,16
grid_n72,ei_law,15,14.0,16.0,0.0,17
grid_n72,ei_law,16,13.0,14.0,0.0,15
grid_n72,ei_law,17,15.0,16.0,0.0,17
grid_n72,ei_law,18,10.0,13.0,0.0,14
grid_n72,ei_law,19,11.0,13.0,0.0,14
grid_n72,ei_law,20,10.0,13.0,0.0,14
grid_n72,ei_law,21,14.0,17.0,0.0,18
grid_n72,ei_law,22,14.0,15.0,0.0,16
grid_n72,ei_law,23,12.0,14.0,0.0,15
grid_n72,ei_law,24,13.0,15.0,0.0,16
grid_n72,ei_law,25,12.0,13.0,0.0,14
grid_n72,ei_law,26,11.0,14.0,0.0,15
grid_n72,ei_law,27,14.0,14.0,0.0,15
grid_n72,ei_law,28,13.0,15.0,0.0,16
grid_n72,ei_law,29,14.0,16.0,0.0,17
grid_n72,ucb_gp,0,20.0,15.0,0.19600655571190748,20
grid_n72,ucb_gp,1,10.0,17.0,0.0,18
grid_n72,ucb_gp,2,15.0,17.0,0.0,18
grid_n72,ucb_gp,3,15.0,20.0,0.0,21
grid_n72,ucb_gp,4,14.0,16.0,0.0,17
grid_n72,ucb_gp,5,15.0,15.0,0.0,16
grid_n72,ucb_gp,6,12.0,13.0,0.0,14
grid_n72,ucb_gp,7,19.0,13.0,0.10908110627815154,19
grid_n72,ucb_gp,8,13.0,18.0,0.0,19
grid_n72,ucb_gp,9,15.0,18.0,0.0,19
grid_n72,ucb_gp,10,10.0,13.0,0.0,14
grid_n72,ucb_gp,11,16.0,12.0,0.28914898164584096,16
grid_n72,ucb_gp,12,12.0,15.0,0.0,16
grid_n72,ucb_gp,13,10.0,12.0,0.0,13
grid_n72,ucb_gp,14,15.0,12.0,0.10908110627815154,15
grid_n72,ucb_gp,15,14.0,12.0,0.23562731863795108,14
grid_n72,ucb_gp,16,11.0,13.0,0.0,14
grid_n72,ucb_gp,17,18.0,15.0,0.10908110627815154,18
grid_n72,ucb_gp,18,10.0,15.0,0.0,16
grid_n72,ucb_gp,19,11.0,18.0,0.0,19
grid_n72,ucb_gp,20,10.0,15.0,0.0,16
grid_n72,ucb_gp,21,18.0,13.0,0.23562731863795108,18
grid_n72,ucb_gp,22,18.0,19.0,0.0,20
grid_n72,ucb_gp,23,14.0,13.0,0.20028180498575307,14
grid_n72,ucb_gp,24,13.0,14.0,0.0,15
grid_n72,ucb_gp,25,15.0,13.0,0.20028180498575307,15
grid_n72,ucb_gp,26,13.0,17.0,0.0,18
grid_n72,ucb_gp,27,11.0,15.0,0.0,16
grid_n72,ucb_gp,28,15.0,17.0,0.0,18
grid_n72,ucb_gp,29,19.0,12.0,0.10908110627815154,19
grid_n72,ucb_law,0,14.0,17.0,0.0,18
grid_n72,ucb_law,1,10.0,13.0,0.0,14
grid_n72,ucb_law,2,13.0,15.0,0.0,16
grid_n72,ucb_law,3,14.0,17.0,0.0,18
grid_n72,ucb_law,4,12.0,14.0,0.0,15
grid_n72,ucb_law,5,12.0,15.0,0.0,16
grid_n72,ucb_law,6,15.0,12.0,0.19600655571190748,15
grid_n72,ucb_law,7,12.0,14.0,0.0,15
grid_n72,ucb_law,8,14.0,12.0,0.20028180498575307,14
grid_n72,ucb_law,9,14.0,17.0,0.0,18
grid_n72,ucb_law,10,10.0,14.0,0.0,15
grid_n72,ucb_law,11,13.0,15.0,0.0,16
grid_n72,ucb_law,12,11.0,13.0,0.0,14
grid_n72,ucb_law,13,10.0,12.0,0.0,13
grid_n72,ucb_law,14,13.0,15.0,0.0,16
grid_n72,ucb_law,15,14.0,16.0,0.0,17
grid_n72,ucb_law,16,13.0,14.0,0.0,15
grid_n72,ucb_law,17,14.0,16.0,0.0,17
grid_n72,ucb_law,18,10.0,13.0,0.0,14
grid_n72,ucb_law,19,11.0,13.0,0.0,14
grid_n72,ucb_law,20,10.0,15.0,0.0,16
grid_n72,ucb_law,21,15.0,18.0,0.0,19
grid_n72,ucb_law,22,14.0,16.0,0.0,17
grid_n72,ucb_law,23,12.0,14.0,0.0,15
grid_n72,ucb_law,24,13.0,15.0,0.0,16
grid_n72,ucb_law,25,12.0,13.0,0.0,14
grid_n72,ucb_law,26,11.0,14.0,0.0,15
grid_n72,ucb_law,27,15.0,17.0,0.0,18
grid_n72,ucb_law,28,13.0,15.0,0.0,16
grid_n72,ucb_law,29,14.0,16.0,0.0,17
grid_n72,ts_gp,0,20.0,17.0,0.2694375868857752,20
grid_n72,ts_gp,1,10.0,15.0,0.0,16
grid_n72,ts_gp,2,11.0,14.0,0.0,15
grid_n72,ts_gp,3,13.0,18.0,0.0,19
grid_n72,ts_gp,4,13.0,15.0,0.0,16
grid_n72,ts_gp,5,13.0,16.0,0.0,17
grid_n72,ts_gp,6,13.0,13.0,0.0,14
grid_n72,ts_gp,7,19.0,13.0,0.10908110627815154,19
grid_n72,ts_gp,8,14.0,13.0,0.20028180498575307,14
grid_n72,ts_gp,9,16.0,19.0,0.0,20
grid_n72,ts_gp,10,10.0,14.0,0.0,15
grid_n72,ts_gp,11,14.0,12.0,0.28914898164584096,14
grid_n72,ts_gp,12,11.0,15.0,0.0,16
grid_n72,ts_gp,13,10.0,12.0,0.0,13
grid_n72,ts_gp,14,16.0,18.0,0.0,19
grid_n72,ts_gp,15,13.0,16.0,0.0,17
grid_n72,ts_gp,16,13.0,15.0,0.0,16
grid_n72,ts_gp,17,20.0,15.0,0.10908110627815154,20
grid_n72,ts_gp,18,10.0,14.0,0.0,15
grid_n72,ts_gp,19,15.0,17.0,0.0,18
grid_n72,ts_gp,20,10.0,15.0,0.0,16
grid_n72,ts_gp,21,18.0,13.0,0.19600655571190748,18
grid_n72,ts_gp,22,24.0,17.0,0.23562731863795108,24
grid_n72,ts_gp,23,20.0,17.0,0.20028180498575307,20
grid_n72,ts_gp,24,24.0,14.0,0.10908110627815154,24
grid_n72,ts_gp,25,14.0,17.0,0.0,18
grid_n72,ts_gp,26,19.0,21.0,0.0,22
grid_n72,ts_gp,27,13.0,12.0,0.1606607386117131,13
grid_n72,ts_gp,28,17.0,15.0,0.10908110627815154,17
grid_n72,ts_gp,29,23.0,12.0,0.2476625627177936,23
grid_n72,ts_law,0,15.0,18.0,0.0,19
grid_n72,ts_law,1,10.0,13.0,0.0,14
grid_n72,ts_law,2,13.0,15.0,0.0,16
grid_n72,ts_law,3,14.0,17.0,0.0,18
grid_n72,ts_law,4,13.0,15.0,0.0,16
grid_n72,ts_law,5,14.0,17.0,0.0,18
grid_n72,ts_law,6,16.0,12.0,0.19600655571190748,16
grid_n72,ts_law,7,12.0,14.0,0.0,15
grid_n72,ts_law,8,14.0,12.0,0.20028180498575307,14
grid_n72,ts_law,9,14.0,17.0,0.0,18
grid_n72,ts_law,10,10.0,14.0,0.0,15
grid_n72,ts_law,11,18.0,20.0,0.0,21
grid_n72,ts_law,12,11.0,13.0,0.0,14
grid_n72,ts_law,13,10.0,12.0,0.0,13
grid_n72,ts_law,14,12.0,14.0,0.0,15
grid_n72,ts_law,15,15.0,17.0,0.0,18
grid_n72,ts_law,16,15.0,17.0,0.0,18
grid_n72,ts_law,17,14.0,16.0,0.0,17
grid_n72,ts_law,18,10.0,13.0,0.0,14
grid_n72,ts_law,19,11.0,13.0,0.0,14
grid_n72,ts_law,20,10.0,15.0,0.0,16
grid_n72,ts_law,21,16.0,18.0,0.0,19
grid_n72,ts_law,22,16.0,18.0,0.0,19
grid_n72,ts_law,23,12.0,14.0,0.0,15
grid_n72,ts_law,24,13.0,15.0,0.0,16
grid_n72,ts_law,25,12.0,13.0,0.0,14
grid_n72,ts_law,26,11.0,14.0,0.0,15
grid_n72,ts_law,27,15.0,14.0,0.19600655571190748,15
grid_n72,ts_law,28,13.0,15.0,0.0,16
grid_n72,ts_law,29,14.0,16.0,0.0,17
grid_n72,bei_gp,0,22.0,25.0,0.0,28
grid_n72,bei_gp,1,10.0,22.0,0.0,25
grid_n72,bei_gp,2,13.0,19.0,0.0,22
grid_n72,bei_gp,3,13.0,25.0,0.0,28
grid_n72,bei_gp,4,16.0,22.0,0.0,25
grid_n72,bei_gp,5,16.0,22.0,0.0,25
grid_n72,bei_gp,6,16.0,22.0,0.0,25
grid_n72,bei_gp,7,19.0,25.0,0.0,28
grid_n72,bei_gp,8,19.0,22.0,0.0,25
grid_n72,bei_gp,9,19.0,28.0,0.0,31
grid_n72,bei_gp,10,10.0,19.0,0.0,22
grid_n72,bei_gp,11,19.0,22.0,0.0,25
grid_n72,bei_gp,12,13.0,22.0,0.0,25
grid_n72,bei_gp,13,10.0,16.0,0.0,19
grid_n72,bei_gp,14,13.0,16.0,0.0,19
grid_n72,bei_gp,15,19.0,25.0,0.0,28
grid_n72,bei_gp,16,13.0,19.0,0.0,22
grid_n72,bei_gp,17,19.0,28.0,0.0,31
grid_n72,bei_gp,18,10.0,22.0,0.0,25
grid_n72,bei_gp,19,16.0,19.0,0.0,22
grid_n72,bei_gp,20,10.0,22.0,0.0,25
grid_n72,bei_gp,21,25.0,28.0,0.0,31
grid_n72,bei_gp,22,19.0,25.0,0.0,28
grid_n72,bei_gp,23,16.0,19.0,0.0,22
grid_n72,bei_gp,24,22.0,16.0,0.10908110627815154,22
grid_n72,bei_gp,25,13.0,19.0,0.0,22
grid_n72,bei_gp,26,13.0,22.0,0.0,25
grid_n72,bei_gp,27,13.0,16.0,0.0,19
grid_n72,bei_gp,28,28.0,22.0,0.10908110627815154,28
grid_n72,bei_gp,29,22.0,16.0,0.10908110627815154,22
grid_n72,bei_law,0,19.0,28.0,0.0,31
grid_n72,bei_law,1,10.0,19.0,0.0,22
grid_n72,bei_law,2,16.0,22.0,0.0,25
grid_n72,bei_law,3,19.0,28.0,0.0,31
grid_n72,bei_law,4,16.0,22.0,0.0,25
grid_n72,bei_law,5,16.0,25.0,0.0,28
grid_n72,bei_law,6,22.0,16.0,0.19600655571190748,22
grid_n72,bei_law,7,13.0,19.0,0.0,22
grid_n72,bei_law,8,16.0,16.0,0.0,19
grid_n72,bei_law,9,19.0,22.0,0.0,25
grid_n72,bei_law,10,10.0,22.0,0.0,25
grid_n72,bei_law,11,19.0,25.0,0.0,28
grid_n72,bei_law,12,13.0,19.0,0.0,22
grid_n72,bei_law,13,10.0,16.0,0.0,19
grid_n72,bei_law,14,16.0,22.0,0.0,25
grid_n72,bei_law,15,16.0,22.0,0.0,25
grid_n72,bei_law,16,19.0,25.0,0.0,28
grid_n72,bei_law,17,16.0,22.0,0.0,25
grid_n72,bei_law,18,10.0,22.0,0.0,25
grid_n72,bei_law,19,13.0,19.0,0.0,22
grid_n72,bei_law,20,10.0,19.0,0.0,22
grid_n72,bei_law,21,16.0,22.0,0.0,25
grid_n72,bei_law,22,19.0,25.0,0.0,28
grid_n72,bei_law,23,13.0,19.0,0.0,22
grid_n72,bei_law,24,16.0,22.0,0.0,25
grid_n72,bei_law,25,16.0,19.0,0.0,22
grid_n72,bei_law,26,13.0,19.0,0.0,22
grid_n72,bei_law,27,16.0,19.0,0.0,22
grid_n72,bei_law,28,13.0,25.0,0.0,28
grid_n72,bei_law,29,16.0,22.0,0.0,25
grid_n72,hyb_gp,0,21.0,18.0,0.19600655571190748,21
grid_n72,hyb_gp,1,10.0,19.0,0.0,20
grid_n72,hyb_gp,2,14.0,17.0,0.0,18
grid_n72,hyb_gp,3,13.0,18.0,0.0,19
grid_n72,hyb_gp,4,16.0,18.0,0.0,19
grid_n72,hyb_gp,5,17.0,18.0,0.0,19
grid_n72,hyb_gp,6,19.0,16.0,0.19600655571190748,19
grid_n72,hyb_gp,7,14.0,16.0,0.0,17
grid_n72,hyb_gp,8,13.0,19.0,0.0,20
grid_n72,hyb_gp,9,12.0,18.0,0.0,19
grid_n72,hyb_gp,10,10.0,17.0,0.0,18
grid_n72,hyb_gp,11,18.0,18.0,0.0,19
grid_n72,hyb_gp,12,18.0,20.0,0.0,21
grid_n72,hyb_gp,13,10.0,17.0,0.0,18
grid_n72,hyb_gp,14,15.0,16.0,0.0,17
grid_n72,hyb_gp,15,17.0,20.0,0.0,21
grid_n72,hyb_gp,16,23.0,18.0,0.19600655571190748,23
grid_n72,hyb_gp,17,14.0,19.0,0.0,20
grid_n72,hyb_gp,18,10.0,19.0,0.0,20
grid_n72,hyb_gp,19,16.0,21.0,0.0,22
grid_n72,hyb_gp,20,10.0,19.0,0.0,20
grid_n72,hyb_gp,21,16.0,19.0,0.0,20
grid_n72,hyb_gp,22,22.0,24.0,0.0,25
grid_n72,hyb_gp,23,20.0,17.0,0.20028180498575307,20
grid_n72,hyb_gp,24,13.0,15.0,0.0,16
grid_n72,hyb_gp,25,13.0,19.0,0.0,20
grid_n72,hyb_gp,26,17.0,20.0,0.0,21
grid_n72,hyb_gp,27,16.0,19.0,0.0,20
grid_n72,hyb_gp,28,14.0,17.0,0.0,18
grid_n72,hyb_gp,29,17.0,20.0,0.0,21
grid_n72,hyb_law,0,18.0,20.0,0.0,21
grid_n72,hyb_law,1,10.0,18.0,0.0,19
grid_n72,hyb_law,2,14.0,17.0,0.0,18
grid_n72,hyb_law,3,13.0,20.0,0.0,21
grid_n72,hyb_law,4,17.0,19.0,0.0,20
grid_n72,hyb_law,5,19.0,19.0,0.0,20
grid_n72,hyb_law,6,17.0,17.0,0.0,18
grid_n72,hyb_law,7,14.0,16.0,0.0,17
grid_n72,hyb_law,8,13.0,19.0,0.0,20
grid_n72,hyb_law,9,12.0,18.0,0.0,19
grid_n72,hyb_law,10,10.0,16.0,0.0,17
grid_n72,hyb_law,11,19.0,20.0,0.0,21
grid_n72,hyb_law,12,16.0,18.0,0.0,19
grid_n72,hyb_law,13,10.0,16.0,0.0,17
grid_n72,hyb_law,14,16.0,18.0,0.0,19
grid_n72,hyb_law,15,17.0,20.0,0.0,21
grid_n72,hyb_law,16,19.0,20.0,0.0,21
grid_n72,hyb_law,17,14.0,19.0,0.0,20
grid_n72,hyb_law,18,10.0,18.0,0.0,19
grid_n72,hyb_law,19,15.0,17.0,0.0,18
grid_n72,hyb_law,20,10.0,18.0,0.0,19
grid_n72,hyb_law,21,18.0,17.0,0.1606607386117131,18
grid_n72,hyb_law,22,18.0,20.0,0.0,21
grid_n72,hyb_law,23,17.0,18.0,0.0,19
grid_n72,hyb_law,24,13.0,17.0,0.0,18
grid_n72,hyb_law,25,13.0,18.0,0.0,19
grid_n72,hyb_law,26,18.0,18.0,0.0,19
grid_n72,hyb_law,27,16.0,18.0,0.0,19
grid_n72,hyb_law,28,14.0,16.0,0.0,17
grid_n72,hyb_law,29,18.0,20.0,0.0,21
grid_n72,hyb_ofatstart_gp,0,13.0,14.0,0.0,15
grid_n72,hyb_ofatstart_gp,1,10.0,16.0,0.0,17
grid_n72,hyb_ofatstart_gp,2,10.0,13.0,0.0,14
grid_n72,hyb_ofatstart_gp,3,11.0,15.0,0.0,16
grid_n72,hyb_ofatstart_gp,4,10.0,15.0,0.0,16
grid_n72,hyb_ofatstart_gp,5,10.0,14.0,0.0,15
grid_n72,hyb_ofatstart_gp,6,11.0,14.0,0.0,15
grid_n72,hyb_ofatstart_gp,7,9.0,13.0,0.0,14
grid_n72,hyb_ofatstart_gp,8,9.0,11.0,0.0,12
grid_n72,hyb_ofatstart_gp,9,7.0,16.0,0.0,17
grid_n72,hyb_ofatstart_gp,10,5.0,9.0,0.0,10
grid_n72,hyb_ofatstart_gp,11,4.0,10.0,0.0,11
grid_n72,hyb_ofatstart_gp,12,16.0,12.0,0.10908110627815154,16
grid_n72,hyb_ofatstart_gp,13,10.0,10.0,0.0,11
grid_n72,hyb_ofatstart_gp,14,9.0,14.0,0.0,15
grid_n72,hyb_ofatstart_law,0,12.0,14.0,0.0,15
grid_n72,hyb_ofatstart_law,1,9.0,11.0,0.0,12
grid_n72,hyb_ofatstart_law,2,10.0,13.0,0.0,14
grid_n72,hyb_ofatstart_law,3,12.0,14.0,0.0,15
grid_n72,hyb_ofatstart_law,4,15.0,10.0,0.19600655571190748,15
grid_n72,hyb_ofatstart_law,5,16.0,10.0,0.19600655571190748,16
grid_n72,hyb_ofatstart_law,6,9.0,11.0,0.0,12
grid_n72,hyb_ofatstart_law,7,10.0,11.0,0.0,12
grid_n72,hyb_ofatstart_law,8,10.0,11.0,0.0,12
grid_n72,hyb_ofatstart_law,9,7.0,11.0,0.0,12
grid_n72,hyb_ofatstart_law,10,5.0,10.0,0.0,11
grid_n72,hyb_ofatstart_law,11,4.0,12.0,0.0,13
grid_n72,hyb_ofatstart_law,12,8.0,10.0,0.0,11
grid_n72,hyb_ofatstart_law,13,8.0,10.0,0.0,11
grid_n72,hyb_ofatstart_law,14,10.0,10.0,0.0,11
energy_efficiency,ofat_cold_single,0,13.0,22.0,0.14000000000000057,22
energy_efficiency,ofat_cold_single,1,18.0,22.0,0.0,22
energy_efficiency,ofat_cold_single,2,18.0,22.0,0.3299999999999983,22
energy_efficiency,ofat_cold_single,3,18.0,22.0,0.0,22
energy_efficiency,ofat_cold_single,4,21.0,22.0,0.14000000000000057,22
energy_efficiency,ofat_cold_single,5,13.0,22.0,0.3299999999999983,22
energy_efficiency,ofat_cold_single,6,18.0,22.0,0.0,22
energy_efficiency,ofat_cold_single,7,18.0,22.0,0.0,22
energy_efficiency,ofat_cold_single,8,18.0,22.0,0.0,22
energy_efficiency,ofat_cold_single,9,18.0,22.0,0.0,22
energy_efficiency,ofat_cold_single,10,13.0,22.0,0.3299999999999983,22
energy_efficiency,ofat_cold_single,11,18.0,22.0,0.14000000000000057,22
energy_efficiency,ofat_cold_single,12,15.0,22.0,0.35999999999999943,22
energy_efficiency,ofat_cold_single,13,8.0,22.0,0.3299999999999983,22
energy_efficiency,ofat_cold_single,14,18.0,22.0,0.14000000000000057,22
energy_efficiency,ofat_cold_single,15,13.0,22.0,0.3299999999999983,22
energy_efficiency,ofat_cold_single,16,13.0,22.0,0.0,22
energy_efficiency,ofat_cold_single,17,18.0,22.0,0.0,22
energy_efficiency,ofat_cold_single,18,18.0,22.0,0.0,22
energy_efficiency,ofat_cold_single,19,8.0,22.0,0.14000000000000057,22
energy_efficiency,ofat_cold_cyclic,0,13.0,33.0,0.14000000000000057,33
energy_efficiency,ofat_cold_cyclic,1,18.0,38.0,0.0,38
energy_efficiency,ofat_cold_cyclic,2,18.0,54.0,0.14000000000000057,54
energy_efficiency,ofat_cold_cyclic,3,18.0,38.0,0.0,38
energy_efficiency,ofat_cold_cyclic,4,21.0,38.0,0.14000000000000057,38
energy_efficiency,ofat_cold_cyclic,5,13.0,53.0,0.14000000000000057,53
energy_efficiency,ofat_cold_cyclic,6,18.0,38.0,0.0,38
energy_efficiency,ofat_cold_cyclic,7,18.0,36.0,0.0,36
energy_efficiency,ofat_cold_cyclic,8,18.0,36.0,0.0,36
energy_efficiency,ofat_cold_cyclic,9,18.0,38.0,0.0,38
energy_efficiency,ofat_cold_cyclic,10,13.0,53.0,0.14000000000000057,53
energy_efficiency,ofat_cold_cyclic,11,18.0,36.0,0.14000000000000057,36
energy_efficiency,ofat_cold_cyclic,12,15.0,53.0,0.0,53
energy_efficiency,ofat_cold_cyclic,13,8.0,53.0,0.14000000000000057,53
energy_efficiency,ofat_cold_cyclic,14,18.0,36.0,0.14000000000000057,36
energy_efficiency,ofat_cold_cyclic,15,13.0,53.0,0.14000000000000057,53
energy_efficiency,ofat_cold_cyclic,16,13.0,33.0,0.0,33
energy_efficiency,ofat_cold_cyclic,17,18.0,38.0,0.0,38
energy_efficiency,ofat_cold_cyclic,18,18.0,38.0,0.0,38
energy_efficiency,ofat_cold_cyclic,19,8.0,22.0,0.14000000000000057,22
energy_efficiency,ofat_init_single,0,23.0,31.0,0.35999999999999943,31
energy_efficiency,ofat_init_single,1,27.0,31.0,0.0,31
energy_efficiency,ofat_init_single,2,27.0,31.0,0.3299999999999983,31
energy_efficiency,ofat_init_single,3,27.0,31.0,0.0,31
energy_efficiency,ofat_init_single,4,23.0,31.0,0.0,31
energy_efficiency,ofat_init_single,5,26.0,30.0,0.0,30
energy_efficiency,ofat_init_single,6,27.0,31.0,0.3299999999999983,31
energy_efficiency,ofat_init_single,7,22.0,31.0,0.0,31
energy_efficiency,ofat_init_single,8,10.0,31.0,0.0,31
energy_efficiency,ofat_init_single,9,23.0,31.0,0.0,31
energy_efficiency,ofat_init_single,10,27.0,31.0,0.0,31
energy_efficiency,ofat_init_single,11,22.0,31.0,0.0,31
energy_efficiency,ofat_init_single,12,17.0,31.0,0.3299999999999983,31
energy_efficiency,ofat_init_single,13,18.0,31.0,0.3299999999999983,31
energy_efficiency,ofat_init_single,14,27.0,31.0,0.3299999999999983,31
energy_efficiency,ofat_init_single,15,27.0,31.0,0.3299999999999983,31
energy_efficiency,ofat_init_single,16,29.0,30.0,0.14000000000000057,30
energy_efficiency,ofat_init_single,17,10.0,31.0,0.35999999999999943,31
energy_efficiency,ofat_init_single,18,10.0,30.0,0.0,30
energy_efficiency,ofat_init_single,19,27.0,31.0,0.14000000000000057,31
energy_efficiency,ofat_init_cyclic,0,23.0,62.0,0.0,62
energy_efficiency,ofat_init_cyclic,1,27.0,45.0,0.0,45
energy_efficiency,ofat_init_cyclic,2,27.0,63.0,0.14000000000000057,63
energy_efficiency,ofat_init_cyclic,3,27.0,47.0,0.0,47
energy_efficiency,ofat_init_cyclic,4,23.0,47.0,0.0,47
energy_efficiency,ofat_init_cyclic,5,26.0,44.0,0.0,44
energy_efficiency,ofat_init_cyclic,6,27.0,63.0,0.14000000000000057,63
energy_efficiency,ofat_init_cyclic,7,22.0,42.0,0.0,42
energy_efficiency,ofat_init_cyclic,8,10.0,47.0,0.0,47
energy_efficiency,ofat_init_cyclic,9,23.0,42.0,0.0,42
energy_efficiency,ofat_init_cyclic,10,27.0,44.0,0.0,44
energy_efficiency,ofat_init_cyclic,11,22.0,46.0,0.0,46
energy_efficiency,ofat_init_cyclic,12,17.0,62.0,0.14000000000000057,62
energy_efficiency,ofat_init_cyclic,13,18.0,61.0,0.14000000000000057,61
energy_efficiency,ofat_init_cyclic,14,27.0,63.0,0.14000000000000057,63
energy_efficiency,ofat_init_cyclic,15,27.0,63.0,0.14000000000000057,63
energy_efficiency,ofat_init_cyclic,16,29.0,46.0,0.14000000000000057,46
energy_efficiency,ofat_init_cyclic,17,10.0,61.0,0.0,61
energy_efficiency,ofat_init_cyclic,18,10.0,46.0,0.0,46
energy_efficiency,ofat_init_cyclic,19,27.0,45.0,0.14000000000000057,45
energy_efficiency,random,0,186.0,,,186
energy_efficiency,random,1,69.0,,,69
energy_efficiency,random,2,144.0,,,144
energy_efficiency,random,3,73.0,,,73
energy_efficiency,random,4,129.0,,,129
energy_efficiency,random,5,73.0,,,73
energy_efficiency,random,6,67.0,,,67
energy_efficiency,random,7,55.0,,,55
energy_efficiency,random,8,45.0,,,45
energy_efficiency,random,9,117.0,,,117
energy_efficiency,random,10,32.0,,,32
energy_efficiency,random,11,85.0,,,85
energy_efficiency,random,12,143.0,,,143
energy_efficiency,random,13,10.0,,,10
energy_efficiency,random,14,97.0,,,97
energy_efficiency,random,15,10.0,,,10
energy_efficiency,random,16,62.0,,,62
energy_efficiency,random,17,17.0,,,17
energy_efficiency,random,18,10.0,,,10
energy_efficiency,random,19,27.0,,,27
energy_efficiency,ei_gp,0,20.0,21.0,0.990000000000002,22
energy_efficiency,ei_gp,1,33.0,14.0,2.6700000000000017,33
energy_efficiency,ei_gp,2,14.0,13.0,1.7000000000000028,14
energy_efficiency,ei_gp,3,15.0,26.0,0.990000000000002,27
energy_efficiency,ei_gp,4,34.0,12.0,2.3200000000000003,34
energy_efficiency,ei_gp,5,20.0,16.0,1.7000000000000028,20
energy_efficiency,ei_gp,6,14.0,15.0,0.3299999999999983,16
energy_efficiency,ei_gp,7,24.0,21.0,1.4600000000000009,24
energy_efficiency,ei_gp,8,10.0,17.0,0.6000000000000014,18
energy_efficiency,ei_gp,9,16.0,15.0,1.1799999999999997,16
energy_efficiency,ei_gp,10,11.0,16.0,0.990000000000002,17
energy_efficiency,ei_gp,11,17.0,13.0,1.1799999999999997,17
energy_efficiency,ei_gp,12,38.0,14.0,2.3200000000000003,38
energy_efficiency,ei_gp,13,11.0,15.0,0.990000000000002,16
energy_efficiency,ei_gp,14,17.0,19.0,0.6000000000000014,20
energy_efficiency,ei_gp,15,18.0,17.0,1.1799999999999997,18
energy_efficiency,ei_gp,16,14.0,13.0,1.7000000000000028,14
energy_efficiency,ei_gp,17,10.0,14.0,0.6099999999999994,15
energy_efficiency,ei_gp,18,10.0,15.0,0.6000000000000014,16
energy_efficiency,ei_gp,19,13.0,17.0,0.990000000000002,18
energy_efficiency,ucb_gp,0,22.0,20.0,1.4299999999999997,22
energy_efficiency,ucb_gp,1,60.0,14.0,2.6700000000000017,60
energy_efficiency,ucb_gp,2,14.0,13.0,1.7000000000000028,14
energy_efficiency,ucb_gp,3,16.0,15.0,1.4299999999999997,16
energy_efficiency,ucb_gp,4,38.0,12.0,2.3200000000000003,38
energy_efficiency,ucb_gp,5,15.0,13.0,2.3200000000000003,15
energy_efficiency,ucb_gp,6,14.0,15.0,0.3299999999999983,16
energy_efficiency,ucb_gp,7,22.0,19.0,1.4600000000000009,22
energy_efficiency,ucb_gp,8,10.0,20.0,0.6000000000000014,21
energy_efficiency,ucb_gp,9,12.0,13.0,0.990000000000002,14
energy_efficiency,ucb_gp,10,14.0,17.0,0.990000000000002,18
energy_efficiency,ucb_gp,11,13.0,14.0,0.3299999999999983,15
energy_efficiency,ucb_gp,12,42.0,16.0,2.3200000000000003,42
energy_efficiency,ucb_gp,13,15.0,20.0,0.990000000000002,21
energy_efficiency,ucb_gp,14,21.0,21.0,0.480000000000004,22
energy_efficiency,ucb_gp,15,16.0,17.0,0.990000000000002,18
energy_efficiency,ucb_gp,16,14.0,13.0,1.7000000000000028,14
energy_efficiency,ucb_gp,17,10.0,25.0,0.35999999999999943,26
energy_efficiency,ucb_gp,18,10.0,20.0,0.6000000000000014,21
energy_efficiency,ucb_gp,19,17.0,21.0,0.990000000000002,22
energy_efficiency,ts_gp,0,38.0,17.0,2.3200000000000003,38
energy_efficiency,ts_gp,1,52.0,14.0,2.6700000000000017,52
energy_efficiency,ts_gp,2,11.0,13.0,0.3299999999999983,14
energy_efficiency,ts_gp,3,45.0,16.0,5.980000000000004,45
energy_efficiency,ts_gp,4,47.0,12.0,2.3200000000000003,47
energy_efficiency,ts_gp,5,35.0,13.0,2.6700000000000017,35
energy_efficiency,ts_gp,6,14.0,15.0,0.990000000000002,16
energy_efficiency,ts_gp,7,11.0,24.0,0.480000000000004,25
energy_efficiency,ts_gp,8,10.0,15.0,0.6000000000000014,16
energy_efficiency,ts_gp,9,15.0,15.0,0.480000000000004,16
energy_efficiency,ts_gp,10,14.0,34.0,0.0,35
energy_efficiency,ts_gp,11,11.0,14.0,0.14000000000000057,15
energy_efficiency,ts_gp,12,43.0,18.0,2.3200000000000003,43
energy_efficiency,ts_gp,13,19.0,13.0,6.630000000000003,19
energy_efficiency,ts_gp,14,17.0,27.0,0.0,28
energy_efficiency,ts_gp,15,26.0,13.0,2.3200000000000003,26
energy_efficiency,ts_gp,16,26.0,14.0,2.6700000000000017,26
energy_efficiency,ts_gp,17,10.0,19.0,0.6099999999999994,20
energy_efficiency,ts_gp,18,10.0,25.0,0.0,26
energy_efficiency,ts_gp,19,29.0,19.0,6.07,29
energy_efficiency,bei_gp,0,28.0,25.0,1.1799999999999997,28
energy_efficiency,bei_gp,1,37.0,19.0,2.3200000000000003,37
energy_efficiency,bei_gp,2,19.0,19.0,0.480000000000004,22
energy_efficiency,bei_gp,3,25.0,28.0,0.990000000000002,31
energy_efficiency,bei_gp,4,37.0,16.0,2.3200000000000003,37
energy_efficiency,bei_gp,5,19.0,19.0,0.480000000000004,22
energy_efficiency,bei_gp,6,22.0,28.0,0.35999999999999943,31
energy_efficiency,bei_gp,7,28.0,22.0,1.4299999999999997,28
energy_efficiency,bei_gp,8,10.0,22.0,0.480000000000004,25
energy_efficiency,bei_gp,9,22.0,25.0,0.0,28
energy_efficiency,bei_gp,10,13.0,25.0,0.990000000000002,28
energy_efficiency,bei_gp,11,16.0,19.0,0.3299999999999983,22
energy_efficiency,bei_gp,12,37.0,25.0,2.3200000000000003,37
energy_efficiency,bei_gp,13,13.0,25.0,0.990000000000002,28
energy_efficiency,bei_gp,14,22.0,25.0,0.0,28
energy_efficiency,bei_gp,15,22.0,28.0,0.3299999999999983,31
energy_efficiency,bei_gp,16,19.0,22.0,0.14000000000000057,25
energy_efficiency,bei_gp,17,10.0,34.0,0.0,37
energy_efficiency,bei_gp,18,10.0,34.0,0.0,37
energy_efficiency,bei_gp,19,16.0,31.0,0.3299999999999983,34
energy_efficiency,hyb_gp,0,30.0,24.0,1.4299999999999997,30
energy_efficiency,hyb_gp,1,22.0,24.0,0.3299999999999983,25
energy_efficiency,hyb_gp,2,25.0,24.0,1.4299999999999997,25
energy_efficiency,hyb_gp,3,23.0,25.0,0.990000000000002,26
energy_efficiency,hyb_gp,4,25.0,24.0,1.4299999999999997,25
energy_efficiency,hyb_gp,5,22.0,26.0,0.480000000000004,27
energy_efficiency,hyb_gp,6,26.0,24.0,1.7000000000000028,26
energy_efficiency,hyb_gp,7,27.0,24.0,1.4600000000000009,27
energy_efficiency,hyb_gp,8,10.0,24.0,0.6000000000000014,25
energy_efficiency,hyb_gp,9,29.0,25.0,1.1799999999999997,29
energy_efficiency,hyb_gp,10,22.0,24.0,0.990000000000002,25
energy_efficiency,hyb_gp,11,26.0,23.0,1.7000000000000028,26
energy_efficiency,hyb_gp,12,17.0,24.0,0.990000000000002,25
energy_efficiency,hyb_gp,13,18.0,24.0,0.990000000000002,25
energy_efficiency,hyb_gp,14,23.0,24.0,0.3299999999999983,25
energy_efficiency,hyb_gp,15,24.0,25.0,0.990000000000002,26
energy_efficiency,hyb_gp,16,21.0,23.0,0.990000000000002,24
energy_efficiency,hyb_gp,17,10.0,24.0,0.6000000000000014,25
energy_efficiency,hyb_gp,18,10.0,23.0,0.6000000000000014,24
energy_efficiency,hyb_gp,19,22.0,26.0,0.14000000000000057,27
airfoil,ofat_cold_single,0,24.0,33.0,1.5589999999999975,33
airfoil,ofat_cold_single,1,20.0,31.0,1.7609999999999957,31
airfoil,ofat_cold_single,2,23.0,34.0,2.4499999999999886,34
airfoil,ofat_cold_single,3,,29.0,9.232,29
airfoil,ofat_cold_single,4,,32.0,5.795999999999992,32
airfoil,ofat_cold_single,5,,33.0,6.668000000000006,33
airfoil,ofat_cold_single,6,,28.0,7.632000000000005,28
airfoil,ofat_cold_single,7,21.0,30.0,2.228999999999985,30
airfoil,ofat_cold_single,8,32.0,34.0,3.1740000000000066,34
airfoil,ofat_cold_single,9,24.0,33.0,2.228999999999985,33
airfoil,ofat_cold_single,10,25.0,34.0,1.5589999999999975,34
airfoil,ofat_cold_single,11,15.0,29.0,2.563999999999993,29
airfoil,ofat_cold_single,12,,32.0,7.4339999999999975,32
airfoil,ofat_cold_single,13,16.0,31.0,1.5490000000000066,31
airfoil,ofat_cold_single,14,22.0,32.0,1.7609999999999957,32
airfoil,ofat_cold_single,15,,33.0,6.668000000000006,33
airfoil,ofat_cold_single,16,5.0,30.0,1.7609999999999957,30
airfoil,ofat_cold_single,17,27.0,29.0,3.1740000000000066,29
airfoil,ofat_cold_single,18,,29.0,7.632000000000005,29
airfoil,ofat_cold_single,19,2.0,30.0,2.563999999999993,30
airfoil,ofat_cold_cyclic,0,24.0,69.0,1.5490000000000066,69
airfoil,ofat_cold_cyclic,1,20.0,45.0,1.7609999999999957,45
airfoil,ofat_cold_cyclic,2,23.0,59.0,2.3799999999999955,59
airfoil,ofat_cold_cyclic,3,,29.0,9.232,29
airfoil,ofat_cold_cyclic,4,61.0,96.0,1.5490000000000066,96
airfoil,ofat_cold_cyclic,5,45.0,71.0,1.5490000000000066,71
airfoil,ofat_cold_cyclic,6,47.0,71.0,1.7609999999999957,71
airfoil,ofat_cold_cyclic,7,21.0,51.0,1.5490000000000066,51
airfoil,ofat_cold_cyclic,8,32.0,63.0,2.563999999999993,63
airfoil,ofat_cold_cyclic,9,24.0,55.0,1.5490000000000066,55
airfoil,ofat_cold_cyclic,10,25.0,69.0,1.5490000000000066,69
airfoil,ofat_cold_cyclic,11,15.0,41.0,2.563999999999993,41
airfoil,ofat_cold_cyclic,12,,32.0,7.4339999999999975,32
airfoil,ofat_cold_cyclic,13,16.0,42.0,1.5490000000000066,42
airfoil,ofat_cold_cyclic,14,22.0,45.0,1.7609999999999957,45
airfoil,ofat_cold_cyclic,15,45.0,71.0,1.5490000000000066,71
airfoil,ofat_cold_cyclic,16,5.0,30.0,1.7609999999999957,30
airfoil,ofat_cold_cyclic,17,27.0,58.0,2.563999999999993,58
airfoil,ofat_cold_cyclic,18,48.0,72.0,1.7609999999999957,72
airfoil,ofat_cold_cyclic,19,2.0,30.0,2.563999999999993,30
airfoil,ofat_init_single,0,,44.0,7.4339999999999975,44
airfoil,ofat_init_single,1,27.0,41.0,1.7609999999999957,41
airfoil,ofat_init_single,2,10.0,39.0,1.0689999999999884,39
airfoil,ofat_init_single,3,10.0,39.0,1.7609999999999957,39
airfoil,ofat_init_single,4,11.0,41.0,1.5490000000000066,41
airfoil,ofat_init_single,5,10.0,36.0,2.3799999999999955,36
airfoil,ofat_init_single,6,32.0,43.0,2.4499999999999886,43
airfoil,ofat_init_single,7,12.0,42.0,1.5490000000000066,42
airfoil,ofat_init_single,8,,41.0,3.9799999999999898,41
airfoil,ofat_init_single,9,10.0,38.0,2.3799999999999955,38
airfoil,ofat_init_single,10,10.0,40.0,2.712999999999994,40
airfoil,ofat_init_single,11,,43.0,5.049000000000007,43
airfoil,ofat_init_single,12,24.0,39.0,3.1740000000000066,39
airfoil,ofat_init_single,13,10.0,39.0,1.179000000000002,39
airfoil,ofat_init_single,14,,41.0,3.9799999999999898,41
airfoil,ofat_init_single,15,20.0,39.0,2.3799999999999955,39
airfoil,ofat_init_single,16,,39.0,3.3290000000000077,39
airfoil,ofat_init_single,17,,38.0,9.232,38
airfoil,ofat_init_single,18,,39.0,6.965000000000003,39
airfoil,ofat_init_single,19,33.0,42.0,1.5490000000000066,42
airfoil,ofat_init_cyclic,0,,60.0,7.4339999999999975,60
airfoil,ofat_init_cyclic,1,27.0,53.0,1.7609999999999957,53
airfoil,ofat_init_cyclic,2,10.0,39.0,1.0689999999999884,39
airfoil,ofat_init_cyclic,3,10.0,39.0,1.7609999999999957,39
airfoil,ofat_init_cyclic,4,11.0,53.0,1.5490000000000066,53
airfoil,ofat_init_cyclic,5,10.0,36.0,2.3799999999999955,36
airfoil,ofat_init_cyclic,6,32.0,68.0,2.3799999999999955,68
airfoil,ofat_init_cyclic,7,12.0,54.0,1.5490000000000066,54
airfoil,ofat_init_cyclic,8,,41.0,3.9799999999999898,41
airfoil,ofat_init_cyclic,9,10.0,38.0,2.3799999999999955,38
airfoil,ofat_init_cyclic,10,10.0,40.0,2.712999999999994,40
airfoil,ofat_init_cyclic,11,,60.0,5.049000000000007,60
airfoil,ofat_init_cyclic,12,24.0,64.0,2.563999999999993,64
airfoil,ofat_init_cyclic,13,10.0,39.0,1.179000000000002,39
airfoil,ofat_init_cyclic,14,,41.0,3.9799999999999898,41
airfoil,ofat_init_cyclic,15,20.0,46.0,2.3799999999999955,46
airfoil,ofat_init_cyclic,16,41.0,77.0,1.5490000000000066,77
airfoil,ofat_init_cyclic,17,,38.0,9.232,38
airfoil,ofat_init_cyclic,18,,39.0,6.965000000000003,39
airfoil,ofat_init_cyclic,19,33.0,58.0,1.5490000000000066,58
airfoil,random,0,16.0,,,16
airfoil,random,1,191.0,,,191
airfoil,random,2,105.0,,,105
airfoil,random,3,10.0,,,10
airfoil,random,4,30.0,,,30
airfoil,random,5,15.0,,,15
airfoil,random,6,90.0,,,90
airfoil,random,7,41.0,,,41
airfoil,random,8,11.0,,,11
airfoil,random,9,54.0,,,54
airfoil,random,10,179.0,,,179
airfoil,random,11,122.0,,,122
airfoil,random,12,66.0,,,66
airfoil,random,13,180.0,,,180
airfoil,random,14,60.0,,,60
airfoil,random,15,53.0,,,53
airfoil,random,16,10.0,,,10
airfoil,random,17,44.0,,,44
airfoil,random,18,10.0,,,10
airfoil,random,19,13.0,,,13
airfoil,ei_gp,0,23.0,29.0,2.430000000000007,30
airfoil,ei_gp,1,16.0,19.0,2.430000000000007,20
airfoil,ei_gp,2,10.0,22.0,1.0689999999999884,23
airfoil,ei_gp,3,10.0,19.0,1.7609999999999957,20
airfoil,ei_gp,4,11.0,21.0,2.228999999999985,22
airfoil,ei_gp,5,10.0,31.0,2.3799999999999955,32
airfoil,ei_gp,6,25.0,29.0,2.430000000000007,30
airfoil,ei_gp,7,19.0,30.0,2.430000000000007,31
airfoil,ei_gp,8,32.0,34.0,2.3799999999999955,35
airfoil,ei_gp,9,10.0,30.0,2.3799999999999955,31
airfoil,ei_gp,10,10.0,28.0,0.8290000000000077,29
airfoil,ei_gp,11,18.0,18.0,2.430000000000007,19
airfoil,ei_gp,12,18.0,13.0,6.668000000000006,18
airfoil,ei_gp,13,10.0,37.0,0.8290000000000077,38
airfoil,ei_gp,14,22.0,32.0,2.430000000000007,33
airfoil,ei_gp,15,21.0,30.0,2.3799999999999955,31
airfoil,ei_gp,16,19.0,47.0,2.430000000000007,48
airfoil,ei_gp,17,14.0,57.0,2.3799999999999955,58
airfoil,ei_gp,18,46.0,52.0,2.430000000000007,53
airfoil,ei_gp,19,17.0,19.0,2.228999999999985,20
airfoil,ucb_gp,0,17.0,20.0,2.430000000000007,21
airfoil,ucb_gp,1,24.0,27.0,2.4499999999999886,28
airfoil,ucb_gp,2,10.0,58.0,1.0689999999999884,59
airfoil,ucb_gp,3,10.0,16.0,1.7609999999999957,17
airfoil,ucb_gp,4,12.0,33.0,1.0689999999999884,34
airfoil,ucb_gp,5,10.0,20.0,2.4499999999999886,21
airfoil,ucb_gp,6,24.0,32.0,2.228999999999985,33
airfoil,ucb_gp,7,11.0,28.0,2.228999999999985,29
airfoil,ucb_gp,8,37.0,25.0,3.9799999999999898,37
airfoil,ucb_gp,9,10.0,25.0,2.3799999999999955,26
airfoil,ucb_gp,10,10.0,35.0,1.0689999999999884,36
airfoil,ucb_gp,11,23.0,26.0,2.430000000000007,27
airfoil,ucb_gp,12,21.0,17.0,6.668000000000006,21
airfoil,ucb_gp,13,10.0,30.0,1.0689999999999884,31
airfoil,ucb_gp,14,19.0,21.0,2.430000000000007,22
airfoil,ucb_gp,15,24.0,34.0,2.4499999999999886,35
airfoil,ucb_gp,16,32.0,42.0,2.3799999999999955,43
airfoil,ucb_gp,17,36.0,46.0,2.3799999999999955,47
airfoil,ucb_gp,18,52.0,54.0,2.430000000000007,55
airfoil,ucb_gp,19,16.0,18.0,1.0689999999999884,19
airfoil,ts_gp,0,27.0,32.0,2.4499999999999886,33
airfoil,ts_gp,1,15.0,23.0,2.4499999999999886,24
airfoil,ts_gp,2,10.0,23.0,1.0689999999999884,24
airfoil,ts_gp,3,10.0,16.0,1.7609999999999957,17
airfoil,ts_gp,4,13.0,20.0,1.0689999999999884,21
airfoil,ts_gp,5,10.0,31.0,2.4499999999999886,32
airfoil,ts_gp,6,35.0,30.0,4.150000000000006,35
airfoil,ts_gp,7,75.0,77.0,2.4499999999999886,78
airfoil,ts_gp,8,16.0,39.0,2.3799999999999955,40
airfoil,ts_gp,9,10.0,65.0,2.3799999999999955,66
airfoil,ts_gp,10,10.0,132.0,1.0689999999999884,133
airfoil,ts_gp,11,14.0,18.0,2.430000000000007,19
airfoil,ts_gp,12,44.0,20.0,6.459000000000003,44
airfoil,ts_gp,13,10.0,86.0,0.8290000000000077,87
airfoil,ts_gp,14,27.0,38.0,2.3799999999999955,39
airfoil,ts_gp,15,27.0,31.0,2.3799999999999955,32
airfoil,ts_gp,16,25.0,57.0,2.4499999999999886,58
airfoil,ts_gp,17,19.0,23.0,2.3799999999999955,24
airfoil,ts_gp,18,49.0,60.0,2.3799999999999955,61
airfoil,ts_gp,19,22.0,29.0,0.0,30
airfoil,bei_gp,0,55.0,67.0,2.3799999999999955,70
airfoil,bei_gp,1,22.0,43.0,1.0689999999999884,46
airfoil,bei_gp,2,10.0,40.0,1.0689999999999884,43
airfoil,bei_gp,3,10.0,52.0,0.8290000000000077,55
airfoil,bei_gp,4,13.0,31.0,1.0689999999999884,34
airfoil,bei_gp,5,10.0,28.0,2.3799999999999955,31
airfoil,bei_gp,6,16.0,28.0,2.3799999999999955,31
airfoil,bei_gp,7,16.0,46.0,0.8290000000000077,49
airfoil,bei_gp,8,31.0,49.0,2.430000000000007,52
airfoil,bei_gp,9,10.0,67.0,2.228999999999985,70
airfoil,bei_gp,10,10.0,43.0,1.0689999999999884,46
airfoil,bei_gp,11,19.0,28.0,2.3799999999999955,31
airfoil,bei_gp,12,34.0,55.0,2.3799999999999955,58
airfoil,bei_gp,13,10.0,40.0,0.8290000000000077,43
airfoil,bei_gp,14,31.0,55.0,2.228999999999985,58
airfoil,bei_gp,15,28.0,34.0,2.3799999999999955,37
airfoil,bei_gp,16,28.0,49.0,2.3799999999999955,52
airfoil,bei_gp,17,19.0,34.0,1.0689999999999884,37
airfoil,bei_gp,18,31.0,46.0,2.3799999999999955,49
airfoil,bei_gp,19,22.0,31.0,2.4639999999999986,34
airfoil,hyb_gp,0,49.0,57.0,2.228999999999985,58
airfoil,hyb_gp,1,27.0,31.0,1.7609999999999957,32
airfoil,hyb_gp,2,10.0,30.0,1.0689999999999884,31
airfoil,hyb_gp,3,10.0,29.0,1.7609999999999957,30
airfoil,hyb_gp,4,11.0,29.0,0.8290000000000077,30
airfoil,hyb_gp,5,10.0,37.0,2.3799999999999955,38
airfoil,hyb_gp,6,30.0,37.0,2.3799999999999955,38
airfoil,hyb_gp,7,12.0,50.0,0.8290000000000077,51
airfoil,hyb_gp,8,31.0,49.0,2.430000000000007,50
airfoil,hyb_gp,9,10.0,45.0,2.3799999999999955,46
airfoil,hyb_gp,10,10.0,39.0,1.7609999999999957,40
airfoil,hyb_gp,11,32.0,38.0,2.430000000000007,39
airfoil,hyb_gp,12,24.0,32.0,2.4639999999999986,33
airfoil,hyb_gp,13,10.0,38.0,0.8290000000000077,39
airfoil,hyb_gp,14,33.0,42.0,2.3799999999999955,43
airfoil,hyb_gp,15,20.0,50.0,2.3799999999999955,51
airfoil,hyb_gp,16,34.0,53.0,2.430000000000007,54
airfoil,hyb_gp,17,45.0,51.0,2.430000000000007,52
airfoil,hyb_gp,18,57.0,48.0,4.820999999999998,57
airfoil,hyb_gp,19,29.0,31.0,1.0689999999999884,32
concrete,ofat_cold_single,0,44.0,52.0,2.399376480000001,52
concrete,ofat_cold_single,1,,53.0,8.234313341879599,53
concrete,ofat_cold_single,2,36.0,57.0,0.8480554799999993,57
concrete,ofat_cold_single,3,44.0,52.0,2.399376480000001,52
concrete,ofat_cold_single,4,28.0,58.0,0.8480554799999993,58
concrete,ofat_cold_single,5,48.0,56.0,2.399376480000001,56
concrete,ofat_cold_single,6,,57.0,6.363863480000006,57
concrete,ofat_cold_single,7,17.0,54.0,0.0,54
concrete,ofat_cold_single,8,36.0,56.0,0.8480554799999993,56
concrete,ofat_cold_single,9,18.0,55.0,0.0,55
concrete,ofat_cold_single,10,47.0,55.0,2.399376480000001,55
concrete,ofat_cold_single,11,,54.0,8.234313341879599,54
concrete,ofat_cold_single,12,,56.0,6.363863480000006,56
concrete,ofat_cold_single,13,,51.0,6.363863480000006,51
concrete,ofat_cold_single,14,27.0,58.0,0.8480554799999993,58
concrete,ofat_cold_single,15,48.0,56.0,2.399376480000001,56
concrete,ofat_cold_single,16,,55.0,8.234313341879599,55
concrete,ofat_cold_single,17,28.0,55.0,0.0,55
concrete,ofat_cold_single,18,,57.0,6.363863480000006,57
concrete,ofat_cold_single,19,,54.0,6.363863480000006,54
concrete,ofat_cold_cyclic,0,44.0,67.0,2.399376480000001,67
concrete,ofat_cold_cyclic,1,,101.0,6.363863480000006,101
concrete,ofat_cold_cyclic,2,36.0,75.0,0.8480554799999993,75
concrete,ofat_cold_cyclic,3,44.0,66.0,2.399376480000001,66
concrete,ofat_cold_cyclic,4,28.0,71.0,0.8480554799999993,71
concrete,ofat_cold_cyclic,5,48.0,71.0,2.399376480000001,71
concrete,ofat_cold_cyclic,6,,62.0,6.363863480000006,62
concrete,ofat_cold_cyclic,7,17.0,75.0,0.0,75
concrete,ofat_cold_cyclic,8,36.0,75.0,0.8480554799999993,75
concrete,ofat_cold_cyclic,9,18.0,76.0,0.0,76
concrete,ofat_cold_cyclic,10,47.0,70.0,2.399376480000001,70
concrete,ofat_cold_cyclic,11,,102.0,6.363863480000006,102
concrete,ofat_cold_cyclic,12,,60.0,6.363863480000006,60
concrete,ofat_cold_cyclic,13,,54.0,6.363863480000006,54
concrete,ofat_cold_cyclic,14,27.0,72.0,0.8480554799999993,72
concrete,ofat_cold_cyclic,15,48.0,71.0,2.399376480000001,71
concrete,ofat_cold_cyclic,16,,103.0,6.363863480000006,103
concrete,ofat_cold_cyclic,17,28.0,72.0,0.0,72
concrete,ofat_cold_cyclic,18,,62.0,6.363863480000006,62
concrete,ofat_cold_cyclic,19,,60.0,6.363863480000006,60
concrete,ofat_init_single,0,19.0,55.0,0.0,55
concrete,ofat_init_single,1,,61.0,6.363863480000006,61
concrete,ofat_init_single,2,,66.0,6.363863480000006,66
concrete,ofat_init_single,3,41.0,61.0,2.6131140399999992,61
concrete,ofat_init_single,4,,62.0,6.363863480000006,62
concrete,ofat_init_single,5,24.0,64.0,2.399376480000001,64
concrete,ofat_init_single,6,26.0,63.0,0.0,63
concrete,ofat_init_single,7,31.0,65.0,2.399376480000001,65
concrete,ofat_init_single,8,19.0,55.0,0.0,55
concrete,ofat_init_single,9,53.0,61.0,2.399376480000001,61
concrete,ofat_init_single,10,10.0,59.0,2.399376480000001,59
concrete,ofat_init_single,11,10.0,61.0,2.6131140399999992,61
concrete,ofat_init_single,12,41.0,66.0,2.6131140399999992,66
concrete,ofat_init_single,13,18.0,56.0,0.0,56
concrete,ofat_init_single,14,10.0,60.0,2.399376480000001,60
concrete,ofat_init_single,15,28.0,64.0,0.0,64
concrete,ofat_init_single,16,16.0,55.0,0.8480554799999993,55
concrete,ofat_init_single,17,40.0,65.0,2.6131140399999992,65
concrete,ofat_init_single,18,28.0,65.0,0.0,65
concrete,ofat_init_single,19,,61.0,6.363863480000006,61
concrete,ofat_init_cyclic,0,19.0,60.0,0.0,60
concrete,ofat_init_cyclic,1,,66.0,6.363863480000006,66
concrete,ofat_init_cyclic,2,,85.0,6.363863480000006,85
concrete,ofat_init_cyclic,3,41.0,88.0,2.6131140399999992,88
concrete,ofat_init_cyclic,4,,67.0,6.363863480000006,67
concrete,ofat_init_cyclic,5,24.0,68.0,2.399376480000001,68
concrete,ofat_init_cyclic,6,26.0,84.0,0.0,84
concrete,ofat_init_cyclic,7,31.0,77.0,2.399376480000001,77
concrete,ofat_init_cyclic,8,19.0,60.0,0.0,60
concrete,ofat_init_cyclic,9,53.0,75.0,2.399376480000001,75
concrete,ofat_init_cyclic,10,10.0,59.0,2.399376480000001,59
concrete,ofat_init_cyclic,11,10.0,88.0,2.6131140399999992,88
concrete,ofat_init_cyclic,12,41.0,94.0,2.6131140399999992,94
concrete,ofat_init_cyclic,13,18.0,63.0,0.0,63
concrete,ofat_init_cyclic,14,10.0,60.0,2.399376480000001,60
concrete,ofat_init_cyclic,15,28.0,85.0,0.0,85
concrete,ofat_init_cyclic,16,16.0,60.0,0.8480554799999993,60
concrete,ofat_init_cyclic,17,40.0,94.0,2.6131140399999992,94
concrete,ofat_init_cyclic,18,28.0,86.0,0.0,86
concrete,ofat_init_cyclic,19,,66.0,6.363863480000006,66
concrete,random,0,214.0,,,214
concrete,random,1,120.0,,,120
concrete,random,2,66.0,,,66
concrete,random,3,49.0,,,49
concrete,random,4,57.0,,,57
concrete,random,5,29.0,,,29
concrete,random,6,128.0,,,128
concrete,random,7,97.0,,,97
concrete,random,8,10.0,,,10
concrete,random,9,117.0,,,117
concrete,random,10,29.0,,,29
concrete,random,11,61.0,,,61
concrete,random,12,10.0,,,10
concrete,random,13,113.0,,,113
concrete,random,14,10.0,,,10
concrete,random,15,165.0,,,165
concrete,random,16,122.0,,,122
concrete,random,17,153.0,,,153
concrete,random,18,10.0,,,10
concrete,random,19,53.0,,,53
concrete,ei_gp,0,11.0,18.0,3.3025900399999983,19
concrete,ei_gp,1,17.0,19.0,0.0,20
concrete,ei_gp,2,18.0,20.0,0.0,21
concrete,ei_gp,3,31.0,38.0,2.399376480000001,39
concrete,ei_gp,4,44.0,14.0,19.663855520000006,44
concrete,ei_gp,5,26.0,21.0,8.432291480000004,26
concrete,ei_gp,6,14.0,19.0,3.1991686400000106,20
concrete,ei_gp,7,39.0,16.0,10.976457920000001,39
concrete,ei_gp,8,12.0,21.0,0.0,22
concrete,ei_gp,9,33.0,28.0,7.101602800000009,33
concrete,ei_gp,10,10.0,14.0,2.399376480000001,15
concrete,ei_gp,11,10.0,51.0,0.8480554799999993,52
concrete,ei_gp,12,21.0,49.0,0.0,50
concrete,ei_gp,13,26.0,28.0,0.0,29
concrete,ei_gp,14,10.0,15.0,2.399376480000001,16
concrete,ei_gp,15,50.0,32.0,8.432291480000004,50
concrete,ei_gp,16,41.0,26.0,7.101602800000009,41
concrete,ei_gp,17,24.0,35.0,0.0,36
concrete,ei_gp,18,29.0,39.0,0.0,40
concrete,ei_gp,19,42.0,18.0,7.61181504000001,42
concrete,ucb_gp,0,14.0,18.0,0.0,19
concrete,ucb_gp,1,62.0,27.0,8.432291480000004,62
concrete,ucb_gp,2,30.0,29.0,7.61181504000001,30
concrete,ucb_gp,3,22.0,31.0,2.399376480000001,32
concrete,ucb_gp,4,54.0,17.0,19.663855520000006,54
concrete,ucb_gp,5,20.0,26.0,0.0,27
concrete,ucb_gp,6,17.0,30.0,0.0,31
concrete,ucb_gp,7,22.0,20.0,8.432291480000004,22
concrete,ucb_gp,8,14.0,35.0,2.399376480000001,36
concrete,ucb_gp,9,47.0,17.0,5.798493160000007,47
concrete,ucb_gp,10,10.0,14.0,2.399376480000001,15
concrete,ucb_gp,11,10.0,33.0,0.0,34
concrete,ucb_gp,12,36.0,36.0,0.0,37
concrete,ucb_gp,13,24.0,30.0,2.6131140399999992,31
concrete,ucb_gp,14,10.0,19.0,2.399376480000001,20
concrete,ucb_gp,15,41.0,26.0,5.798493160000007,41
concrete,ucb_gp,16,14.0,27.0,2.399376480000001,28
concrete,ucb_gp,17,34.0,24.0,7.61181504000001,34
concrete,ucb_gp,18,18.0,27.0,2.399376480000001,28
concrete,ucb_gp,19,18.0,22.0,2.6131140399999992,23
concrete,ts_gp,0,31.0,16.0,8.404712439999997,31
concrete,ts_gp,1,28.0,38.0,0.0,39
concrete,ts_gp,2,14.0,41.0,0.0,42
concrete,ts_gp,3,25.0,27.0,0.0,28
concrete,ts_gp,4,30.0,36.0,0.0,37
concrete,ts_gp,5,41.0,31.0,8.432291480000004,41
concrete,ts_gp,6,12.0,23.0,3.1991686400000106,24
concrete,ts_gp,7,23.0,26.0,0.8480554799999993,27
concrete,ts_gp,8,34.0,51.0,0.0,52
concrete,ts_gp,9,38.0,32.0,8.234313341879599,38
concrete,ts_gp,10,10.0,16.0,2.399376480000001,17
concrete,ts_gp,11,10.0,28.0,3.1991686400000106,29
concrete,ts_gp,12,28.0,32.0,0.0,33
concrete,ts_gp,13,16.0,29.0,0.0,30
concrete,ts_gp,14,10.0,19.0,2.399376480000001,20
concrete,ts_gp,15,26.0,24.0,8.90113516000001,26
concrete,ts_gp,16,14.0,48.0,0.0,49
concrete,ts_gp,17,23.0,25.0,0.0,26
concrete,ts_gp,18,36.0,61.0,0.0,62
concrete,ts_gp,19,32.0,37.0,0.8480554799999993,38
concrete,bei_gp,0,13.0,34.0,0.0,37
concrete,bei_gp,1,25.0,43.0,0.0,46
concrete,bei_gp,2,13.0,58.0,0.0,61
concrete,bei_gp,3,22.0,28.0,2.6131140399999992,31
concrete,bei_gp,4,22.0,37.0,5.3020704400000085,40
concrete,bei_gp,5,22.0,28.0,0.0,31
concrete,bei_gp,6,16.0,34.0,0.0,37
concrete,bei_gp,7,22.0,55.0,0.8480554799999993,58
concrete,bei_gp,8,16.0,28.0,0.0,31
concrete,bei_gp,9,13.0,22.0,3.3025900399999983,25
concrete,bei_gp,10,10.0,43.0,0.0,46
concrete,bei_gp,11,10.0,64.0,0.0,67
concrete,bei_gp,12,22.0,55.0,0.0,58
concrete,bei_gp,13,22.0,34.0,0.0,37
concrete,bei_gp,14,10.0,40.0,0.0,43
concrete,bei_gp,15,49.0,58.0,0.8480554799999993,61
concrete,bei_gp,16,37.0,40.0,0.0,43
concrete,bei_gp,17,28.0,40.0,0.0,43
concrete,bei_gp,18,34.0,46.0,0.0,49
concrete,bei_gp,19,55.0,70.0,0.0,73
concrete,hyb_gp,0,19.0,34.0,0.0,35
concrete,hyb_gp,1,23.0,39.0,0.0,40
concrete,hyb_gp,2,25.0,46.0,0.0,47
concrete,hyb_gp,3,42.0,49.0,2.6131140399999992,50
concrete,hyb_gp,4,25.0,27.0,0.8480554799999993,28
concrete,hyb_gp,5,24.0,29.0,2.399376480000001,30
concrete,hyb_gp,6,28.0,48.0,0.0,49
concrete,hyb_gp,7,37.0,44.0,0.0,45
concrete,hyb_gp,8,19.0,36.0,0.0,37
concrete,hyb_gp,9,38.0,36.0,7.101602800000009,38
concrete,hyb_gp,10,10.0,37.0,0.0,38
concrete,hyb_gp,11,10.0,46.0,2.399376480000001,47
concrete,hyb_gp,12,28.0,41.0,0.0,42
concrete,hyb_gp,13,18.0,63.0,0.8480554799999993,64
concrete,hyb_gp,14,10.0,37.0,0.0,38
concrete,hyb_gp,15,72.0,44.0,5.798493160000007,72
concrete,hyb_gp,16,16.0,39.0,0.0,40
concrete,hyb_gp,17,39.0,42.0,2.399376480000001,43
concrete,hyb_gp,18,32.0,39.0,0.0,40
concrete,hyb_gp,19,62.0,43.0,5.798493160000007,62
yacht,ofat_cold_single,0,,32.0,10.920000000000002,32
yacht,ofat_cold_single,1,,32.0,10.920000000000002,32
yacht,ofat_cold_single,2,,32.0,10.920000000000002,32
yacht,ofat_cold_single,3,,32.0,10.920000000000002,32
yacht,ofat_cold_single,4,6.0,32.0,0.0,32
yacht,ofat_cold_single,5,6.0,32.0,0.0,32
yacht,ofat_cold_single,6,,32.0,10.920000000000002,32
yacht,ofat_cold_single,7,,32.0,15.130000000000003,32
yacht,ofat_cold_single,8,,32.0,10.920000000000002,32
yacht,ofat_cold_single,9,,32.0,10.920000000000002,32
yacht,ofat_cold_single,10,,32.0,15.130000000000003,32
yacht,ofat_cold_single,11,,32.0,10.920000000000002,32
yacht,ofat_cold_single,12,32.0,32.0,1.5700000000000003,32
yacht,ofat_cold_single,13,,32.0,10.920000000000002,32
yacht,ofat_cold_single,14,,32.0,10.920000000000002,32
yacht,ofat_cold_single,15,,32.0,10.920000000000002,32
yacht,ofat_cold_single,16,,32.0,10.920000000000002,32
yacht,ofat_cold_single,17,,32.0,15.130000000000003,32
yacht,ofat_cold_single,18,,32.0,10.920000000000002,32
yacht,ofat_cold_single,19,,32.0,15.130000000000003,32
yacht,ofat_cold_cyclic,0,37.0,63.0,0.0,63
yacht,ofat_cold_cyclic,1,37.0,63.0,0.0,63
yacht,ofat_cold_cyclic,2,37.0,63.0,0.0,63
yacht,ofat_cold_cyclic,3,37.0,63.0,0.0,63
yacht,ofat_cold_cyclic,4,6.0,33.0,0.0,33
yacht,ofat_cold_cyclic,5,6.0,33.0,0.0,33
yacht,ofat_cold_cyclic,6,37.0,63.0,0.0,63
yacht,ofat_cold_cyclic,7,37.0,63.0,0.0,63
yacht,ofat_cold_cyclic,8,37.0,63.0,0.0,63
yacht,ofat_cold_cyclic,9,37.0,63.0,0.0,63
yacht,ofat_cold_cyclic,10,37.0,63.0,0.0,63
yacht,ofat_cold_cyclic,11,37.0,63.0,0.0,63
yacht,ofat_cold_cyclic,12,32.0,62.0,0.0,62
yacht,ofat_cold_cyclic,13,37.0,63.0,0.0,63
yacht,ofat_cold_cyclic,14,37.0,63.0,0.0,63
yacht,ofat_cold_cyclic,15,37.0,63.0,0.0,63
yacht,ofat_cold_cyclic,16,37.0,63.0,0.0,63
yacht,ofat_cold_cyclic,17,37.0,63.0,0.0,63
yacht,ofat_cold_cyclic,18,37.0,63.0,0.0,63
yacht,ofat_cold_cyclic,19,37.0,63.0,0.0,63
yacht,ofat_init_single,0,15.0,41.0,0.0,41
yacht,ofat_init_single,1,15.0,41.0,0.0,41
yacht,ofat_init_single,2,15.0,41.0,0.0,41
yacht,ofat_init_single,3,10.0,41.0,0.0,41
yacht,ofat_init_single,4,10.0,39.0,0.0,39
yacht,ofat_init_single,5,41.0,41.0,1.5700000000000003,41
yacht,ofat_init_single,6,41.0,41.0,1.5700000000000003,41
yacht,ofat_init_single,7,40.0,40.0,1.5700000000000003,40
yacht,ofat_init_single,8,40.0,40.0,1.5700000000000003,40
yacht,ofat_init_single,9,15.0,40.0,0.0,40
yacht,ofat_init_single,10,15.0,41.0,0.0,41
yacht,ofat_init_single,11,41.0,41.0,1.5700000000000003,41
yacht,ofat_init_single,12,40.0,40.0,1.5700000000000003,40
yacht,ofat_init_single,13,38.0,38.0,1.5700000000000003,38
yacht,ofat_init_single,14,40.0,40.0,1.5700000000000003,40
yacht,ofat_init_single,15,15.0,40.0,0.0,40
yacht,ofat_init_single,16,41.0,41.0,1.5700000000000003,41
yacht,ofat_init_single,17,40.0,40.0,1.5700000000000003,40
yacht,ofat_init_single,18,15.0,40.0,0.0,40
yacht,ofat_init_single,19,10.0,40.0,0.0,40
yacht,ofat_init_cyclic,0,15.0,42.0,0.0,42
yacht,ofat_init_cyclic,1,15.0,42.0,0.0,42
yacht,ofat_init_cyclic,2,15.0,42.0,0.0,42
yacht,ofat_init_cyclic,3,10.0,41.0,0.0,41
yacht,ofat_init_cyclic,4,10.0,39.0,0.0,39
yacht,ofat_init_cyclic,5,41.0,71.0,0.0,71
yacht,ofat_init_cyclic,6,41.0,71.0,0.0,71
yacht,ofat_init_cyclic,7,40.0,70.0,0.0,70
yacht,ofat_init_cyclic,8,40.0,69.0,0.0,69
yacht,ofat_init_cyclic,9,15.0,41.0,0.0,41
yacht,ofat_init_cyclic,10,15.0,42.0,0.0,42
yacht,ofat_init_cyclic,11,41.0,70.0,0.0,70
yacht,ofat_init_cyclic,12,40.0,70.0,0.0,70
yacht,ofat_init_cyclic,13,38.0,68.0,0.0,68
yacht,ofat_init_cyclic,14,40.0,69.0,0.0,69
yacht,ofat_init_cyclic,15,15.0,41.0,0.0,41
yacht,ofat_init_cyclic,16,41.0,71.0,0.0,71
yacht,ofat_init_cyclic,17,40.0,69.0,0.0,69
yacht,ofat_init_cyclic,18,15.0,41.0,0.0,41
yacht,ofat_init_cyclic,19,10.0,40.0,0.0,40
yacht,random,0,48.0,,,48
yacht,random,1,17.0,,,17
yacht,random,2,93.0,,,93
yacht,random,3,13.0,,,13
yacht,random,4,56.0,,,56
yacht,random,5,10.0,,,10
yacht,random,6,46.0,,,46
yacht,random,7,41.0,,,41
yacht,random,8,20.0,,,20
yacht,random,9,129.0,,,129
yacht,random,10,10.0,,,10
yacht,random,11,42.0,,,42
yacht,random,12,11.0,,,11
yacht,random,13,28.0,,,28
yacht,random,14,51.0,,,51
yacht,random,15,20.0,,,20
yacht,random,16,138.0,,,138
yacht,random,17,73.0,,,73
yacht,random,18,102.0,,,102
yacht,random,19,61.0,,,61
yacht,ei_gp,0,12.0,14.0,0.0,15
yacht,ei_gp,1,13.0,15.0,0.0,16
yacht,ei_gp,2,11.0,13.0,0.0,14
yacht,ei_gp,3,10.0,12.0,1.5700000000000003,13
yacht,ei_gp,4,10.0,16.0,1.5700000000000003,17
yacht,ei_gp,5,15.0,16.0,0.0,17
yacht,ei_gp,6,16.0,13.0,10.620000000000005,16
yacht,ei_gp,7,14.0,14.0,0.0,15
yacht,ei_gp,8,13.0,14.0,0.0,15
yacht,ei_gp,9,12.0,13.0,6.550000000000004,14
yacht,ei_gp,10,11.0,12.0,0.0,13
yacht,ei_gp,11,14.0,13.0,12.280000000000001,14
yacht,ei_gp,12,11.0,13.0,1.5700000000000003,14
yacht,ei_gp,13,18.0,14.0,10.920000000000002,18
yacht,ei_gp,14,13.0,15.0,0.0,16
yacht,ei_gp,15,12.0,12.0,6.550000000000004,13
yacht,ei_gp,16,12.0,14.0,0.0,15
yacht,ei_gp,17,13.0,19.0,0.0,20
yacht,ei_gp,18,15.0,15.0,1.5700000000000003,16
yacht,ei_gp,19,10.0,12.0,0.0,13
yacht,ucb_gp,0,19.0,27.0,0.0,28
yacht,ucb_gp,1,13.0,15.0,0.0,16
yacht,ucb_gp,2,11.0,13.0,0.0,14
yacht,ucb_gp,3,10.0,12.0,0.0,13
yacht,ucb_gp,4,10.0,16.0,0.0,17
yacht,ucb_gp,5,14.0,14.0,0.0,15
yacht,ucb_gp,6,12.0,13.0,0.0,14
yacht,ucb_gp,7,16.0,14.0,7.25,16
yacht,ucb_gp,8,14.0,16.0,0.0,17
yacht,ucb_gp,9,12.0,13.0,6.550000000000004,14
yacht,ucb_gp,10,11.0,15.0,0.0,16
yacht,ucb_gp,11,16.0,13.0,12.280000000000001,16
yacht,ucb_gp,12,11.0,18.0,0.0,19
yacht,ucb_gp,13,18.0,17.0,10.649999999999999,18
yacht,ucb_gp,14,15.0,17.0,0.0,18
yacht,ucb_gp,15,13.0,24.0,0.0,25
yacht,ucb_gp,16,13.0,15.0,0.0,16
yacht,ucb_gp,17,14.0,16.0,0.0,17
yacht,ucb_gp,18,17.0,15.0,6.980000000000004,17
yacht,ucb_gp,19,10.0,12.0,0.0,13
yacht,ts_gp,0,15.0,15.0,5.960000000000001,16
yacht,ts_gp,1,13.0,15.0,0.0,16
yacht,ts_gp,2,11.0,13.0,5.960000000000001,14
yacht,ts_gp,3,10.0,12.0,1.5700000000000003,13
yacht,ts_gp,4,10.0,13.0,1.5700000000000003,14
yacht,ts_gp,5,14.0,17.0,0.0,18
yacht,ts_gp,6,12.0,13.0,0.0,14
yacht,ts_gp,7,19.0,14.0,12.060000000000002,19
yacht,ts_gp,8,15.0,17.0,0.0,18
yacht,ts_gp,9,15.0,13.0,6.980000000000004,15
yacht,ts_gp,10,12.0,24.0,0.0,25
yacht,ts_gp,11,14.0,17.0,0.0,18
yacht,ts_gp,12,13.0,13.0,6.550000000000004,14
yacht,ts_gp,13,19.0,15.0,12.280000000000001,19
yacht,ts_gp,14,15.0,18.0,0.0,19
yacht,ts_gp,15,14.0,16.0,0.0,17
yacht,ts_gp,16,16.0,14.0,12.280000000000001,16
yacht,ts_gp,17,13.0,15.0,0.0,16
yacht,ts_gp,18,14.0,14.0,1.5700000000000003,15
yacht,ts_gp,19,10.0,12.0,0.0,13
yacht,bei_gp,0,16.0,31.0,0.0,34
yacht,bei_gp,1,16.0,28.0,0.0,31
yacht,bei_gp,2,13.0,19.0,0.0,22
yacht,bei_gp,3,10.0,16.0,0.0,19
yacht,bei_gp,4,10.0,19.0,1.5700000000000003,22
yacht,bei_gp,5,16.0,19.0,0.0,22
yacht,bei_gp,6,13.0,19.0,0.0,22
yacht,bei_gp,7,19.0,25.0,0.0,28
yacht,bei_gp,8,16.0,31.0,0.0,34
yacht,bei_gp,9,16.0,19.0,1.5700000000000003,22
yacht,bei_gp,10,13.0,16.0,0.0,19
yacht,bei_gp,11,16.0,22.0,0.0,25
yacht,bei_gp,12,13.0,34.0,0.0,37
yacht,bei_gp,13,19.0,25.0,0.0,28
yacht,bei_gp,14,16.0,28.0,0.0,31
yacht,bei_gp,15,19.0,16.0,11.480000000000004,19
yacht,bei_gp,16,16.0,19.0,0.0,22
yacht,bei_gp,17,16.0,22.0,0.0,25
yacht,bei_gp,18,16.0,22.0,0.0,25
yacht,bei_gp,19,10.0,16.0,0.0,19
yacht,hyb_gp,0,15.0,23.0,1.5700000000000003,24
yacht,hyb_gp,1,15.0,22.0,0.0,23
yacht,hyb_gp,2,15.0,25.0,0.0,26
yacht,hyb_gp,3,10.0,23.0,0.0,24
yacht,hyb_gp,4,10.0,22.0,0.0,23
yacht,hyb_gp,5,21.0,24.0,1.5700000000000003,25
yacht,hyb_gp,6,21.0,23.0,0.0,24
yacht,hyb_gp,7,23.0,25.0,1.5700000000000003,26
yacht,hyb_gp,8,21.0,23.0,1.5700000000000003,24
yacht,hyb_gp,9,15.0,24.0,0.0,25
yacht,hyb_gp,10,15.0,36.0,0.0,37
yacht,hyb_gp,11,22.0,24.0,1.5700000000000003,25
yacht,hyb_gp,12,22.0,24.0,1.5700000000000003,25
yacht,hyb_gp,13,22.0,25.0,1.5700000000000003,26
yacht,hyb_gp,14,22.0,24.0,1.5700000000000003,25
yacht,hyb_gp,15,15.0,22.0,0.0,23
yacht,hyb_gp,16,23.0,28.0,0.0,29
yacht,hyb_gp,17,21.0,23.0,0.0,24
yacht,hyb_gp,18,15.0,22.0,0.0,23
yacht,hyb_gp,19,10.0,23.0,0.0,24
ccpp_2000sub,ofat_cold_single,0,12.0,36.0,0.0,36
ccpp_2000sub,ofat_cold_single,1,11.0,37.0,0.5199999999999818,37
ccpp_2000sub,ofat_cold_single,2,23.0,33.0,1.009999999999991,33
ccpp_2000sub,ofat_cold_single,3,2.0,35.0,0.5199999999999818,35
ccpp_2000sub,ofat_cold_single,4,,35.0,10.399999999999977,35
ccpp_2000sub,ofat_cold_single,5,,37.0,5.649999999999977,37
ccpp_2000sub,ofat_cold_single,6,,37.0,5.649999999999977,37
ccpp_2000sub,ofat_cold_single,7,,36.0,5.649999999999977,36
ccpp_2000sub,ofat_cold_single,8,31.0,36.0,1.009999999999991,36
ccpp_2000sub,ofat_cold_single,9,32.0,37.0,1.009999999999991,37
ccpp_2000sub,ofat_cold_single,10,,37.0,10.529999999999973,37
ccpp_2000sub,ofat_cold_single,11,11.0,36.0,1.009999999999991,36
ccpp_2000sub,ofat_cold_single,12,30.0,36.0,0.0,36
ccpp_2000sub,ofat_cold_single,13,,35.0,10.399999999999977,35
ccpp_2000sub,ofat_cold_single,14,22.0,37.0,1.009999999999991,37
ccpp_2000sub,ofat_cold_single,15,,37.0,18.80000000000001,37
ccpp_2000sub,ofat_cold_single,16,11.0,36.0,0.0,36
ccpp_2000sub,ofat_cold_single,17,31.0,36.0,1.009999999999991,36
ccpp_2000sub,ofat_cold_single,18,30.0,36.0,0.0,36
ccpp_2000sub,ofat_cold_single,19,23.0,36.0,0.0,36
ccpp_2000sub,ofat_cold_cyclic,0,12.0,61.0,0.0,61
ccpp_2000sub,ofat_cold_cyclic,1,11.0,42.0,0.5199999999999818,42
ccpp_2000sub,ofat_cold_cyclic,2,23.0,79.0,0.5199999999999818,79
ccpp_2000sub,ofat_cold_cyclic,3,2.0,55.0,0.5199999999999818,55
ccpp_2000sub,ofat_cold_cyclic,4,,59.0,9.360000000000014,59
ccpp_2000sub,ofat_cold_cyclic,5,59.0,107.0,0.5199999999999818,107
ccpp_2000sub,ofat_cold_cyclic,6,59.0,108.0,0.5199999999999818,108
ccpp_2000sub,ofat_cold_cyclic,7,59.0,107.0,0.5199999999999818,107
ccpp_2000sub,ofat_cold_cyclic,8,31.0,82.0,0.5199999999999818,82
ccpp_2000sub,ofat_cold_cyclic,9,32.0,77.0,0.5199999999999818,77
ccpp_2000sub,ofat_cold_cyclic,10,46.0,80.0,0.0,80
ccpp_2000sub,ofat_cold_cyclic,11,11.0,83.0,0.5199999999999818,83
ccpp_2000sub,ofat_cold_cyclic,12,30.0,66.0,0.0,66
ccpp_2000sub,ofat_cold_cyclic,13,,59.0,9.360000000000014,59
ccpp_2000sub,ofat_cold_cyclic,14,22.0,82.0,0.5199999999999818,82
ccpp_2000sub,ofat_cold_cyclic,15,,85.0,10.899999999999977,85
ccpp_2000sub,ofat_cold_cyclic,16,11.0,61.0,0.0,61
ccpp_2000sub,ofat_cold_cyclic,17,31.0,82.0,0.5199999999999818,82
ccpp_2000sub,ofat_cold_cyclic,18,30.0,63.0,0.0,63
ccpp_2000sub,ofat_cold_cyclic,19,23.0,64.0,0.0,64
ccpp_2000sub,ofat_init_single,0,10.0,46.0,0.0,46
ccpp_2000sub,ofat_init_single,1,40.0,46.0,0.0,46
ccpp_2000sub,ofat_init_single,2,32.0,46.0,0.0,46
ccpp_2000sub,ofat_init_single,3,33.0,46.0,1.009999999999991,46
ccpp_2000sub,ofat_init_single,4,10.0,45.0,0.0,45
ccpp_2000sub,ofat_init_single,5,11.0,46.0,0.0,46
ccpp_2000sub,ofat_init_single,6,,44.0,5.649999999999977,44
ccpp_2000sub,ofat_init_single,7,31.0,44.0,1.009999999999991,44
ccpp_2000sub,ofat_init_single,8,,46.0,10.899999999999977,46
ccpp_2000sub,ofat_init_single,9,,46.0,10.399999999999977,46
ccpp_2000sub,ofat_init_single,10,32.0,46.0,0.0,46
ccpp_2000sub,ofat_init_single,11,,45.0,9.420000000000016,45
ccpp_2000sub,ofat_init_single,12,20.0,46.0,0.5199999999999818,46
ccpp_2000sub,ofat_init_single,13,10.0,44.0,0.0,44
ccpp_2000sub,ofat_init_single,14,41.0,46.0,1.009999999999991,46
ccpp_2000sub,ofat_init_single,15,21.0,46.0,0.5199999999999818,46
ccpp_2000sub,ofat_init_single,16,40.0,45.0,0.0,45
ccpp_2000sub,ofat_init_single,17,,44.0,16.95999999999998,44
ccpp_2000sub,ofat_init_single,18,30.0,46.0,1.009999999999991,46
ccpp_2000sub,ofat_init_single,19,21.0,45.0,0.0,45
ccpp_2000sub,ofat_init_cyclic,0,10.0,60.0,0.0,60
ccpp_2000sub,ofat_init_cyclic,1,40.0,73.0,0.0,73
ccpp_2000sub,ofat_init_cyclic,2,32.0,74.0,0.0,74
ccpp_2000sub,ofat_init_cyclic,3,33.0,87.0,0.5199999999999818,87
ccpp_2000sub,ofat_init_cyclic,4,10.0,70.0,0.0,70
ccpp_2000sub,ofat_init_cyclic,5,11.0,60.0,0.0,60
ccpp_2000sub,ofat_init_cyclic,6,66.0,114.0,0.5199999999999818,114
ccpp_2000sub,ofat_init_cyclic,7,31.0,89.0,0.5199999999999818,89
ccpp_2000sub,ofat_init_cyclic,8,,62.0,10.899999999999977,62
ccpp_2000sub,ofat_init_cyclic,9,,59.0,9.360000000000014,59
ccpp_2000sub,ofat_init_cyclic,10,32.0,74.0,0.0,74
ccpp_2000sub,ofat_init_cyclic,11,50.0,78.0,0.0,78
ccpp_2000sub,ofat_init_cyclic,12,20.0,70.0,0.5199999999999818,70
ccpp_2000sub,ofat_init_cyclic,13,10.0,72.0,0.0,72
ccpp_2000sub,ofat_init_cyclic,14,41.0,85.0,0.5199999999999818,85
ccpp_2000sub,ofat_init_cyclic,15,21.0,57.0,0.5199999999999818,57
ccpp_2000sub,ofat_init_cyclic,16,40.0,73.0,0.0,73
ccpp_2000sub,ofat_init_cyclic,17,62.0,100.0,0.0,100
ccpp_2000sub,ofat_init_cyclic,18,30.0,92.0,0.5199999999999818,92
ccpp_2000sub,ofat_init_cyclic,19,21.0,67.0,0.0,67
ccpp_2000sub,random,0,10.0,,,10
ccpp_2000sub,random,1,43.0,,,43
ccpp_2000sub,random,2,113.0,,,113
ccpp_2000sub,random,3,21.0,,,21
ccpp_2000sub,random,4,10.0,,,10
ccpp_2000sub,random,5,102.0,,,102
ccpp_2000sub,random,6,81.0,,,81
ccpp_2000sub,random,7,56.0,,,56
ccpp_2000sub,random,8,116.0,,,116
ccpp_2000sub,random,9,194.0,,,194
ccpp_2000sub,random,10,10.0,,,10
ccpp_2000sub,random,11,108.0,,,108
ccpp_2000sub,random,12,10.0,,,10
ccpp_2000sub,random,13,142.0,,,142
ccpp_2000sub,random,14,93.0,,,93
ccpp_2000sub,random,15,260.0,,,260
ccpp_2000sub,random,16,294.0,,,294
ccpp_2000sub,random,17,56.0,,,56
ccpp_2000sub,random,18,239.0,,,239
ccpp_2000sub,random,19,88.0,,,88
ccpp_2000sub,ei_gp,0,10.0,19.0,0.5199999999999818,20
ccpp_2000sub,ei_gp,1,15.0,17.0,0.5199999999999818,18
ccpp_2000sub,ei_gp,2,23.0,14.0,8.409999999999968,23
ccpp_2000sub,ei_gp,3,12.0,18.0,0.8899999999999864,19
ccpp_2000sub,ei_gp,4,10.0,17.0,0.8899999999999864,18
ccpp_2000sub,ei_gp,5,15.0,16.0,4.409999999999968,17
ccpp_2000sub,ei_gp,6,15.0,15.0,4.409999999999968,16
ccpp_2000sub,ei_gp,7,13.0,16.0,0.8899999999999864,17
ccpp_2000sub,ei_gp,8,38.0,13.0,5.2099999999999795,38
ccpp_2000sub,ei_gp,9,13.0,15.0,0.8899999999999864,16
ccpp_2000sub,ei_gp,10,13.0,15.0,0.8899999999999864,16
ccpp_2000sub,ei_gp,11,11.0,23.0,0.0,24
ccpp_2000sub,ei_gp,12,22.0,23.0,4.409999999999968,24
ccpp_2000sub,ei_gp,13,10.0,21.0,0.5199999999999818,22
ccpp_2000sub,ei_gp,14,12.0,20.0,0.5199999999999818,21
ccpp_2000sub,ei_gp,15,18.0,16.0,5.2099999999999795,18
ccpp_2000sub,ei_gp,16,17.0,15.0,5.2099999999999795,17
ccpp_2000sub,ei_gp,17,20.0,23.0,4.409999999999968,24
ccpp_2000sub,ei_gp,18,16.0,16.0,2.599999999999966,17
ccpp_2000sub,ei_gp,19,16.0,13.0,5.2099999999999795,16
ccpp_2000sub,ucb_gp,0,10.0,37.0,0.5199999999999818,38
ccpp_2000sub,ucb_gp,1,14.0,19.0,0.0,20
ccpp_2000sub,ucb_gp,2,18.0,16.0,8.409999999999968,18
ccpp_2000sub,ucb_gp,3,15.0,17.0,0.0,18
ccpp_2000sub,ucb_gp,4,10.0,24.0,0.5199999999999818,25
ccpp_2000sub,ucb_gp,5,15.0,16.0,4.409999999999968,17
ccpp_2000sub,ucb_gp,6,13.0,13.0,0.8899999999999864,14
ccpp_2000sub,ucb_gp,7,13.0,17.0,0.5199999999999818,18
ccpp_2000sub,ucb_gp,8,20.0,13.0,5.2099999999999795,20
ccpp_2000sub,ucb_gp,9,13.0,15.0,0.8899999999999864,16
ccpp_2000sub,ucb_gp,10,14.0,21.0,0.0,22
ccpp_2000sub,ucb_gp,11,13.0,20.0,0.5199999999999818,21
ccpp_2000sub,ucb_gp,12,17.0,21.0,4.409999999999968,22
ccpp_2000sub,ucb_gp,13,10.0,22.0,0.5199999999999818,23
ccpp_2000sub,ucb_gp,14,11.0,16.0,0.8899999999999864,17
ccpp_2000sub,ucb_gp,15,19.0,18.0,5.2099999999999795,19
ccpp_2000sub,ucb_gp,16,18.0,15.0,5.2099999999999795,18
ccpp_2000sub,ucb_gp,17,16.0,21.0,4.409999999999968,22
ccpp_2000sub,ucb_gp,18,16.0,16.0,2.599999999999966,17
ccpp_2000sub,ucb_gp,19,14.0,13.0,5.2099999999999795,14
ccpp_2000sub,ts_gp,0,10.0,21.0,0.0,22
ccpp_2000sub,ts_gp,1,12.0,20.0,0.5199999999999818,21
ccpp_2000sub,ts_gp,2,19.0,16.0,8.409999999999968,19
ccpp_2000sub,ts_gp,3,12.0,34.0,0.0,35
ccpp_2000sub,ts_gp,4,10.0,33.0,0.0,34
ccpp_2000sub,ts_gp,5,14.0,35.0,0.0,36
ccpp_2000sub,ts_gp,6,17.0,16.0,5.9599999999999795,17
ccpp_2000sub,ts_gp,7,14.0,28.0,0.8899999999999864,29
ccpp_2000sub,ts_gp,8,15.0,19.0,4.409999999999968,20
ccpp_2000sub,ts_gp,9,14.0,16.0,0.8899999999999864,17
ccpp_2000sub,ts_gp,10,12.0,16.0,0.5199999999999818,17
ccpp_2000sub,ts_gp,11,11.0,27.0,0.0,28
ccpp_2000sub,ts_gp,12,13.0,19.0,0.5199999999999818,20
ccpp_2000sub,ts_gp,13,10.0,26.0,0.0,27
ccpp_2000sub,ts_gp,14,12.0,26.0,0.0,27
ccpp_2000sub,ts_gp,15,11.0,31.0,2.4599999999999795,32
ccpp_2000sub,ts_gp,16,17.0,44.0,0.0,45
ccpp_2000sub,ts_gp,17,12.0,34.0,2.839999999999975,35
ccpp_2000sub,ts_gp,18,12.0,20.0,5.079999999999984,21
ccpp_2000sub,ts_gp,19,16.0,18.0,4.509999999999991,19
ccpp_2000sub,bei_gp,0,10.0,28.0,0.0,31
ccpp_2000sub,bei_gp,1,16.0,22.0,0.0,25
ccpp_2000sub,bei_gp,2,22.0,55.0,0.0,58
ccpp_2000sub,bei_gp,3,16.0,22.0,0.0,25
ccpp_2000sub,bei_gp,4,10.0,43.0,0.0,46
ccpp_2000sub,bei_gp,5,19.0,22.0,0.0,25
ccpp_2000sub,bei_gp,6,16.0,28.0,0.5199999999999818,31
ccpp_2000sub,bei_gp,7,16.0,40.0,0.0,43
ccpp_2000sub,bei_gp,8,40.0,19.0,5.2099999999999795,40
ccpp_2000sub,bei_gp,9,19.0,22.0,0.0,25
ccpp_2000sub,bei_gp,10,16.0,61.0,0.0,64
ccpp_2000sub,bei_gp,11,13.0,28.0,0.0,31
ccpp_2000sub,bei_gp,12,16.0,25.0,4.409999999999968,28
ccpp_2000sub,bei_gp,13,10.0,58.0,0.0,61
ccpp_2000sub,bei_gp,14,13.0,28.0,0.0,31
ccpp_2000sub,bei_gp,15,19.0,43.0,0.0,46
ccpp_2000sub,bei_gp,16,22.0,43.0,0.0,46
ccpp_2000sub,bei_gp,17,19.0,31.0,2.599999999999966,34
ccpp_2000sub,bei_gp,18,16.0,19.0,4.409999999999968,22
ccpp_2000sub,bei_gp,19,16.0,19.0,0.8899999999999864,22
ccpp_2000sub,hyb_gp,0,10.0,32.0,0.9200000000000159,33
ccpp_2000sub,hyb_gp,1,38.0,40.0,0.5199999999999818,41
ccpp_2000sub,hyb_gp,2,36.0,32.0,6.659999999999968,36
ccpp_2000sub,hyb_gp,3,31.0,39.0,2.599999999999966,40
ccpp_2000sub,hyb_gp,4,10.0,35.0,0.5199999999999818,36
ccpp_2000sub,hyb_gp,5,11.0,38.0,0.0,39
ccpp_2000sub,hyb_gp,6,35.0,36.0,0.5199999999999818,37
ccpp_2000sub,hyb_gp,7,29.0,32.0,0.8899999999999864,33
ccpp_2000sub,hyb_gp,8,31.0,32.0,4.409999999999968,33
ccpp_2000sub,hyb_gp,9,29.0,37.0,0.8899999999999864,38
ccpp_2000sub,hyb_gp,10,31.0,33.0,0.5199999999999818,34
ccpp_2000sub,hyb_gp,11,40.0,45.0,0.5199999999999818,46
ccpp_2000sub,hyb_gp,12,20.0,36.0,2.599999999999966,37
ccpp_2000sub,hyb_gp,13,10.0,37.0,0.0,38
ccpp_2000sub,hyb_gp,14,33.0,35.0,0.5199999999999818,36
ccpp_2000sub,hyb_gp,15,21.0,36.0,0.5199999999999818,37
ccpp_2000sub,hyb_gp,16,31.0,37.0,4.409999999999968,38
ccpp_2000sub,hyb_gp,17,34.0,35.0,4.409999999999968,36
ccpp_2000sub,hyb_gp,18,35.0,33.0,5.2099999999999795,35
ccpp_2000sub,hyb_gp,19,21.0,37.0,2.4599999999999795,38
