rowset,target,model,fixed_loo_r2,tuned_loo_r2,fixed_loo_mae,tuned_loo_mae,rank_fixed,rank_tuned
n75,rms_Voc,Lineer,0.26706640630547585,0.2043265373271651,0.04799663438662289,0.05174787860490137,13,12
n75,rms_Voc,Ridge,0.2683787598269536,0.26959373491107685,0.047966297202386494,0.047793101395197865,12,10
n75,rms_Voc,Lasso,0.226561478738748,0.27169474325174325,0.04882167211902564,0.047875103817385266,14,9
n75,rms_Voc,Polinom2-OLS,0.4361724331610425,0.1917359825375603,0.04364073933546125,0.04953794874624232,10,14
n75,rms_Voc,Polinom2-Ridge,0.4406046650415807,0.19975545584404408,0.04320719433569455,0.0494677689650578,9,13
n75,rms_Voc,SVR-RBF,0.637810349589407,0.539674345274886,0.030866841123479188,0.03365703406635387,7,8
n75,rms_Voc,KernelRidge,0.5478717981154553,0.860625401227454,0.03680954381211418,0.02066585802326367,8,3
n75,rms_Voc,KNN,0.38638157321083066,0.20742896979162695,0.042683463156332,0.05158822587586784,11,11
n75,rms_Voc,RandomForest,0.863469668243817,0.8478922500166858,0.019439736871415012,0.020443042894573837,3,6
n75,rms_Voc,ExtraTrees,0.8604152252640338,0.8603926330659489,0.019955774256319652,0.020030078092919484,4,4
n75,rms_Voc,GradientBoosting,0.8593593428391983,0.8995395918006285,0.020488241919181516,0.018411567524597806,5,1
n75,rms_Voc,XGBoost,0.8682726060551196,0.8971283034648456,0.019855618690580026,0.01644387993359095,2,2
n75,rms_Voc,ANN-MLP,0.7934072741278642,0.7742074283476187,0.022805679291219526,0.02544896979588687,6,7
n75,rms_Voc,ARD-GP,0.9142014130104592,0.8498489789398938,0.018458068200143275,0.021544559881694347,1,5
n75,Vpp,Lineer,0.16773951557612043,0.1362571858899726,0.891540111779672,0.8917159136004875,14,12
n75,Vpp,Ridge,0.1692153850479321,0.17304007433165636,0.8897614136170955,0.8775270139049047,12,10
n75,Vpp,Lasso,0.1680087228618662,0.16412950373292534,0.8882333924081951,0.8878328255229242,13,11
n75,Vpp,Polinom2-OLS,0.2961024428596004,0.07200397933456282,0.8584423554597443,0.8742555173288944,10,13
n75,Vpp,Polinom2-Ridge,0.3014116486628732,0.1774578895997233,0.849509472810391,0.9097621643477466,9,9
n75,Vpp,SVR-RBF,0.5288146245860632,0.497196331651269,0.5740678076869299,0.5402526566302949,7,8
n75,Vpp,KernelRidge,0.4041074747174742,0.8032082862264858,0.7161052309045206,0.418134798322911,8,4
n75,Vpp,KNN,0.28877895463381265,-0.2317498884272482,0.7395867933432263,1.0120863126147868,11,14
n75,Vpp,RandomForest,0.8289014133923491,0.8282330783119515,0.3204806951810916,0.3207432001664924,1,3
n75,Vpp,ExtraTrees,0.8235803359196864,0.7913730647106846,0.3420730627059937,0.39050265732703787,2,6
n75,Vpp,GradientBoosting,0.8074196787633515,0.8342522101883862,0.384145826698331,0.3490682827307323,4,2
n75,Vpp,XGBoost,0.8088210336975814,0.8487388373226552,0.3944201542933782,0.3418766069848805,3,1
n75,Vpp,ANN-MLP,0.786227999409157,0.7585442151015787,0.4225014078489237,0.48532093453671377,5,7
n75,Vpp,ARD-GP,0.7754667864857032,0.7944097516044413,0.38371738696014046,0.39529705191221803,6,5
n75,Vmax,Lineer,0.19410217773882765,0.1551186279651936,0.5518957073798691,0.5598860179175594,14,11
n75,Vmax,Ridge,0.1954864497589589,0.19792911640864452,0.5503108620927344,0.5396711050769477,12,9
n75,Vmax,Lasso,0.19419959581156354,0.19147806959409608,0.5474572262325983,0.5463448603426744,13,10
n75,Vmax,Polinom2-OLS,0.3387211973424318,0.10322274889974492,0.5286662361611628,0.5479157848693781,11,13
n75,Vmax,Polinom2-Ridge,0.34384068186078454,0.14065875963225416,0.5235800605457331,0.5389756791708616,10,12
n75,Vmax,SVR-RBF,0.6110164272099805,0.5192689319998152,0.3541699299169724,0.3493829705189836,7,8
n75,Vmax,KernelRidge,0.47236534803811014,0.8012372298312758,0.42804842503706053,0.28543489976932307,8,4
n75,Vmax,KNN,0.35372737966805323,-0.08654843350877783,0.47016175371302626,0.5759300450429251,9,14
n75,Vmax,RandomForest,0.8163958853816833,0.817371882580687,0.2620884439991322,0.2622562629503125,1,2
n75,Vmax,ExtraTrees,0.8107864001559117,0.7843413381184027,0.2708572905576648,0.2786045387532573,2,6
n75,Vmax,GradientBoosting,0.7987571577380861,0.8167135437515093,0.26524069316627974,0.24963977369346524,3,3
n75,Vmax,XGBoost,0.7986030272365093,0.8535231937305512,0.2676442834482598,0.233295227998701,4,1
n75,Vmax,ANN-MLP,0.7775905499796938,0.7228994967771436,0.28495091330484856,0.3442155047176699,6,7
n75,Vmax,ARD-GP,0.7829913876194975,0.7916904895743884,0.26997794398297453,0.2802999664399756,5,5
n72,rms_Voc,Lineer,0.24067605069707776,0.22455585115470567,0.046043714533410954,0.0480857737583045,13,12
n72,rms_Voc,Ridge,0.2421366521210997,0.25189909905693963,0.045999618660339525,0.045399324140143624,12,10
n72,rms_Voc,Lasso,0.21100948405449604,0.23523071922980288,0.046618139551516696,0.0461977641301476,14,11
n72,rms_Voc,Polinom2-OLS,0.3911724112819128,0.13313001949900816,0.04300877164515945,0.04797284535733903,10,13
n72,rms_Voc,Polinom2-Ridge,0.3967030622967558,0.07668503666435356,0.042476754869202854,0.0519069428428217,9,14
n72,rms_Voc,SVR-RBF,0.6339618545265722,0.5689909084776548,0.029277207613345346,0.029612235337453323,7,8
n72,rms_Voc,KernelRidge,0.5196447490319074,0.8351969593224675,0.035672195358528176,0.021506900341882757,8,5
n72,rms_Voc,KNN,0.38775884243977343,0.47451326820476214,0.03977104540030911,0.03656589534694971,11,9
n72,rms_Voc,RandomForest,0.853143337866258,0.8383995171157324,0.019228918610946166,0.01997432865955328,3,4
n72,rms_Voc,ExtraTrees,0.865576527175282,0.8419168541022469,0.018995729664020206,0.019837883265309348,2,3
n72,rms_Voc,GradientBoosting,0.8159152412464319,0.894349585403597,0.021719594438241254,0.015812561992814833,5,1
n72,rms_Voc,XGBoost,0.8314066413742583,0.857575322536344,0.02060159494057356,0.017714171753323044,4,2
n72,rms_Voc,ANN-MLP,0.7322763905777484,0.7584586772186873,0.02480732072787098,0.02532771939261937,6,6
n72,rms_Voc,ARD-GP,0.9049280256505926,0.7502469324126795,0.01713782162009338,0.024014241228169312,1,7
n72,Vpp,Lineer,0.14017734420631522,0.13916860842964307,0.8111485795489533,0.8227258130715873,14,11
n72,Vpp,Ridge,0.14179719694955395,0.15617948105807045,0.8093204730130075,0.7912597428567429,12,9
n72,Vpp,Lasso,0.1404321791532972,0.14587115516760263,0.8076187136942825,0.7988466092171571,13,10
n72,Vpp,Polinom2-OLS,0.24589655691589718,0.07481243020270822,0.8006668146009202,0.840875521957283,11,13
n72,Vpp,Polinom2-Ridge,0.2522242245871521,0.12734226217240685,0.792208750865815,0.8544807463208401,10,12
n72,Vpp,SVR-RBF,0.4668903894045303,0.3747545570772154,0.5577443211489285,0.6751301553850106,7,8
n72,Vpp,KernelRidge,0.3547468414981134,0.7350109089002236,0.6726097514440572,0.44393093399603234,8,5
n72,Vpp,KNN,0.2617020631081667,-0.19948182621012234,0.6783442509369605,0.955482794849639,9,14
n72,Vpp,RandomForest,0.7781407414271868,0.7786964265040598,0.32590507641880184,0.32449100258043195,1,3
n72,Vpp,ExtraTrees,0.7482227808903121,0.7483874172663045,0.35179478461362595,0.3442976940161578,2,4
n72,Vpp,GradientBoosting,0.7463935374485742,0.7862113069498278,0.3907776642371299,0.3336336298362624,3,1
n72,Vpp,XGBoost,0.7383469569577397,0.7841279896156442,0.39732756133818053,0.353534368959813,4,2
n72,Vpp,ANN-MLP,0.6906179213900114,0.6110567725513858,0.4427911038998212,0.5235026653574825,6,7
n72,Vpp,ARD-GP,0.6932711459237032,0.6928474240032085,0.39643992157919694,0.3991465552221402,5,6
n72,Vmax,Lineer,0.16940753334670555,0.13786300499977733,0.4991770001983064,0.5067198409365462,14,12
n72,Vmax,Ridge,0.1709210102789842,0.17255566793651078,0.4976379881425138,0.4877501516178692,12,10
n72,Vmax,Lasso,0.16961998099693731,0.17068218211300468,0.4946305115289867,0.48357831483800634,13,11
n72,Vmax,Polinom2-OLS,0.2906080863705648,0.0755513431980499,0.48856332225449806,0.5207140170814208,11,13
n72,Vmax,Polinom2-Ridge,0.29672251646007386,0.06914041516827973,0.4835539047638158,0.5195964141504364,10,14
n72,Vmax,SVR-RBF,0.5233794034005145,0.4498133845897887,0.3511842496739354,0.32563274730437086,7,8
n72,Vmax,KernelRidge,0.4242333223967595,0.7205868060078631,0.40224179633456525,0.31175121050612786,8,6
n72,Vmax,KNN,0.3297860781539127,0.39866914032565504,0.4245899162257222,0.40633522600574307,9,9
n72,Vmax,RandomForest,0.7653455676203131,0.7653455676203131,0.2587072164125888,0.2587072164125888,2,3
n72,Vmax,ExtraTrees,0.77148880714412,0.7788012712479568,0.2763014641825418,0.25676202487395117,1,1
n72,Vmax,GradientBoosting,0.7301097926630008,0.7234996719965618,0.2728438784569031,0.26743983241858565,3,4
n72,Vmax,XGBoost,0.7283103685374486,0.7725205903486152,0.278370377597817,0.2594317331821155,4,2
n72,Vmax,ANN-MLP,0.7025778543683253,0.6375257961076053,0.2941691510048587,0.352696067995799,5,7
n72,Vmax,ARD-GP,0.6971103219266506,0.7216508117367926,0.29157444834939894,0.28862647094261135,6,5
