rowset,freq_input,model,level_Hz,band,R2_within,MAE,bias,n
n75,nominal,gp,5,edge,-3.3143699334139214,0.046908397600513456,0.046908397600513456,15
n75,nominal,gp,10,interior,0.3574480935900044,0.02481298596420256,-0.021834172718736326,15
n75,nominal,gp,15,interior,-0.570950023403479,0.055327513500088264,0.055327513500088264,15
n75,nominal,gp,20,interior,-0.11459195729804361,0.08860570491405911,-0.08859442080289211,15
n75,nominal,gp,25,edge,-53.98858959849408,0.18649257333048727,0.18649257333048727,15
n75,nominal,lawgp,5,edge,0.6427962805672378,0.011958894307282497,-0.009985796272599297,15
n75,nominal,lawgp,10,interior,0.38181578393634574,0.023923638317591527,-0.022677754809884345,15
n75,nominal,lawgp,15,interior,-5.607189256317674,0.11015226151408451,0.11015226151408451,15
n75,nominal,lawgp,20,interior,-0.14601088489330571,0.09204770034555673,-0.09204770034555673,15
n75,nominal,lawgp,25,edge,-106.21520775277158,0.2602816705140738,0.2602816705140738,15
n75,nominal,prod,5,edge,-3.5304226734258144,0.048055568532247225,0.048055568532247225,15
n75,nominal,prod,10,interior,0.6825841285875791,0.01875738497101859,-0.0008268325756931677,15
n75,nominal,prod,15,interior,0.2849066321775853,0.03537030673988684,0.03537030673988684,15
n75,nominal,prod,20,interior,-0.19179985566632451,0.09267380883012412,-0.09267380883012412,15
n75,nominal,prod,25,edge,-40.19800691025351,0.15684099307966207,0.15684099307966207,15
n75,nominal,lorspec,5,edge,-2.9851881520922783,0.045197057297502424,0.045197057297502424,15
n75,nominal,lorspec,10,interior,0.7837407948361378,0.01571347199874778,0.011494327455495007,15
n75,nominal,lorspec,15,interior,0.8554278175803208,0.016237334756314517,0.012380421556967995,15
n75,nominal,lorspec,20,interior,-0.46466792461129924,0.10514336097480831,-0.10514336097480831,15
n75,nominal,lorspec,25,edge,-31.89452171040108,0.1435303725861204,0.1435303725861204,15
n75,nominal,tr_lor_mean,5,edge,-86.35397049122405,0.19453634187104038,0.19453634187104038,15
n75,nominal,tr_lor_mean,10,interior,0.5799720592055597,0.021606503286007203,-0.018511514807232878,15
n75,nominal,tr_lor_mean,15,interior,-3.4219816450515665,0.09679799343567938,-0.09679799343567938,15
n75,nominal,tr_lor_mean,20,interior,-3.2366227467740405,0.18991840925303782,-0.18991840925303782,15
n75,nominal,tr_lor_mean,25,edge,-5.173590263304383,0.06514545499921846,-0.06514545499921846,15
n75,nominal,tr_lor_gp,5,edge,-50.31002171108336,0.1489387120736823,0.1489387120736823,15
n75,nominal,tr_lor_gp,10,interior,-0.004423668401579706,0.03285286662467722,-0.03223381838502288,15
n75,nominal,tr_lor_gp,15,interior,-0.4698988670151343,0.05284276225945652,0.05284276225945652,15
n75,nominal,tr_lor_gp,20,interior,-0.03882825140894419,0.08519466612778274,-0.08376244162407209,15
n75,nominal,tr_lor_gp,25,edge,-61.77661466349906,0.19594438449160156,0.19594438449160156,15
n75,nominal,tr_pow_mean,5,edge,-1.2974195126072487,0.029890279632242174,0.02744468042300206,15
n75,nominal,tr_pow_mean,10,interior,0.5654099366931362,0.023405000225273666,0.017635957932398603,15
n75,nominal,tr_pow_mean,15,interior,0.6387898080965004,0.02252969853631482,-0.014723557596315974,15
n75,nominal,tr_pow_mean,20,interior,-0.5799192553834331,0.11003652930453493,-0.11003652930453493,15
n75,nominal,tr_pow_mean,25,edge,-8.928638088863774,0.07623484232883722,0.07505175512097127,15
n75,nominal,tr_pow_gp,5,edge,-1.5660221719388931,0.0320429572080488,0.029928539164317394,15
n75,nominal,tr_pow_gp,10,interior,0.5320123163148933,0.02443396367509021,0.01903908990942115,15
n75,nominal,tr_pow_gp,15,interior,0.6384484697196766,0.02253935784040441,-0.01475259714130593,15
n75,nominal,tr_pow_gp,20,interior,-0.2611234010074286,0.09543764478572699,-0.09543764478572699,15
n75,nominal,tr_pow_gp,25,edge,-44.652083946034196,0.16595191588787253,0.16595191588787253,15
n75,nominal,oracle_shape_gp,5,edge,0.5018290344510234,0.014295262343259596,-0.012844552526910028,15
n75,nominal,oracle_shape_gp,10,interior,0.41701780870798577,0.024702323985710987,-0.02316276512702499,15
n75,nominal,oracle_shape_gp,15,interior,-0.06745696837056525,0.03839187643293576,0.03738140991488605,15
n75,nominal,oracle_shape_gp,20,interior,0.6409127093374549,0.04739487827983612,-0.040944147467105854,15
n75,nominal,oracle_shape_gp,25,edge,-1.3325783690768946,0.035022130455542796,0.03253273566810355,15
n75,nominal,mf_ar1,5,edge,0.6217231633906726,0.012379682180961256,-0.010320436496384758,15
n75,nominal,mf_ar1,10,interior,0.37948317037540746,0.024096731696752638,-0.022760991965861448,15
n75,nominal,mf_ar1,15,interior,-5.526426327368058,0.10928376648627089,0.10928376648627089,15
n75,nominal,mf_ar1,20,interior,-0.14868807001280482,0.09220280102889968,-0.0921718000635295,15
n75,nominal,mf_ar1,25,edge,-106.24675039425266,0.2604706030838047,0.2604706030838047,15
n75,nominal,mf_nar,5,edge,-1.9929316531822758,0.02880466252438662,0.02880466252438662,15
n75,nominal,mf_nar,10,interior,0.46211257526564176,0.021184454788058447,-0.020039335923913906,15
n75,nominal,mf_nar,15,interior,-4.666987876766464,0.10232459899853012,0.10232459899853012,15
n75,nominal,mf_nar,20,interior,-0.15547127701794738,0.09199237864693283,-0.09199237864693283,15
n75,nominal,mf_nar,25,edge,-58.25868225327239,0.1993394681373179,0.1993394681373179,15
n75,measured,gp,5,edge,-13.480425547663117,0.07735128551866222,0.07735128551866222,15
n75,measured,gp,10,interior,-0.6241652965146338,0.04209043100403451,0.03747325375328682,15
n75,measured,gp,15,interior,0.15585002797739422,0.03948759087525686,-0.013689721537864968,15
n75,measured,gp,20,interior,-0.8337350335535512,0.11277079016116395,-0.11121203636950969,15
n75,measured,gp,25,edge,-2.38831296740509,0.046503671924524426,0.04344915167844876,15
n75,measured,lawgp,5,edge,-10.19633328681571,0.062907042688233,0.062287583115321045,15
n75,measured,lawgp,10,interior,-0.6358297897560161,0.046174638249597104,0.043072177636913296,15
n75,measured,lawgp,15,interior,0.47899362215754404,0.028674937018389014,-0.004999671884194169,15
n75,measured,lawgp,20,interior,-0.8591344722299319,0.11578312843267047,-0.11552153554103549,15
n75,measured,lawgp,25,edge,-5.001227856240761,0.058888389195112176,0.05631451463776163,15
n75,measured,prod,5,edge,-96.48525847137442,0.21950600306359883,0.21950600306359883,15
n75,measured,prod,10,interior,-0.6813488253330744,0.04387843275562206,0.04387843275562206,15
n75,measured,prod,15,interior,0.17767408733158785,0.03857242526050353,-0.014121150754521094,15
n75,measured,prod,20,interior,-0.8220758692976005,0.11265106551422602,-0.11190764985491723,15
n75,measured,prod,25,edge,-6.900938325779461,0.07222911076868054,0.07162128664176733,15
n75,measured,lorspec,5,edge,-19.135890981824907,0.09065856517021852,0.09065856517021852,15
n75,measured,lorspec,10,interior,0.14089200768990184,0.03182887054132905,0.02867832733875803,15
n75,measured,lorspec,15,interior,0.2398773080309773,0.036729192609049485,-0.011924806106760603,15
n75,measured,lorspec,20,interior,-0.8678024250314702,0.1159135619214342,-0.1159135619214342,15
n75,measured,lorspec,25,edge,-3.0071326579761894,0.051125782844242094,0.04829767785591703,15
n75,measured,tr_lor_mean,5,edge,-48.08994223113988,0.1415359874602252,0.1392684748407187,15
n75,measured,tr_lor_mean,10,interior,0.5326540711237997,0.022152712974033918,-0.007989896647008244,15
n75,measured,tr_lor_mean,15,interior,-2.1499983993524423,0.08168463689834364,-0.08168463689834364,15
n75,measured,tr_lor_mean,20,interior,-1.8626569148143792,0.16086661482382905,-0.16086661482382905,15
n75,measured,tr_lor_mean,25,edge,-4.016597273349845,0.05834205792837482,-0.05834205792837482,15
n75,measured,tr_lor_gp,5,edge,-72.96779548648905,0.18231980840031572,0.18231980840031572,15
n75,measured,tr_lor_gp,10,interior,-1.0434877497914536,0.05186911231576474,0.05186911231576474,15
n75,measured,tr_lor_gp,15,interior,-0.0636637271409406,0.044683835464199816,-0.024419281121762035,15
n75,measured,tr_lor_gp,20,interior,-0.6091772413190133,0.1082590511489014,-0.10161745390690832,15
n75,measured,tr_lor_gp,25,edge,-0.01127414003404259,0.023083196187829134,-0.011674956783909562,15
n75,measured,tr_pow_mean,5,edge,-3.8332514378757283,0.03817505158910756,0.03599288570766739,15
n75,measured,tr_pow_mean,10,interior,0.4491868931866059,0.024799933750958084,0.01920991646852284,15
n75,measured,tr_pow_mean,15,interior,0.5259142711308722,0.02656688401696834,-0.01796244192645182,15
n75,measured,tr_pow_mean,20,interior,-0.9405491268728219,0.11880573200460426,-0.11880573200460426,15
n75,measured,tr_pow_mean,25,edge,-6.722083131188743,0.0674475307528182,0.06595528234858314,15
n75,measured,tr_pow_gp,5,edge,-10.80932393093951,0.05845752190833295,0.0568695386733298,15
n75,measured,tr_pow_gp,10,interior,0.19603438154698805,0.030111361577233545,0.025678830702572524,15
n75,measured,tr_pow_gp,15,interior,0.21626004186402503,0.035987908714771984,-0.014951396256249428,15
n75,measured,tr_pow_gp,20,interior,-0.8580564506146862,0.11506305215230386,-0.11506305215230386,15
n75,measured,tr_pow_gp,25,edge,-6.884459434141512,0.06816288358079299,0.06693535766438614,15
n75,measured,oracle_shape_gp,5,edge,-7.703030797821569,0.05192129375650677,0.05042247410246685,15
n75,measured,oracle_shape_gp,10,interior,-0.34345635239924843,0.04155871139963896,0.038048352507473265,15
n75,measured,oracle_shape_gp,15,interior,0.4822952126156057,0.028642124274008904,-0.005208106162377536,15
n75,measured,oracle_shape_gp,20,interior,-0.8347903789633218,0.11568578459636444,-0.11564422162315978,15
n75,measured,oracle_shape_gp,25,edge,-1.7797656442830525,0.03723421157729903,0.031365055318892845,15
n75,measured,mf_ar1,5,edge,0.2006644848732455,0.01866470149110734,-0.015995926271059585,15
n75,measured,mf_ar1,10,interior,0.3311701821060399,0.028178374344866197,-0.025603054928927556,15
n75,measured,mf_ar1,15,interior,-6.542047180475773,0.12050688553108327,0.12050688553108327,15
n75,measured,mf_ar1,20,interior,-0.07231285403596721,0.08854154500298071,-0.08854154500298071,15
n75,measured,mf_ar1,25,edge,-103.6495493864892,0.25918067565734076,0.25918067565734076,15
n75,measured,mf_nar,5,edge,-1.4788579136313715,0.026300774696258963,0.026300774696258963,15
n75,measured,mf_nar,10,interior,0.5069511131020672,0.021085775358952882,-0.020361371514234557,15
n75,measured,mf_nar,15,interior,-5.082623265410276,0.10475177554040623,0.10475177554040623,15
n75,measured,mf_nar,20,interior,-0.1255142851317239,0.09214161319779844,-0.09214161319779844,15
n75,measured,mf_nar,25,edge,-53.933714061749015,0.19284612271881751,0.19284612271881751,15
n75,measured_agree,gp,5,edge,-11.754228458792825,0.07494373069909396,0.07494373069909396,15
n75,measured_agree,gp,10,interior,-0.6497730216999651,0.04279001112150948,0.03685022774727306,15
n75,measured_agree,gp,15,interior,0.12954162044742212,0.039743834799484276,-0.015434876223789775,15
n75,measured_agree,gp,20,interior,-1.320125308983139,0.12661006740398256,-0.11933893404758392,15
n75,measured_agree,gp,25,edge,-2.49986703848039,0.04715303344856828,0.044097866532135335,15
n75,measured_agree,lawgp,5,edge,-8.655877022518567,0.05990484880608353,0.05911775930349519,15
n75,measured_agree,lawgp,10,interior,-0.6208108717241754,0.04456254100078092,0.041488613131534076,15
n75,measured_agree,lawgp,15,interior,0.020529387637455043,0.038684383514842595,-0.004492159799803102,15
n75,measured_agree,lawgp,20,interior,-0.8657912917118662,0.11571295888821212,-0.11532753009843087,15
n75,measured_agree,lawgp,25,edge,-5.021677260368811,0.05931648475464355,0.056675310914248184,15
n75,measured_agree,prod,5,edge,-110.0898852241201,0.234489587787747,0.234489587787747,15
n75,measured_agree,prod,10,interior,-0.65111817362857,0.04282254905768232,0.036817614933115035,15
n75,measured_agree,prod,15,interior,0.12706037609560217,0.03983086600694582,-0.015527926286798204,15
n75,measured_agree,prod,20,interior,-0.8219783489082633,0.11243392141172043,-0.11183829856019635,15
n75,measured_agree,prod,25,edge,-4.016900632341037,0.053119895364188006,0.05029196223905798,15
n75,measured_agree,lorspec,5,edge,-23.292010108543106,0.09188917034893361,0.09188917034893361,15
n75,measured_agree,lorspec,10,interior,-0.6488983534305643,0.04276775245594199,0.03687733666208658,15
n75,measured_agree,lorspec,15,interior,-0.43369014247850046,0.039289049947755735,0.007413055934378775,15
n75,measured_agree,lorspec,20,interior,-0.8625898226423876,0.11599247051256048,-0.11599247051256048,15
n75,measured_agree,lorspec,25,edge,-2.9623612766524925,0.050918105941208845,0.04809006074002994,15
n75,measured_agree,tr_lor_mean,5,edge,-58.835635160479576,0.1586739429804644,0.15665112787826457,15
n75,measured_agree,tr_lor_mean,10,interior,0.5356346580104803,0.02195634407527043,-0.00773749681860303,15
n75,measured_agree,tr_lor_mean,15,interior,-2.443986337016659,0.08705457130158233,-0.08705457130158233,15
n75,measured_agree,tr_lor_mean,20,interior,-1.8641614030121643,0.16091196186567608,-0.16091196186567608,15
n75,measured_agree,tr_lor_mean,25,edge,-4.008470702223925,0.058260519298485705,-0.058260519298485705,15
n75,measured_agree,tr_lor_gp,5,edge,-86.6474190231871,0.1990296911394891,0.1990296911394891,15
n75,measured_agree,tr_lor_gp,10,interior,-0.7762558729803286,0.04704491873785742,0.04704491873785742,15
n75,measured_agree,tr_lor_gp,15,interior,-0.5009063539451339,0.05509955665877156,-0.03388342594809542,15
n75,measured_agree,tr_lor_gp,20,interior,-0.6023940672953791,0.1080595555687005,-0.10116862793490458,15
n75,measured_agree,tr_lor_gp,25,edge,-0.19374729223847797,0.024124143979308683,-0.008977335152212627,15
n75,measured_agree,tr_pow_mean,5,edge,-3.7469665315328857,0.037340496867334504,0.03497533782601343,15
n75,measured_agree,tr_pow_mean,10,interior,0.45190102412812827,0.024620359397817572,0.01897959063757965,15
n75,measured_agree,tr_pow_mean,15,interior,0.5523085593679256,0.02504886949668225,-0.016268556456912515,15
n75,measured_agree,tr_pow_mean,20,interior,-0.9429090263965016,0.11898448074144036,-0.11898448074144036,15
n75,measured_agree,tr_pow_mean,25,edge,-6.65235877249199,0.06716250273226905,0.06549776803631631,15
n75,measured_agree,tr_pow_gp,5,edge,-5.405681092827503,0.04465898324266195,0.04288608284000984,15
n75,measured_agree,tr_pow_gp,10,interior,0.1920805191092244,0.030204394703528217,0.02476152013634197,15
n75,measured_agree,tr_pow_gp,15,interior,0.011035382907417679,0.03810928546832206,-0.014379145545885886,15
n75,measured_agree,tr_pow_gp,20,interior,-0.8579016596134053,0.11519167647501019,-0.11519167647501019,15
n75,measured_agree,tr_pow_gp,25,edge,-6.790476751419859,0.06776943237791819,0.06639985589197694,15
n75,measured_agree,oracle_shape_gp,5,edge,-6.036850647505357,0.0476785890781321,0.04594105673142834,15
n75,measured_agree,oracle_shape_gp,10,interior,-0.3276158255052477,0.039534360494199276,0.03601671790964906,15
n75,measured_agree,oracle_shape_gp,15,interior,0.03233495052016844,0.038425537997340393,-0.004694022339732065,15
n75,measured_agree,oracle_shape_gp,20,interior,-0.8367414429360764,0.11596722592390156,-0.11592344915369439,15
n75,measured_agree,oracle_shape_gp,25,edge,-1.6529514181360354,0.03677820395173162,0.030824803288199344,15
n75,measured_agree,mf_ar1,5,edge,-0.7258864172677402,0.027430894824583194,-0.026397762563509657,15
n75,measured_agree,mf_ar1,10,interior,0.23942683988198388,0.029933379368396924,-0.0274731595355557,15
n75,measured_agree,mf_ar1,15,interior,-6.368282200944348,0.11923520188866871,0.11923520188866871,15
n75,measured_agree,mf_ar1,20,interior,0.02448906030910991,0.08481485393244452,-0.08481485393244452,15
n75,measured_agree,mf_ar1,25,edge,-103.02586079807288,0.2585048754701353,0.2585048754701353,15
n75,measured_agree,mf_nar,5,edge,-2.0486319348541255,0.029240614215201095,0.029240614215201095,15
n75,measured_agree,mf_nar,10,interior,0.5428519849233722,0.020591795697450236,-0.02021037635502006,15
n75,measured_agree,mf_nar,15,interior,-4.89299549778383,0.10382527335090394,0.10382527335090394,15
n75,measured_agree,mf_nar,20,interior,-0.05555925075020807,0.08979930763463147,-0.08979930763463147,15
n75,measured_agree,mf_nar,25,edge,-54.71762151174937,0.1940859398962018,0.1940859398962018,15
n72,nominal,gp,5,edge,-3.1455254107455817,0.04593799732919142,0.04593799732919142,15
n72,nominal,gp,10,interior,0.26732769646895294,0.026338869930806908,-0.024648116238334208,15
n72,nominal,gp,15,interior,-0.5748376941666697,0.05539295410879202,0.05539295410879202,14
n72,nominal,gp,20,interior,-0.030568353570188167,0.08242474871245006,-0.08242474871245006,14
n72,nominal,gp,25,edge,-55.777236021527465,0.18781288741445185,0.18781288741445185,14
n72,nominal,lawgp,5,edge,0.7738000364349462,0.008971009653502072,-0.0061297016306699195,15
n72,nominal,lawgp,10,interior,0.4315669252394504,0.021935033695532808,-0.020008306940084472,15
n72,nominal,lawgp,15,interior,-5.918466791650915,0.11250893071592036,0.11250893071592036,14
n72,nominal,lawgp,20,interior,-0.14088413311261494,0.08856644124720014,-0.08856644124720014,14
n72,nominal,lawgp,25,edge,-113.04107892392555,0.26727329648928594,0.26727329648928594,14
n72,nominal,prod,5,edge,-2.7677326855118674,0.04377333143727966,0.04377333143727966,15
n72,nominal,prod,10,interior,0.6868714022743081,0.017001547075740746,-0.0056449057354258795,15
n72,nominal,prod,15,interior,0.1362194394420818,0.038539289117370965,0.038539289117370965,14
n72,nominal,prod,20,interior,-0.11018593632848894,0.08713035938489597,-0.08713035938489597,14
n72,nominal,prod,25,edge,-37.31534185293268,0.14988494126626284,0.14988494126626284,14
n72,nominal,lorspec,5,edge,-2.4393004870642856,0.04187301043674815,0.04187301043674815,15
n72,nominal,lorspec,10,interior,0.8136830398832132,0.015112497253783563,0.010781966634294633,15
n72,nominal,lorspec,15,interior,0.8496814455272517,0.016646316366462216,0.012202530721479579,14
n72,nominal,lorspec,20,interior,-0.37697890947348167,0.0990520286532417,-0.0990520286532417,14
n72,nominal,lorspec,25,edge,-31.120370604450933,0.14191973790419576,0.14191973790419576,14
n72,nominal,tr_lor_mean,5,edge,-77.02534409372394,0.1843819921827872,0.1843819921827872,15
n72,nominal,tr_lor_mean,10,interior,0.48091077236445046,0.024044682609029408,-0.021585285005579262,15
n72,nominal,tr_lor_mean,15,interior,-3.192370993220057,0.09614204926492165,-0.09614204926492165,14
n72,nominal,tr_lor_mean,20,interior,-3.091324339581419,0.18184142927152247,-0.18184142927152247,14
n72,nominal,tr_lor_mean,25,edge,-4.86712876761684,0.06392986972665274,-0.06392986972665274,14
n72,nominal,tr_lor_gp,5,edge,-43.81601003600684,0.13893560999013602,0.13893560999013602,15
n72,nominal,tr_lor_gp,10,interior,-0.12168970215867492,0.034630973669220105,-0.03427558859382088,15
n72,nominal,tr_lor_gp,15,interior,-0.4977707889805858,0.053340163085609196,0.053340163085609196,14
n72,nominal,tr_lor_gp,20,interior,0.043626030905213664,0.07888312985992664,-0.07769371090615182,14
n72,nominal,tr_lor_gp,25,edge,-61.89210884811152,0.1938228479278747,0.1938228479278747,14
n72,nominal,tr_pow_mean,5,edge,-1.1444770522336452,0.028466562828815666,0.025987615233110675,15
n72,nominal,tr_pow_mean,10,interior,0.6360746380388635,0.021526421726301547,0.015673701146634644,15
n72,nominal,tr_pow_mean,15,interior,0.6151680879760706,0.025107858275535088,-0.01732375406178362,14
n72,nominal,tr_pow_mean,20,interior,-0.5797453542551958,0.10628716171820364,-0.10628716171820364,14
n72,nominal,tr_pow_mean,25,edge,-8.07320490911635,0.07271405202846175,0.0713807806928304,14
n72,nominal,tr_pow_gp,5,edge,-1.501211453564201,0.03142781490081264,0.029404444546953346,15
n72,nominal,tr_pow_gp,10,interior,0.585205970057112,0.023233284544206027,0.01800124171205771,15
n72,nominal,tr_pow_gp,15,interior,0.6277049810258764,0.024688282943061277,-0.016344744952678056,14
n72,nominal,tr_pow_gp,20,interior,-0.18797257260252098,0.08965562772170985,-0.08965562772170985,14
n72,nominal,tr_pow_gp,25,edge,-48.160981940876844,0.17170289162831784,0.17170289162831784,14
n72,nominal,oracle_shape_gp,5,edge,0.5976425419367157,0.012883228461379122,-0.010965834879008828,15
n72,nominal,oracle_shape_gp,10,interior,0.3935043922965449,0.024818454678137796,-0.023390320622517936,15
n72,nominal,oracle_shape_gp,15,interior,-0.03503384710975532,0.03628168858206373,0.03524495172756723,14
n72,nominal,oracle_shape_gp,20,interior,0.6494642181753278,0.04499716209845632,-0.03781970131076383,14
n72,nominal,oracle_shape_gp,25,edge,-1.4784579530439323,0.035317925026302065,0.03219872757244071,14
n72,nominal,mf_ar1,5,edge,0.765566899877343,0.009199747627609304,-0.006241712508253577,15
n72,nominal,mf_ar1,10,interior,0.4440529008260131,0.021808884911699557,-0.019880718704272403,15
n72,nominal,mf_ar1,15,interior,-5.597954704259578,0.10996430859554862,0.10996430859554862,14
n72,nominal,mf_ar1,20,interior,-0.135975227324588,0.0884430566684635,-0.0884430566684635,14
n72,nominal,mf_ar1,25,edge,-110.66657903018208,0.26517773668524736,0.26517773668524736,14
n72,nominal,mf_nar,5,edge,-0.3757667152606503,0.025051260319077347,0.025051260319077347,15
n72,nominal,mf_nar,10,interior,0.49664550837076427,0.020419849513069167,-0.019265964298214668,15
n72,nominal,mf_nar,15,interior,-4.138595681526487,0.09953088444717788,0.09953088444717788,14
n72,nominal,mf_nar,20,interior,-0.10213636466502485,0.08676362909119277,-0.08676362909119277,14
n72,nominal,mf_nar,25,edge,-49.88259468793245,0.1887174831701552,0.1887174831701552,14
n72,measured,gp,5,edge,-12.134526836137157,0.0733057590423976,0.0733057590423976,15
n72,measured,gp,10,interior,-0.4956561438255107,0.039667730198572275,0.039667730198572275,15
n72,measured,gp,15,interior,0.39411693697371597,0.03401858795218935,-0.004527740919419114,14
n72,measured,gp,20,interior,-0.8373531400486496,0.11417735744923103,-0.11417735744923103,14
n72,measured,gp,25,edge,-2.0845762108199413,0.045621907634310226,0.04116126173807867,14
n72,measured,lawgp,5,edge,-6.467144687956842,0.04788639620186067,0.04632376612468621,15
n72,measured,lawgp,10,interior,-0.5012331161992234,0.04335005299548101,0.040100859193684224,15
n72,measured,lawgp,15,interior,0.1285874248553972,0.04150987205196701,-0.0024449982226142633,14
n72,measured,lawgp,20,interior,-0.7523885497546403,0.10901017074566734,-0.10894941647256075,14
n72,measured,lawgp,25,edge,-5.98645595216255,0.06406982410372465,0.06260090093235958,14
n72,measured,prod,5,edge,-91.35547814460062,0.21374772879018827,0.21374772879018827,15
n72,measured,prod,10,interior,-0.4888342055916455,0.039430329524536074,0.03501175423302721,15
n72,measured,prod,15,interior,0.3701049909967926,0.03365887563784091,-0.004974484644666141,14
n72,measured,prod,20,interior,-0.6856064378033988,0.10521237740801677,-0.10419214471373102,14
n72,measured,prod,25,edge,-6.036320084036302,0.07063712007048475,0.07063712007048475,14
n72,measured,lorspec,5,edge,-19.32127748402707,0.0884302287601667,0.0884302287601667,15
n72,measured,lorspec,10,interior,0.28486233034255626,0.027723123529303246,0.020346230282060552,15
n72,measured,lorspec,15,interior,0.5102705732115065,0.028425178726096758,-0.0027356355320739436,14
n72,measured,lorspec,20,interior,-0.7336465315298126,0.1081781058527471,-0.1081781058527471,14
n72,measured,lorspec,25,edge,-3.758510286259664,0.05303140325652171,0.04077792575523349,14
n72,measured,tr_lor_mean,5,edge,-59.941812474884124,0.1576569409793186,0.1546687815874113,15
n72,measured,tr_lor_mean,10,interior,0.47096956675133317,0.022170970944598963,-0.010676984687393842,15
n72,measured,tr_lor_mean,15,interior,-2.0546650130241315,0.08198625648066504,-0.08198625648066504,14
n72,measured,tr_lor_mean,20,interior,-2.141732083797864,0.16532886623421073,-0.16532886623421073,14
n72,measured,tr_lor_mean,25,edge,-3.808123929874524,0.057512692781636655,-0.057512692781636655,14
n72,measured,tr_lor_gp,5,edge,-84.9330473810823,0.19461067756788136,0.19461067756788136,15
n72,measured,tr_lor_gp,10,interior,-0.9943090381015289,0.051432685469900576,0.051432685469900576,15
n72,measured,tr_lor_gp,15,interior,0.016713780432973002,0.044560360159027694,-0.025076123414460298,14
n72,measured,tr_lor_gp,20,interior,-0.6319541625026108,0.10527702257938447,-0.10066769291849054,14
n72,measured,tr_lor_gp,25,edge,0.07332871250127548,0.02167354866104319,-0.008999756388694097,14
n72,measured,tr_pow_mean,5,edge,-3.5670065555460315,0.03635352077091613,0.034134628510193304,15
n72,measured,tr_pow_mean,10,interior,0.6029351506512952,0.02215617248686208,0.016483219526724355,15
n72,measured,tr_pow_mean,15,interior,0.5110142139722583,0.028318291619130388,-0.020673671629764568,14
n72,measured,tr_pow_mean,20,interior,-0.8553114986572359,0.11225813521486458,-0.11225813521486458,14
n72,measured,tr_pow_mean,25,edge,-5.916451015415321,0.06313847627246268,0.061473628042159355,14
n72,measured,tr_pow_gp,5,edge,-6.528233792377575,0.04658425821861915,0.044986473895048694,15
n72,measured,tr_pow_gp,10,interior,0.3046067702889348,0.028506250836830685,0.024071565746032603,15
n72,measured,tr_pow_gp,15,interior,0.25309201872764553,0.036865977253772976,-0.01632451233288231,14
n72,measured,tr_pow_gp,20,interior,-0.7680464407189851,0.10847070743504574,-0.10847070743504574,14
n72,measured,tr_pow_gp,25,edge,-6.138094949852681,0.06431471237743001,0.0630014683643596,14
n72,measured,oracle_shape_gp,5,edge,-5.61445513666516,0.04176594500090733,0.03975193568274009,15
n72,measured,oracle_shape_gp,10,interior,-0.13345400286204656,0.0370150557712453,0.03320840509134178,15
n72,measured,oracle_shape_gp,15,interior,0.2163981163359674,0.038606573024096584,-0.0057038080740000425,14
n72,measured,oracle_shape_gp,20,interior,-0.704503830451277,0.10595287360348662,-0.10554029924641002,14
n72,measured,oracle_shape_gp,25,edge,-2.0708529702588696,0.040308174094169764,0.03463331551067667,14
n72,measured,mf_ar1,5,edge,-0.013860124657985029,0.017067581062239275,-0.008769213532740761,15
n72,measured,mf_ar1,10,interior,0.3749384298722863,0.027612343059132575,-0.024926535047075773,15
n72,measured,mf_ar1,15,interior,-6.821084878111346,0.1254279777866581,0.12309797079013496,14
n72,measured,mf_ar1,20,interior,-0.08518407104238213,0.08579432709551812,-0.08579432709551812,14
n72,measured,mf_ar1,25,edge,-111.42597119719893,0.2688129942803952,0.2688129942803952,14
n72,measured,mf_nar,5,edge,-0.8571891161005969,0.02335956115096081,0.023357476195602946,15
n72,measured,mf_nar,10,interior,-0.38110674229862296,0.03819976958410529,0.008560942470956142,15
n72,measured,mf_nar,15,interior,-4.2433090406395735,0.09949725230591233,0.09949725230591233,14
n72,measured,mf_nar,20,interior,-0.1173369107365072,0.0888477704156199,-0.0888477704156199,14
n72,measured,mf_nar,25,edge,-45.697122760176136,0.18143868840729568,0.18143868840729568,14
n72,measured_agree,gp,5,edge,-10.483666185385403,0.07088776481801291,0.07088776481801291,15
n72,measured_agree,gp,10,interior,-0.4883928369024497,0.04013584492190638,0.033174652103243864,15
n72,measured_agree,gp,15,interior,0.11963323588344432,0.04067741172275006,-0.017270742071700824,14
n72,measured_agree,gp,20,interior,-0.8373540565763458,0.11417733331078342,-0.11417733331078342,14
n72,measured_agree,gp,25,edge,-2.219185960311332,0.04643734244067183,0.04197613132783305,14
n72,measured_agree,lawgp,5,edge,-5.063812856073688,0.04350668712595651,0.041676030856438374,15
n72,measured_agree,lawgp,10,interior,-0.4303280987825002,0.04175394661844363,0.03848146694083976,15
n72,measured_agree,lawgp,15,interior,-0.11464157793375263,0.04498256943601003,-0.0008258960021660189,14
n72,measured_agree,lawgp,20,interior,-0.7512200898562265,0.10877753126345979,-0.10858413002132271,14
n72,measured_agree,lawgp,25,edge,-6.147456564772787,0.06494163743383877,0.06347998430377506,14
n72,measured_agree,prod,5,edge,-137.77001897774528,0.2613226314744084,0.2613226314744084,15
n72,measured_agree,prod,10,interior,-0.4898673519204131,0.040167441836207504,0.0331437069869066,15
n72,measured_agree,prod,15,interior,0.11693559093413564,0.040761636469522855,-0.017365298375232843,14
n72,measured_agree,prod,20,interior,-0.6674942245770517,0.10425171164840055,-0.10351013559777508,14
n72,measured_agree,prod,25,edge,-3.8803238548732253,0.05294868779451899,0.049324848566512106,14
n72,measured_agree,lorspec,5,edge,-23.429686592460254,0.09082679465649492,0.09082679465649492,15
n72,measured_agree,lorspec,10,interior,-0.48731592040862215,0.04011144240562893,0.0332045000648988,15
n72,measured_agree,lorspec,15,interior,0.109343829594449,0.040959244221966395,-0.017595394267212135,14
n72,measured_agree,lorspec,20,interior,-0.7300817293274662,0.10829164148705324,-0.10829164148705324,14
n72,measured_agree,lorspec,25,edge,-2.700261798616004,0.05014469978970496,0.046520747276642446,14
n72,measured_agree,tr_lor_mean,5,edge,-72.0993822710183,0.17619489440715413,0.17343437060568068,15
n72,measured_agree,tr_lor_mean,10,interior,0.47295581118551866,0.021989873511448377,-0.010416002380440482,15
n72,measured_agree,tr_lor_mean,15,interior,-2.333955051463504,0.0874389749882541,-0.0874389749882541,14
n72,measured_agree,tr_lor_mean,20,interior,-2.141501470665255,0.16531802616349253,-0.16531802616349253,14
n72,measured_agree,tr_lor_mean,25,edge,-3.79927996811476,0.05742490793274524,-0.05742490793274524,14
n72,measured_agree,tr_lor_gp,5,edge,-99.71262479930786,0.21231901393066782,0.21231901393066782,15
n72,measured_agree,tr_lor_gp,10,interior,-0.8197717300876701,0.04721789134722951,0.04674871803699341,15
n72,measured_agree,tr_lor_gp,15,interior,-0.34413569785665565,0.0536875006274964,-0.03199944303004922,14
n72,measured_agree,tr_lor_gp,20,interior,-0.6454562729658664,0.10555973580752323,-0.10152006767725355,14
n72,measured_agree,tr_lor_gp,25,edge,-0.1272423421373421,0.02282311601160697,-0.006295144925980904,14
n72,measured_agree,tr_pow_mean,5,edge,-3.5021004068774104,0.03558241990299922,0.03318200936114716,15
n72,measured_agree,tr_pow_mean,10,interior,0.606260638093201,0.021995968192960968,0.016272466737683216,15
n72,measured_agree,tr_pow_mean,15,interior,0.5382489387934599,0.026729265424473785,-0.01896870109047236,14
n72,measured_agree,tr_pow_mean,20,interior,-0.8581351711980749,0.11245458312820956,-0.11245458312820956,14
n72,measured_agree,tr_pow_mean,25,edge,-5.844067634486447,0.06284360359264422,0.06099346916514283,14
n72,measured_agree,tr_pow_gp,5,edge,-4.7384019236205015,0.041924137834230026,0.04014445526246728,15
n72,measured_agree,tr_pow_gp,10,interior,0.30987413176629786,0.028350409851326138,0.023498527736249112,15
n72,measured_agree,tr_pow_gp,15,interior,0.057544448248415314,0.03905348291905824,-0.01549604626046594,14
n72,measured_agree,tr_pow_gp,20,interior,-0.7843912183649813,0.10898614736103525,-0.10898614736103525,14
n72,measured_agree,tr_pow_gp,25,edge,-6.025066531168032,0.06377425161055042,0.062309689550012835,14
n72,measured_agree,oracle_shape_gp,5,edge,-4.330181130019989,0.037185716439048756,0.03489145138079331,15
n72,measured_agree,oracle_shape_gp,10,interior,-0.10712729330708637,0.0372889817257549,0.03333316037640637,15
n72,measured_agree,oracle_shape_gp,15,interior,-0.020263202063698582,0.04211745486972079,-0.004026557512119741,14
n72,measured_agree,oracle_shape_gp,20,interior,-0.7090519977739516,0.10616898721413064,-0.10573168404944107,14
n72,measured_agree,oracle_shape_gp,25,edge,-1.8822439014660417,0.03967549464801264,0.03387303203283052,14
n72,measured_agree,mf_ar1,5,edge,-0.6501044986597719,0.026498079436996797,-0.025395825224037487,15
n72,measured_agree,mf_ar1,10,interior,0.2670012699464809,0.02974533597208858,-0.027257298442135935,15
n72,measured_agree,mf_ar1,15,interior,-5.980658669500106,0.11608448242806339,0.11608448242806339,14
n72,measured_agree,mf_ar1,20,interior,-0.011062006773262967,0.08299984011949228,-0.08299984011949228,14
n72,measured_agree,mf_ar1,25,edge,-111.75644788994211,0.26907896463633335,0.26907896463633335,14
n72,measured_agree,mf_nar,5,edge,-1.7230826245206865,0.027974561367990366,0.027974561367990366,15
n72,measured_agree,mf_nar,10,interior,0.5866453858913022,0.01981014706358215,-0.019281350256047824,15
n72,measured_agree,mf_nar,15,interior,-4.254574639492027,0.10019872782529397,0.10019872782529397,14
n72,measured_agree,mf_nar,20,interior,-0.06765421068748378,0.08738478428879974,-0.08738478428879974,14
n72,measured_agree,mf_nar,25,edge,-47.06502981425611,0.18322837330175631,0.18322837330175631,14
