study,series,doi,first_author,year,journal,matrix,filler,fabrication,loadings_tested_as_reported,loading_basis,loadings_tested_wt_pct,best_wt_pct,best_position,lower_wt_pct,upper_wt_pct,output_metric,curve_points,rel_drop_first_above,where_read,tier,use_primary,use_all,independent_of_our_group,notes
Xu2024,,10.3390/polym16172483,Xu,2024,Polymers,PVDF,MWCNT,electrospun,0;0.05;0.1;0.2 wt% of spinning solution (PVDF 10 wt% of solution),converted to wt% of PVDF (x10),0;0.5;1;2,1.0,interior,0.7071,1.4142,open-circuit voltage (V) at 10 Hz impact,0:2.1;0.5:3.3;1:4.9;2:3.7,-0.245,full text Europe PMC PMC11398139 (Sec. 3.4 and Fig. 9h text),A,1,1,1,values quoted in the text for Fig. 9a-d
Song2022,,10.1155/2022/9452318,Song,2022,Journal of Nanomaterials,PVDF,MWCNT,electrospun,0;0.01;0.03;0.05 wt% of suspension (PVDF 9.52 wt% of suspension),converted to wt% of PVDF (/0.0952),0;0.105;0.315;0.525,0.315,interior,0.1819,0.4067,d33 (pC/N),0:10.00;0.105:13.58;0.315:15.97;0.525:13.61,-0.148,full text Wiley Online Library (Tables 1 and 8),A,1,1,1,d33 from Table 8
Uddin2022,,10.3390/coatings12010077,Uddin,2022,Coatings,PVDF/BaTiO3 (55 wt% BaTiO3 of PVDF),MWCNT,drop cast film,0;0.1;0.3;0.5;1 wt%,wt% of PVDF (0.0015 g MWCNT per 1.5 g PVDF = 0.1 wt%),0;0.1;0.3;0.5;1,0.5,interior,0.3873,0.7071,peak-to-peak open-circuit voltage under finger tapping,0.5:4.4,,full text mdpi.com (Sec. 2 and 3.4; Fig. 7f),A,1,1,1,drop at 1 wt% shown only in Fig. 7f (not read numerically)
Attaoui2025,study,10.1016/j.nanoen.2025.111688,Attaoui,2025,Nano Energy,PVDF/BaTiO3 (10 15 20 wt% BaTiO3),MWCNT,solution cast film,0;0.3;0.5;1.0;1.5 wt% within each BaTiO3 level,wt% as reported,0;0.3;0.5;1.0;1.5,0.5,interior,0.3873,0.7071,maximum output power (text Sec. 3; Fig. 15),,,full text sciencedirect.com (Fig. 14-15 text; Table 4),A,1,1,1,study-level row = optimum of two of three series (BT15 BT20); BT10 series optimum at the highest loading 1.5
Attaoui2025,BT10,10.1016/j.nanoen.2025.111688,Attaoui,2025,Nano Energy,PVDF/BaTiO3 10 wt%,MWCNT,solution cast film,0;0.3;0.5;1.0;1.5,wt% as reported,0;0.3;0.5;1.0;1.5,1.5,highest_tested,1.2247,,maximum output power; d33 Table 4,0.3:5.57;0.5:29.57;1.0:35.27;1.5:66.17,,full text sciencedirect.com (Table 4; Fig. 15b text),A,0,0,1,series row (sensitivity only); curve = d33 (pC/N)
Attaoui2025,BT15,10.1016/j.nanoen.2025.111688,Attaoui,2025,Nano Energy,PVDF/BaTiO3 15 wt%,MWCNT,solution cast film,0;0.3;0.5;1.0;1.5,wt% as reported,0;0.3;0.5;1.0;1.5,0.5,interior,0.3873,0.7071,maximum output power; d33 Table 4,0.3:6.75;0.5:46.67;1.0:39.61;1.5:38.04,-0.151,full text sciencedirect.com (Table 4; Fig. 15c text),A,0,0,1,series row; drop from d33 at 1.0 wt%
Attaoui2025,BT20,10.1016/j.nanoen.2025.111688,Attaoui,2025,Nano Energy,PVDF/BaTiO3 20 wt%,MWCNT,solution cast film,0;0.3;0.5;1.0;1.5,wt% as reported,0;0.3;0.5;1.0;1.5,0.5,interior,0.3873,0.7071,maximum output power; d33 Table 4,0.3:28.81;0.5:57.65;1.0:43.32;1.5:32.58,-0.249,full text sciencedirect.com (Table 4; Fig. 15d text),A,0,0,1,series row; drop from d33 at 1.0 wt%
Shehata2018,,10.3390/polym10090965,Shehata,2018,Polymers,PVDF,MWCNT,electrospun (aligned and random),0;0.1;0.3 wt%,ambiguous: CNT 0.1 and 0.3 wt% added to a 15 wt% PVDF solution (PMC6403798 Sec. 2.2); if per solution they are 0.67 and 2.0 wt% of PVDF,0;0.1;0.3,0.3,highest_tested,0.1732,,piezoelectric sensitivity (mV/g),0:7.2;0.3:8.8,,full text Europe PMC PMC6403798 (Sec. 3),A,1,1,1,"non-aligned mat values quoted; optimum right-censored at the highest loading tested; basis ambiguous: as reported lower bound 0.17, converted to wt% of PVDF lower bound 1.15 (sensitivity set shehata_converted)"
Tohluebaji2025,,10.20944/preprints202503.2238.v1,Tohluebaji,2025,Preprints.org (preprint),P(VDF-HFP),MWCNT,solution cast film,0;0.25;0.5;0.75;1.0 %,wt% as reported,0;0.25;0.5;0.75;1.0,0.75,interior,0.6124,0.8660,output voltage in sensitivity test,,,abstract (OpenAlex record of the preprint),B,1,1,1,not peer reviewed
Lakra2025,,10.1002/pc.29774,Lakra,2025,Polymer Composites,PVDF,MWCNT-COOH,melt mixing then solution cast,0 to 3 wt% (levels not listed in the abstract),wt% as reported,,1.5,interior,0.75,3.0,open-circuit voltage; d33; polar phase,,,abstract (OpenAlex; publisher abstract),B,1,1,1,interval = best x/÷ 2 because the tested levels are not listed
Das2024,,10.1016/j.cej.2023.147900,Das,2024,Chemical Engineering Journal,PVDF/BSTO (20 wt%),MWCNT,solution cast film,not listed (optimized 0.20 %),wt% as reported,,0.2,interior,0.1,0.4,output power; open-circuit voltage,,,abstract (sciencedirect.com),B,1,1,1,interval = best x/÷ 2
Koc2024,,10.1016/j.jallcom.2024.175578,Koç,2024,Journal of Alloys and Compounds,PVDF/PZT,MWCNT,electrospun,not listed (best 0.7 wt%),wt% as reported,,0.7,interior,0.35,1.4,electrical power at 20 Hz (V_pp reported to fall with MWCNT),,,abstract and highlights (sciencedirect.com),B,1,1,0,same laboratory as the source of our grid (Koç and Paralı); excluded in the independent-only sensitivity
Yu2013,,10.1088/0957-4484/24/40/405401,Yu,2013,Nanotechnology,PVDF,MWCNT,electrospun,not listed (maximum at 5 wt%),wt% as reported,,5.0,interior,2.5,10.0,piezo-voltage and capacitor charging power,,,abstract (iopscience.iop.org),B,1,1,1,interval = best x/÷ 2; the abstract says 'an appropriate amount of MWCNTs'
Sun2024,,10.1021/acsanm.4c04119,Sun,2024,ACS Applied Nano Materials,PVDF-TrFE/ZnO,F-MWCNT,electrospun,not listed (best 0.35 wt%),wt% as reported,,0.35,interior,0.175,0.7,open-circuit voltage,,,abstract (OpenAlex; publisher abstract),B,1,1,1,interval = best x/÷ 2
Wu2013,,10.1080/09243046.2013.764780,Wu,2013,Advanced Composite Materials,PVDF,MWNT,solution cast; stretched; poled,0.05 to 0.3 wt% (levels not listed),wt% as reported,,0.05,lowest_tested,,0.1,open-circuit voltage and harvested power,,,abstract (OpenAlex; publisher abstract),B,1,1,1,best at the lowest nonzero loading tested: left-censored (lower bound open); upper bound best x2 because the next tested level is not listed
Cheng2020,,10.1088/1361-665x/ab8748,Cheng,2020,Smart Materials and Structures,PVDF terpolymer/PDMS elastomer,MWCNT,cast elastomer,0 to 4 % (levels not listed),wt% as reported,,4.0,highest_tested,2.8284,,charge sensitivity (normal and shear),,,abstract (OpenAlex; iopscience),B,1,1,1,sensitivity rises over the whole 0 to 4 % range: optimum right-censored at 4
Li2020,,10.3390/polym12122999,Li,2020,Polymers,PVDF-TrFE,CNT-COOH,solution cast film,0.1;0.5;1.0;3.0;5.0 wt%,wt% as reported,0.1;0.5;1.0;3.0;5.0,1.0,interior,0.7071,1.7321,beta-phase fraction F(beta) (d33 measured only at the optimum),0.1:75.2;0.5:77.9;1.0:82.8;3.0:76.6;5.0:74.7,,full text Europe PMC PMC7765614 (Table 2),B,0,1,1,optimum chosen on crystallinity and beta fraction not on output: used only in the 'all' sensitivity; curve not used for the drop
Bairagi2020,,10.1039/d0sm00438c,Bairagi,2020,Soft Matter,PVDF/KNN,CNT,electrospun,not verified,wt% as reported,,0.1,interior,0.05,0.2,output voltage under finger tapping,,,search-engine summary only (publisher page blocked by a bot check),C,0,0,1,not verified from a primary page: listed for completeness and not used
Salama2024,external,10.1038/s41598-024-66258-9,Salama,2024,Scientific Reports,PVDF,graphene oxide (not CNT),electrospun,0;0.5;1.0;1.5;2.0;2.5;3.0 wt%,wt% as reported,0;0.5;1.0;1.5;2.0;2.5;3.0,1.5,interior,1.2247,1.7321,V/g impulse test (E4 digitized; law argmax 1.95),0.5:896.82;1.0:1042.46;1.5:1601.45;2.0:926.06;2.5:1329.36;3.0:1038.38,-0.422,E4 digitization data/external_peng/salama2024.csv (impulse subset mean over force and frequency),E,0,0,1,external sweep used only in the sensitivity (GO filler)
Shi2025,external,10.1002/smll.202508878,Shi,2025,Small,PVDF-TrFE,MWCNTs@BaTiO3 hybrid,solution cast film,0;1.0;2.5;5.0;7.5 wt%,wt% as reported,0;1.0;2.5;5.0;7.5,5.0,interior,3.5355,6.1237,peak output voltage (E4 digitized; law argmax 5.08),1.0:1.210;2.5:1.274;5.0:1.438;7.5:1.248,-0.132,E4 digitization data/external_peng/shi2025.csv (mean over force),E,0,0,1,external sweep used only in the sensitivity (hybrid filler loading not CNT alone)
Koc2025,source,10.1007/s10853-025-11872-9,Koç,2025,Journal of Materials Science,PVDF/BaTiO3,MWCNT,electrospun,0;1;2;3 wt%,wt% as reported,0;1;2;3,2.0,interior,1.4142,2.4495,open-circuit voltage at 3 N,,,second-brain research cache (search summary of the publisher abstract),S,0,0,0,source publication of our own grid: this is the result under test and is never part of the prior
