draw,spec0,spec1,spec2,spec3,spec4
0,3,4,2,0,0
1,0,1,4,2,4
2,3,2,0,3,1
3,3,3,2,2,0
4,3,2,1,4,4
5,2,3,1,1,3
6,4,2,0,2,0
7,4,2,0,3,1
8,2,0,3,3,3
9,3,0,2,3,4
10,1,1,0,2,2
11,0,4,4,0,3
12,0,4,0,3,2
13,3,3,4,0,2
14,2,2,2,3,0
15,1,4,1,4,4
16,3,0,4,4,3
17,4,3,1,3,1
18,4,4,4,3,1
19,1,1,3,1,0
20,0,4,4,3,4
21,0,3,3,3,4
22,2,0,1,1,3
23,2,4,1,3,3
24,1,4,1,4,1
25,4,3,1,1,1
26,0,3,3,1,1
27,4,3,4,1,1
28,3,4,4,0,0
29,3,4,0,3,0
30,1,4,0,2,1
31,2,3,2,1,2
32,1,2,4,3,4
33,2,3,2,3,3
34,3,2,4,2,3
35,2,0,4,0,3
36,4,1,2,1,0
37,2,3,2,4,4
38,0,1,4,0,3
39,0,1,4,1,4
40,3,4,2,2,2
41,3,2,1,3,1
42,3,4,2,3,1
43,0,0,1,0,3
44,4,0,2,2,3
45,4,3,3,2,4
46,0,1,4,4,3
47,0,3,2,3,0
48,1,4,4,1,3
49,0,2,1,0,1
50,3,3,0,1,3
51,1,2,2,2,4
52,3,1,4,3,2
53,3,4,3,1,0
54,0,3,4,3,4
55,2,4,2,4,2
56,2,0,4,2,0
57,2,0,3,2,1
58,3,4,2,4,0
59,2,1,1,4,0
60,4,0,4,3,2
61,3,1,0,0,2
62,1,2,0,4,1
63,0,1,3,3,0
64,4,3,4,3,3
65,0,1,2,0,4
66,0,1,4,1,1
67,0,1,3,1,0
68,2,2,4,1,0
69,0,2,2,0,3
70,2,0,2,4,2
71,4,3,1,3,3
72,3,1,1,2,3
73,2,2,3,2,1
74,0,4,4,3,1
75,2,3,1,0,1
76,2,0,0,4,3
77,1,3,1,1,1
78,4,0,3,3,1
79,3,3,1,2,3
80,0,4,0,2,0
81,2,3,2,4,3
82,3,0,0,2,4
83,2,0,4,2,4
84,3,2,4,1,1
85,1,4,3,0,2
86,0,4,2,1,4
87,1,1,3,1,4
88,3,0,1,1,1
89,0,1,0,1,1
90,4,0,1,3,2
91,4,1,3,0,4
92,2,4,4,4,2
93,2,3,0,0,4
94,0,0,0,3,1
95,1,0,4,4,2
96,1,3,2,1,0
97,4,1,0,0,4
98,3,0,0,2,4
99,0,0,2,2,3
100,3,4,3,0,2
101,0,0,1,2,4
102,3,2,1,4,4
103,4,2,4,3,1
104,3,4,0,0,1
105,2,1,1,3,1
106,2,3,3,3,3
107,1,1,0,2,4
108,2,0,2,1,1
109,0,4,2,4,1
110,3,0,2,0,3
111,4,1,1,1,2
112,1,2,0,4,1
113,2,0,0,4,0
114,0,4,3,4,3
115,2,2,1,2,2
116,0,1,1,4,3
117,4,1,4,2,0
118,1,2,3,2,1
119,1,1,4,0,2
120,3,4,2,2,1
121,1,4,2,4,1
122,3,2,4,3,0
123,1,0,1,4,4
124,2,2,0,3,4
125,0,2,0,3,0
126,3,2,1,1,2
127,1,0,2,4,0
128,0,2,0,4,4
129,1,4,4,1,2
130,2,1,4,4,3
131,0,0,0,0,3
132,0,3,0,2,4
133,1,2,4,2,4
134,1,4,1,4,1
135,4,1,2,0,3
136,4,2,4,4,0
137,0,3,3,4,3
138,4,0,0,1,1
139,0,4,1,0,0
140,0,1,4,4,4
141,1,3,2,1,0
142,2,3,0,4,4
143,3,1,1,3,1
144,2,3,3,1,1
145,2,3,4,1,0
146,4,2,1,1,3
147,4,4,2,3,2
148,0,1,4,3,2
149,4,1,0,0,1
150,1,1,1,4,0
151,2,4,0,2,2
152,1,4,0,1,3
153,1,2,1,3,4
154,0,0,2,2,3
155,3,0,1,0,3
156,0,1,3,2,0
157,4,2,3,2,4
158,0,3,3,4,4
159,3,2,2,3,3
160,0,3,4,2,0
161,0,0,3,4,0
162,2,4,2,4,0
163,2,2,3,4,2
164,3,3,0,2,1
165,0,3,3,3,3
166,4,0,2,4,3
167,4,0,2,4,3
168,4,4,0,3,4
169,3,2,0,1,3
170,3,1,2,2,0
171,3,2,3,2,4
172,1,4,0,0,2
173,4,4,1,1,2
174,0,4,2,4,0
175,0,2,1,4,2
176,4,3,0,1,4
177,0,4,0,1,3
178,0,4,1,4,0
179,4,4,0,4,2
180,2,1,0,0,2
181,4,1,1,0,4
182,1,0,3,0,3
183,1,3,2,4,1
184,3,1,3,2,0
185,3,2,3,1,2
186,4,0,3,1,3
187,0,3,2,2,3
188,0,4,0,0,3
189,0,2,1,2,2
190,3,1,2,3,3
191,4,2,3,1,4
192,1,2,3,3,3
193,1,0,2,1,2
194,2,1,3,2,4
195,4,3,0,0,1
196,3,4,3,1,0
197,1,1,4,2,0
198,3,3,2,0,1
199,2,2,2,3,3
200,0,3,4,0,1
201,2,0,2,2,4
202,3,2,3,1,4
203,1,2,0,1,3
204,0,3,1,1,3
205,2,0,1,0,4
206,4,2,2,3,0
207,4,0,2,3,4
208,3,1,4,3,1
209,0,2,2,4,1
210,4,1,1,3,1
211,3,1,4,1,4
212,3,3,2,2,2
213,1,0,1,2,3
214,1,4,3,2,3
215,1,2,4,0,2
216,4,1,0,3,3
217,1,0,0,3,4
218,2,2,2,2,4
219,0,0,2,4,2
220,0,4,1,4,3
221,4,2,0,1,3
222,4,3,2,2,4
223,1,3,1,0,3
224,2,3,4,4,3
225,0,3,3,3,4
226,4,3,3,1,2
227,0,3,0,1,4
228,0,0,1,2,1
229,4,4,0,4,3
230,1,1,3,0,2
231,0,0,0,3,2
232,4,3,3,3,3
233,3,4,3,3,3
234,4,4,3,3,4
235,3,3,3,4,1
236,2,3,3,3,3
237,4,4,2,2,4
238,4,1,2,3,2
239,2,3,3,0,4
240,1,0,3,2,2
241,0,0,3,3,3
242,0,4,1,4,2
243,2,1,2,3,0
244,4,2,2,2,4
245,0,4,2,3,0
246,1,2,3,0,1
247,3,0,1,4,1
248,2,1,2,1,0
249,4,1,2,3,4
250,1,3,0,2,2
251,2,4,1,0,1
252,2,0,4,3,1
253,2,0,0,0,3
254,0,3,3,2,4
255,4,1,1,0,4
256,0,2,1,1,0
257,0,3,4,4,0
258,0,3,4,0,3
259,1,1,1,1,2
260,3,2,4,0,2
261,3,2,4,2,4
262,2,1,2,1,2
263,1,4,1,3,1
264,4,1,4,1,3
265,2,3,4,0,2
266,4,1,1,0,1
267,3,0,3,2,4
268,4,0,0,0,0
269,2,4,3,1,1
270,2,1,0,2,1
271,4,1,2,4,1
272,4,1,2,2,4
273,0,0,2,4,0
274,3,1,0,0,1
275,3,0,2,0,0
276,1,0,3,1,2
277,3,4,3,0,4
278,3,3,4,1,4
279,3,4,2,4,3
280,1,2,4,2,3
281,3,2,2,0,0
282,0,0,1,4,1
283,1,3,2,3,3
284,1,4,4,4,0
285,4,1,4,4,1
286,3,4,2,3,2
287,3,2,2,3,0
288,4,1,3,3,4
289,4,4,3,3,0
290,2,2,0,4,3
291,2,1,4,1,3
292,2,4,0,3,3
293,0,4,0,1,3
294,4,2,4,1,0
295,4,1,1,4,1
296,2,1,1,2,2
297,4,3,3,0,4
298,2,1,1,4,3
299,3,4,1,4,1
300,0,1,3,3,2
301,4,2,3,3,1
302,0,1,0,4,2
303,2,3,4,1,4
304,0,4,0,4,0
305,1,1,2,4,1
306,0,2,0,2,0
307,3,1,1,3,0
308,1,4,2,2,4
309,0,1,1,2,3
310,1,2,1,2,2
311,2,4,1,2,4
312,4,4,1,0,3
313,2,4,4,1,2
314,0,3,4,4,0
315,2,4,4,1,0
316,0,4,1,1,2
317,3,3,1,0,0
318,1,4,2,2,1
319,1,3,1,3,3
320,1,2,3,3,2
321,0,3,2,4,0
322,2,4,1,4,1
323,1,2,2,3,4
324,1,2,4,0,0
325,1,1,4,4,0
326,3,4,4,0,1
327,3,4,4,4,1
328,0,4,0,0,1
329,3,4,4,3,4
330,4,3,0,1,0
331,4,2,4,0,2
332,4,2,0,2,0
333,0,4,1,4,0
334,0,0,2,1,2
335,3,0,3,4,1
336,3,2,2,2,4
337,4,3,2,0,3
338,2,4,1,2,2
339,4,2,1,0,0
340,2,3,0,0,3
341,0,4,3,1,3
342,1,4,2,1,3
343,1,0,4,4,0
344,4,0,3,0,2
345,0,3,2,3,3
346,4,1,1,0,3
347,2,4,1,4,0
348,3,1,0,2,2
349,2,4,2,3,2
350,0,1,3,2,1
351,3,3,4,1,0
352,4,2,2,4,4
353,0,3,1,2,3
354,1,0,4,4,2
355,3,3,2,1,3
356,3,0,2,2,1
357,2,4,0,0,2
358,3,1,1,4,1
359,0,4,3,0,2
360,1,3,2,1,0
361,1,3,3,3,2
362,4,1,0,0,0
363,1,2,4,3,1
364,4,0,1,2,3
365,1,0,1,2,1
366,3,4,0,0,3
367,1,0,1,2,1
368,4,4,1,1,4
369,4,2,0,4,4
370,2,2,4,4,4
371,1,0,3,3,2
372,2,2,3,0,1
373,0,0,3,2,4
374,1,0,2,1,2
375,3,3,3,1,4
376,2,2,2,2,4
377,1,0,3,1,4
378,2,2,3,3,2
379,2,1,4,3,4
380,2,2,2,1,1
381,2,2,4,0,0
382,0,2,3,1,1
383,3,2,4,4,2
384,3,0,3,2,4
385,4,0,4,1,2
386,3,0,2,4,4
387,4,3,4,1,0
388,0,3,1,1,1
389,4,2,1,3,3
390,3,4,0,2,1
391,2,0,1,0,3
392,0,0,4,2,2
393,4,2,0,1,1
394,0,1,2,3,4
395,3,2,4,4,0
396,4,2,1,4,3
397,4,0,0,0,2
398,4,2,3,3,0
399,0,4,3,0,4
400,4,4,0,2,3
401,3,1,1,3,4
402,0,4,4,1,4
403,2,0,0,0,1
404,0,2,1,2,1
405,1,3,1,2,2
406,3,1,4,2,1
407,4,0,3,0,0
408,0,3,3,3,3
409,1,3,2,1,2
410,4,2,0,2,3
411,1,1,0,0,2
412,0,3,1,0,4
413,2,2,0,0,1
414,2,0,4,1,2
415,4,2,4,2,3
416,4,3,4,3,3
417,0,2,1,1,0
418,4,1,3,1,3
419,0,0,3,2,1
420,0,0,1,2,1
421,3,2,0,2,2
422,0,4,2,1,0
423,3,3,3,4,1
424,3,3,3,4,4
425,4,0,2,4,4
426,2,4,0,1,4
427,4,0,0,3,2
428,2,3,0,4,3
429,1,1,2,4,4
430,0,1,4,3,1
431,1,0,1,2,0
432,0,2,1,2,1
433,1,3,2,3,2
434,2,0,4,2,0
435,2,0,1,0,4
436,2,3,2,2,1
437,1,0,4,3,0
438,2,1,0,4,1
439,2,2,2,4,4
440,3,3,1,1,4
441,3,4,3,3,4
442,0,2,0,2,0
443,0,4,3,2,0
444,2,4,0,1,4
445,1,2,3,4,0
446,1,0,3,1,2
447,0,2,4,0,0
448,1,2,0,3,2
449,3,2,3,4,4
450,3,2,2,4,2
451,1,0,4,3,2
452,1,2,3,4,2
453,1,2,0,0,1
454,2,4,4,0,2
455,4,0,1,4,0
456,1,0,1,4,2
457,0,0,3,0,1
458,4,4,2,2,0
459,1,0,2,4,3
460,3,0,2,4,4
461,0,4,4,1,1
462,1,4,1,0,4
463,3,2,2,1,1
464,0,2,3,4,2
465,4,1,2,3,1
466,0,1,3,0,0
467,1,4,0,2,0
468,0,1,2,4,1
469,2,2,1,3,0
470,2,3,1,1,0
471,4,1,0,4,3
472,3,0,3,4,1
473,3,4,4,4,2
474,1,1,4,1,1
475,0,1,1,1,0
476,2,2,0,0,0
477,0,0,3,2,3
478,0,0,2,0,1
479,2,3,1,4,1
480,4,2,4,1,1
481,1,1,1,0,3
482,4,1,2,0,4
483,4,0,2,2,0
484,1,0,3,4,3
485,0,4,1,2,3
486,3,1,3,0,2
487,2,4,1,3,1
488,4,4,3,3,3
489,1,3,1,2,4
490,1,2,1,0,0
491,1,0,3,4,2
492,0,2,4,4,3
493,1,0,0,3,0
494,1,2,0,3,1
495,3,4,2,4,3
496,0,0,4,1,0
497,3,2,4,2,0
498,2,4,2,3,4
499,2,0,1,1,2
500,1,2,1,0,4
501,2,1,1,1,0
502,3,3,1,4,1
503,3,0,3,1,0
504,2,4,3,3,4
505,4,3,3,3,3
506,1,1,0,1,1
507,3,1,4,0,4
508,3,1,0,0,1
509,2,1,1,0,0
510,2,3,2,1,2
511,3,4,1,4,0
512,2,1,0,3,4
513,0,2,2,1,4
514,4,4,1,1,4
515,0,1,3,1,4
516,1,1,2,0,4
517,2,2,0,2,3
518,1,4,1,2,2
519,0,4,3,1,3
520,0,0,3,4,2
521,4,2,3,3,2
522,4,1,0,2,0
523,2,2,1,0,1
524,1,2,0,1,2
525,0,3,2,4,2
526,2,0,3,4,1
527,3,4,0,3,0
528,2,2,2,0,4
529,0,3,2,0,1
530,3,3,2,4,3
531,4,3,0,2,4
532,3,0,1,1,4
533,4,4,3,0,4
534,0,2,3,1,1
535,2,2,1,4,1
536,0,0,2,0,2
537,4,2,4,2,1
538,1,3,4,0,0
539,2,1,0,1,1
540,4,1,3,4,0
541,4,2,3,2,0
542,2,3,2,3,0
543,1,2,0,3,1
544,0,0,4,3,1
545,0,0,1,3,2
546,0,4,2,3,3
547,1,4,0,3,1
548,1,2,1,4,4
549,2,2,0,2,0
550,2,0,0,2,2
551,2,4,3,2,3
552,2,0,2,0,4
553,1,1,3,3,3
554,2,0,2,3,2
555,2,2,0,4,2
556,2,3,3,0,3
557,2,4,0,0,1
558,2,3,3,1,1
559,3,3,3,0,2
560,0,4,1,4,4
561,4,3,4,1,1
562,1,0,0,4,4
563,1,3,1,1,0
564,1,3,4,3,3
565,4,0,0,1,3
566,3,1,4,3,4
567,3,1,4,4,3
568,0,0,3,2,3
569,3,1,4,4,3
570,4,2,1,4,1
571,4,3,2,0,2
572,1,1,3,2,4
573,4,4,1,2,0
574,1,1,0,0,3
575,4,1,0,3,4
576,3,3,0,0,3
577,1,4,1,2,3
578,4,4,0,4,2
579,3,4,0,0,2
580,4,1,2,2,4
581,3,4,4,3,2
582,4,0,2,2,2
583,4,3,3,4,4
584,1,2,0,1,4
585,2,0,3,3,2
586,2,2,1,3,3
587,3,3,2,0,1
588,4,1,3,3,0
589,3,1,4,4,3
590,2,0,0,1,4
591,2,2,0,3,3
592,1,4,2,4,3
593,0,0,1,4,0
594,4,3,2,3,3
595,3,4,0,3,3
596,3,4,3,2,0
597,1,4,2,4,2
598,0,1,0,0,1
599,4,3,1,3,1
600,2,3,0,4,3
601,4,3,3,3,4
602,4,2,0,4,4
603,0,0,2,3,3
604,1,4,4,0,1
605,3,3,4,0,3
606,0,0,4,1,3
607,4,4,0,3,3
608,4,0,1,4,2
609,1,2,0,4,2
610,2,1,0,1,3
611,3,2,3,3,1
612,2,0,2,3,2
613,4,2,0,4,4
614,0,3,1,4,3
615,3,3,3,4,0
616,3,0,3,0,3
617,0,0,1,2,0
618,0,2,3,2,2
619,3,4,4,4,3
620,1,2,2,1,0
621,0,0,0,0,3
622,1,4,0,2,1
623,1,1,4,2,3
624,3,1,4,0,3
625,0,0,0,2,4
626,2,3,0,2,2
627,1,1,0,2,0
628,0,3,0,2,2
629,1,4,1,3,0
630,2,0,0,0,3
631,2,2,4,2,1
632,1,2,4,2,2
633,2,2,2,3,0
634,1,3,4,1,3
635,4,2,4,0,1
636,2,2,2,0,0
637,1,1,4,0,0
638,0,2,1,2,3
639,0,2,1,1,1
640,4,3,3,2,3
641,3,2,2,2,1
642,0,3,0,0,1
643,1,3,3,4,2
644,1,3,3,0,0
645,3,0,1,2,4
646,2,4,2,4,2
647,2,3,4,0,3
648,1,0,4,4,1
649,3,1,1,3,4
650,0,3,2,1,0
651,4,2,1,3,1
652,2,1,2,0,4
653,2,3,4,4,4
654,2,4,1,2,3
655,3,1,0,0,2
656,1,3,2,0,4
657,4,4,3,2,2
658,0,4,2,4,4
659,4,4,4,1,0
660,2,0,1,1,4
661,3,2,0,0,2
662,0,1,3,1,3
663,3,4,2,4,0
664,2,1,4,0,1
665,4,0,2,1,2
666,3,0,2,4,4
667,2,1,0,4,0
668,3,3,1,1,1
669,2,2,1,2,3
670,2,3,4,0,1
671,0,2,1,4,0
672,2,3,4,3,1
673,1,1,1,1,1
674,0,2,4,4,3
675,2,0,0,2,3
676,2,1,0,4,4
677,1,1,1,1,3
678,2,0,4,2,1
679,0,0,0,0,3
680,4,0,0,0,2
681,4,3,3,1,1
682,3,2,0,3,3
683,2,3,2,2,2
684,3,1,2,4,1
685,1,2,0,0,2
686,2,2,4,2,2
687,3,3,3,1,2
688,3,2,1,0,3
689,3,0,0,2,0
690,2,0,2,1,1
691,0,0,2,4,4
692,1,1,1,0,4
693,4,1,1,3,0
694,3,2,3,0,2
695,0,3,4,0,2
696,2,1,4,1,3
697,4,0,3,4,1
698,4,1,3,3,4
699,0,2,4,3,1
700,2,3,4,0,1
701,4,1,1,2,3
702,4,1,1,3,1
703,0,3,3,3,4
704,3,0,3,3,2
705,0,2,4,4,1
706,4,2,0,0,2
707,1,2,2,4,2
708,4,3,4,1,2
709,3,3,3,4,2
710,0,2,4,2,1
711,0,2,1,4,2
712,2,4,1,4,1
713,1,4,2,2,3
714,4,2,3,0,0
715,2,1,0,1,3
716,4,4,3,1,4
717,2,0,3,0,0
718,0,1,0,2,2
719,2,1,1,4,0
720,2,1,3,3,1
721,0,2,3,0,1
722,4,1,1,1,2
723,2,4,3,2,0
724,4,4,3,2,0
725,2,3,4,4,3
726,2,3,2,2,2
727,1,3,1,4,4
728,4,4,2,0,1
729,3,1,1,2,2
730,0,0,2,4,0
731,4,1,3,2,3
732,4,3,1,0,2
733,0,3,4,3,0
734,1,0,1,0,2
735,3,3,1,3,1
736,1,4,4,2,1
737,4,1,1,0,2
738,4,1,1,1,2
739,2,0,0,2,3
740,2,4,1,4,2
741,3,1,2,1,2
742,1,1,1,2,2
743,2,0,3,2,0
744,1,3,0,4,0
745,4,1,0,0,4
746,0,4,1,4,0
747,2,1,0,3,3
748,2,3,1,4,3
749,4,3,4,3,2
750,0,0,3,3,4
751,0,3,4,1,4
752,3,2,4,0,2
753,1,0,3,0,1
754,3,3,4,1,2
755,4,2,2,1,0
756,1,2,1,0,3
757,0,1,1,3,0
758,3,4,4,3,0
759,3,2,1,2,4
760,2,0,1,1,1
761,2,2,3,1,0
762,2,0,2,2,0
763,1,4,1,0,2
764,0,0,2,1,0
765,2,4,2,4,2
766,1,1,2,0,1
767,3,0,2,3,3
768,4,2,3,0,3
769,4,3,1,0,2
770,4,3,1,3,1
771,1,1,2,4,0
772,3,0,1,2,0
773,4,0,0,0,2
774,4,1,2,1,4
775,3,2,3,0,2
776,0,2,1,3,4
777,4,0,0,3,2
778,2,2,0,2,3
779,0,1,1,2,0
780,3,2,0,1,1
781,1,3,3,4,3
782,0,3,4,4,4
783,0,1,0,3,0
784,4,3,3,0,2
785,1,2,2,3,4
786,3,0,0,0,3
787,1,3,0,1,2
788,4,4,3,3,2
789,4,4,1,0,4
790,4,2,1,0,1
791,0,1,1,4,4
792,0,3,4,0,3
793,3,1,0,0,1
794,0,1,3,0,1
795,1,3,4,0,4
796,3,1,3,0,2
797,3,2,0,1,4
798,0,1,2,2,2
799,3,0,2,4,1
800,3,1,2,1,0
801,0,2,3,2,1
802,0,3,1,0,2
803,4,3,0,2,4
804,4,4,0,4,0
805,0,1,0,4,0
806,2,2,0,3,0
807,0,3,1,2,2
808,4,1,0,0,1
809,1,4,0,0,1
810,1,0,2,4,4
811,3,2,3,4,4
812,2,3,1,0,2
813,0,4,2,3,4
814,4,1,1,3,4
815,0,1,3,4,0
816,2,3,0,1,3
817,1,1,2,2,3
818,1,4,0,1,3
819,1,1,1,3,4
820,3,0,3,1,2
821,0,2,1,1,2
822,1,3,2,3,2
823,0,3,1,0,4
824,1,0,3,0,0
825,4,0,1,2,1
826,3,2,2,4,0
827,0,0,2,2,1
828,4,2,4,4,3
829,3,3,1,1,1
830,4,3,4,4,1
831,0,2,3,3,1
832,2,0,4,0,0
833,4,4,2,4,2
834,4,3,2,1,0
835,3,2,0,1,2
836,4,1,2,1,1
837,1,1,3,4,4
838,2,1,1,2,1
839,0,0,3,4,1
840,1,0,2,0,1
841,1,2,0,3,1
842,0,1,1,3,0
843,2,1,0,0,4
844,3,0,1,1,1
845,3,2,4,0,2
846,4,0,0,4,1
847,1,4,1,2,4
848,2,3,1,2,4
849,3,1,3,3,3
850,1,1,4,4,1
851,3,1,0,1,1
852,2,1,0,1,3
853,2,4,4,4,1
854,1,0,1,2,4
855,0,1,4,4,3
856,2,4,1,4,0
857,2,0,2,1,0
858,0,0,2,1,0
859,1,4,4,0,4
860,0,0,1,0,0
861,1,4,3,3,3
862,3,0,2,4,2
863,3,2,0,4,0
864,1,2,1,2,4
865,0,2,2,4,3
866,4,1,3,4,4
867,2,2,2,2,1
868,3,0,2,2,1
869,3,2,2,4,1
870,4,4,2,3,2
871,2,1,3,4,0
872,1,4,2,3,2
873,0,3,4,2,2
874,1,4,4,1,4
875,2,0,3,4,2
876,1,1,0,2,0
877,2,4,4,4,0
878,3,1,1,4,1
879,1,2,0,2,4
880,2,3,3,2,2
881,1,4,0,3,4
882,0,3,2,2,0
883,3,3,4,0,1
884,3,3,4,3,4
885,0,3,0,3,1
886,4,3,2,4,2
887,3,4,3,2,1
888,2,3,1,3,4
889,1,2,3,1,4
890,3,0,1,4,4
891,4,0,4,4,0
892,0,0,2,2,1
893,0,4,1,2,2
894,1,0,3,4,0
895,0,2,0,2,3
896,4,3,0,2,4
897,3,0,0,1,0
898,1,3,2,0,4
899,2,3,3,0,0
900,3,1,0,4,1
901,4,1,2,0,2
902,4,2,1,2,4
903,4,3,3,1,2
904,1,3,4,4,4
905,2,4,4,1,2
906,0,0,1,2,0
907,0,4,0,3,1
908,0,2,0,3,1
909,0,1,1,1,3
910,4,0,1,0,4
911,3,4,2,1,4
912,0,3,4,4,4
913,3,3,4,0,4
914,4,1,3,1,1
915,3,0,4,3,3
916,3,4,3,4,4
917,4,0,2,1,1
918,1,1,2,4,1
919,2,2,3,3,3
920,0,2,4,0,0
921,2,2,0,4,2
922,2,0,3,1,2
923,4,2,3,3,3
924,4,2,2,4,1
925,0,1,1,1,1
926,4,2,0,1,0
927,4,3,3,1,3
928,0,4,0,3,1
929,0,1,2,3,4
930,4,2,3,4,4
931,4,3,3,3,0
932,1,4,4,3,2
933,2,3,2,3,1
934,0,0,0,0,3
935,4,0,1,0,3
936,4,2,1,2,0
937,1,2,4,3,4
938,4,4,3,3,2
939,0,4,2,3,3
940,0,4,1,2,4
941,3,1,4,4,1
942,0,3,0,0,4
943,4,1,1,0,4
944,2,0,2,0,2
945,2,3,3,3,3
946,3,4,2,0,2
947,4,2,1,3,0
948,4,3,2,4,2
949,0,3,3,3,3
950,2,0,2,1,4
951,3,2,0,3,2
952,1,3,3,4,1
953,2,2,3,2,0
954,4,2,1,1,3
955,0,3,2,2,4
956,4,4,1,3,4
957,3,2,0,4,1
958,4,0,0,2,0
959,0,4,2,3,4
960,3,1,2,3,2
961,2,2,2,1,4
962,3,1,4,0,1
963,1,3,2,0,4
964,4,3,1,0,1
965,3,3,0,3,2
966,0,0,3,1,1
967,0,1,4,1,3
968,2,1,3,3,2
969,3,0,2,2,4
970,0,3,3,2,3
971,1,3,4,4,1
972,1,0,4,2,0
973,3,1,4,4,0
974,1,3,2,1,3
975,4,4,3,0,2
976,2,0,0,2,1
977,2,2,0,3,0
978,3,4,2,1,4
979,2,3,0,1,4
980,0,0,0,1,0
981,2,0,0,1,0
982,2,0,4,4,3
983,1,3,2,4,4
984,3,2,2,1,2
985,1,0,1,2,2
986,2,1,4,4,0
987,0,3,3,4,1
988,0,0,3,2,2
989,2,1,4,1,2
990,0,0,0,3,1
991,0,0,3,1,2
992,3,3,1,0,2
993,0,4,3,2,4
994,1,4,2,1,1
995,4,4,2,2,3
996,2,2,4,1,3
997,2,2,1,2,4
998,4,0,0,3,0
999,2,2,4,4,4
1000,3,3,3,4,1
1001,2,2,1,2,1
1002,2,2,1,3,1
1003,0,2,2,1,1
1004,3,0,2,0,2
1005,1,4,4,2,1
1006,0,1,2,3,1
1007,3,2,1,3,0
1008,0,3,4,1,0
1009,3,1,1,0,1
1010,4,2,2,4,2
1011,0,1,1,0,4
1012,1,4,1,3,4
1013,2,1,1,1,2
1014,2,2,1,2,3
1015,1,1,2,4,1
1016,1,3,1,4,1
1017,0,1,2,3,2
1018,4,1,4,1,1
1019,2,2,4,1,0
1020,1,0,4,3,1
1021,3,3,4,3,1
1022,4,1,4,4,2
1023,3,0,2,3,2
1024,4,0,2,1,0
1025,0,0,4,2,1
1026,0,1,2,1,4
1027,2,0,0,4,1
1028,4,2,0,3,0
1029,1,0,3,3,2
1030,0,2,4,1,1
1031,4,0,2,0,0
1032,2,2,0,1,3
1033,3,1,0,0,1
1034,2,4,2,3,4
1035,3,2,2,2,0
1036,1,1,0,1,3
1037,4,1,0,2,0
1038,2,2,4,2,1
1039,0,2,3,0,4
1040,4,2,1,3,4
1041,3,2,1,3,1
1042,3,1,2,1,4
1043,4,2,1,3,2
1044,3,2,2,4,4
1045,2,1,2,0,2
1046,4,1,2,2,4
1047,4,3,4,4,2
1048,4,2,0,0,1
1049,4,0,0,2,0
1050,4,2,4,3,3
1051,4,3,2,4,0
1052,1,0,3,0,2
1053,2,0,4,1,4
1054,4,3,2,2,0
1055,2,3,2,4,1
1056,2,2,2,3,4
1057,1,0,1,4,1
1058,1,1,1,1,1
1059,2,2,2,4,4
1060,1,4,4,4,3
1061,2,4,4,3,0
1062,4,3,1,0,0
1063,2,2,4,4,0
1064,0,0,0,0,1
1065,4,4,4,2,1
1066,4,4,1,3,3
1067,2,2,0,3,2
1068,4,4,4,4,0
1069,0,4,4,2,2
1070,1,1,2,2,2
1071,3,0,4,3,4
1072,1,1,1,4,3
1073,4,4,3,2,4
1074,0,0,4,3,1
1075,2,2,0,4,4
1076,1,1,2,3,3
1077,3,2,3,0,0
1078,3,2,4,0,3
1079,4,2,2,4,0
1080,2,3,3,4,0
1081,2,3,0,2,1
1082,2,3,4,1,4
1083,2,3,4,1,1
1084,1,1,3,0,0
1085,1,3,1,4,4
1086,4,0,1,2,1
1087,0,1,3,0,1
1088,4,0,3,3,1
1089,0,2,4,1,0
1090,0,4,0,2,3
1091,1,0,3,3,1
1092,0,3,1,4,2
1093,1,0,0,2,0
1094,1,3,2,2,3
1095,0,4,2,2,4
1096,2,1,0,4,3
1097,2,4,2,1,1
1098,1,4,1,4,0
1099,4,1,4,3,2
1100,4,2,4,2,1
1101,2,2,1,2,2
1102,4,4,3,4,4
1103,3,1,1,4,0
1104,1,2,4,2,2
1105,2,0,3,4,2
1106,4,3,0,1,3
1107,2,1,0,3,2
1108,1,0,2,2,3
1109,0,1,4,0,4
1110,1,3,3,4,2
1111,2,2,0,0,4
1112,0,0,1,1,0
1113,2,0,1,1,1
1114,3,3,0,4,4
1115,2,2,4,3,1
1116,4,3,4,3,3
1117,4,3,0,0,2
1118,2,4,1,2,3
1119,4,2,1,1,0
1120,4,0,2,0,3
1121,4,2,1,0,1
1122,3,4,2,1,1
1123,1,2,0,0,0
1124,4,3,1,3,1
1125,1,2,1,1,2
1126,2,4,3,0,0
1127,0,4,2,0,3
1128,0,2,3,0,2
1129,0,3,4,1,0
1130,0,0,1,4,1
1131,4,4,2,4,0
1132,1,3,3,1,2
1133,3,0,3,4,3
1134,1,2,1,4,3
1135,2,0,4,4,0
1136,3,1,2,1,1
1137,2,0,3,4,0
1138,3,0,4,1,2
1139,1,0,2,0,0
1140,1,0,0,4,2
1141,4,3,3,0,2
1142,0,4,4,1,1
1143,0,4,4,2,1
1144,2,4,0,3,0
1145,3,4,0,2,0
1146,0,3,4,1,4
1147,3,2,0,1,1
1148,0,4,4,2,2
1149,0,3,1,4,1
1150,2,1,3,0,3
1151,2,0,2,0,3
1152,3,0,1,4,3
1153,0,1,0,0,2
1154,4,1,3,0,4
1155,1,1,2,4,3
1156,1,2,1,4,3
1157,0,2,4,3,4
1158,1,3,1,3,0
1159,3,3,4,2,4
1160,2,3,1,1,0
1161,3,0,0,0,2
1162,3,1,0,3,1
1163,2,4,0,1,4
1164,3,0,2,0,1
1165,1,0,0,1,0
1166,1,2,3,2,3
1167,2,0,0,3,0
1168,4,2,3,2,4
1169,4,0,2,4,3
1170,1,1,0,2,0
1171,3,4,0,0,1
1172,3,2,3,2,4
1173,3,0,3,4,0
1174,4,3,3,0,2
1175,1,2,1,2,2
1176,2,4,2,2,4
1177,2,3,1,2,1
1178,3,0,3,0,3
1179,2,2,4,2,2
1180,3,2,2,0,1
1181,0,1,1,1,4
1182,2,3,2,1,0
1183,2,1,4,3,4
1184,1,3,2,4,1
1185,0,0,3,3,0
1186,3,4,2,3,1
1187,4,4,2,1,4
1188,3,2,3,1,2
1189,2,2,3,1,2
1190,0,2,0,0,4
1191,3,4,0,1,2
1192,2,3,4,0,2
1193,2,1,0,2,2
1194,2,3,4,2,2
1195,0,4,0,3,1
1196,2,3,2,3,4
1197,1,2,1,3,0
1198,3,4,0,2,4
1199,4,0,1,0,3
1200,1,0,4,1,3
1201,0,2,3,4,3
1202,4,0,3,3,1
1203,3,3,1,0,3
1204,3,2,0,1,3
1205,4,2,0,1,2
1206,3,0,0,4,3
1207,3,0,2,3,0
1208,4,2,1,3,1
1209,1,4,0,1,1
1210,3,1,1,1,4
1211,0,1,1,3,2
1212,0,1,0,1,4
1213,3,1,4,4,2
1214,3,0,2,2,1
1215,0,2,0,1,0
1216,3,4,2,0,0
1217,2,4,2,0,3
1218,4,3,4,3,4
1219,0,4,3,2,3
1220,1,3,4,3,1
1221,1,3,1,4,4
1222,0,0,3,4,0
1223,1,1,4,2,2
1224,2,0,2,1,0
1225,1,3,1,3,4
1226,2,3,0,4,4
1227,1,0,1,1,0
1228,2,0,3,4,1
1229,3,4,3,4,1
1230,4,3,3,0,2
1231,0,3,0,0,2
1232,3,0,4,2,4
1233,1,2,3,3,2
1234,2,3,1,2,1
1235,1,2,0,4,1
1236,4,2,1,1,1
1237,0,4,3,3,3
1238,4,1,1,2,2
1239,0,2,2,4,3
1240,1,3,0,4,3
1241,4,2,1,1,2
1242,0,1,2,3,1
1243,1,0,2,2,3
1244,4,4,0,0,2
1245,1,2,3,2,3
1246,4,1,4,1,2
1247,0,2,1,1,1
1248,2,4,0,0,0
1249,2,1,4,4,2
1250,2,4,3,2,0
1251,1,4,3,2,1
1252,0,1,4,0,3
1253,2,0,2,2,1
1254,1,1,3,4,1
1255,3,3,0,1,1
1256,2,4,4,1,3
1257,1,2,3,0,2
1258,2,0,4,0,1
1259,1,0,2,4,2
1260,2,4,1,0,1
1261,2,1,0,3,4
1262,3,2,2,0,4
1263,3,0,1,0,4
1264,0,1,4,4,3
1265,1,4,1,1,3
1266,4,1,1,2,1
1267,2,4,2,4,1
1268,4,1,4,2,4
1269,2,3,1,0,0
1270,3,2,3,1,3
1271,0,1,1,2,4
1272,1,2,2,4,1
1273,3,4,4,4,2
1274,1,2,3,0,2
1275,0,0,3,0,1
1276,3,3,4,3,4
1277,4,1,0,0,4
1278,1,2,2,2,0
1279,2,1,1,1,2
1280,3,1,0,2,0
1281,2,3,1,4,1
1282,2,0,0,2,0
1283,4,3,3,2,1
1284,0,0,3,1,0
1285,1,1,3,3,1
1286,3,2,3,1,2
1287,0,1,1,0,1
1288,0,3,0,0,4
1289,0,2,4,0,0
1290,1,4,3,2,1
1291,1,0,0,0,3
1292,2,1,4,4,0
1293,0,0,0,1,0
1294,2,4,3,2,0
1295,2,1,4,1,4
1296,3,1,4,3,1
1297,4,1,3,1,2
1298,0,2,2,4,4
1299,0,0,4,2,3
1300,4,4,0,1,1
1301,2,2,4,4,2
1302,3,2,1,3,4
1303,3,0,0,0,4
1304,0,1,2,2,4
1305,1,0,1,3,1
1306,1,4,3,4,2
1307,0,2,1,2,4
1308,1,0,2,3,2
1309,0,4,4,0,0
1310,4,2,0,1,3
1311,2,1,2,0,3
1312,4,1,1,0,2
1313,2,2,3,0,0
1314,2,2,4,1,4
1315,3,2,4,3,1
1316,3,4,2,0,2
1317,4,2,1,4,4
1318,4,3,2,1,3
1319,1,1,0,1,1
1320,3,0,4,0,4
1321,0,2,0,3,0
1322,4,0,1,3,3
1323,1,2,0,3,2
1324,1,1,4,1,4
1325,2,4,0,4,2
1326,4,2,2,2,3
1327,2,4,3,4,1
1328,1,3,2,1,4
1329,1,2,4,4,1
1330,2,1,4,0,4
1331,1,2,1,0,0
1332,3,1,2,2,2
1333,0,3,4,2,2
1334,3,3,3,3,4
1335,2,4,2,3,2
1336,2,2,1,4,2
1337,3,1,0,0,4
1338,4,4,3,4,1
1339,3,0,2,2,0
1340,4,4,1,3,3
1341,3,1,3,3,0
1342,1,0,3,2,1
1343,1,3,4,2,4
1344,0,0,4,3,1
1345,2,4,4,2,1
1346,2,1,1,0,1
1347,0,0,3,0,2
1348,2,1,1,1,3
1349,3,0,3,4,0
1350,2,2,0,4,3
1351,0,2,3,4,3
1352,0,2,1,1,4
1353,0,1,3,4,1
1354,0,4,0,0,1
1355,4,0,0,4,2
1356,2,4,2,3,2
1357,4,2,1,1,4
1358,2,0,0,2,2
1359,1,3,1,0,4
1360,2,1,3,3,4
1361,0,2,4,3,1
1362,2,3,2,3,4
1363,2,1,3,3,2
1364,2,1,2,2,3
1365,1,2,4,2,3
1366,3,0,2,0,0
1367,2,2,0,3,1
1368,2,1,1,1,1
1369,4,1,3,2,1
1370,2,0,4,0,2
1371,0,4,4,2,3
1372,2,4,2,0,2
1373,4,0,1,2,3
1374,1,4,0,3,0
1375,1,4,4,1,1
1376,4,3,1,0,1
1377,2,0,0,2,2
1378,1,4,3,3,4
1379,3,4,1,3,2
1380,1,3,1,1,0
1381,2,2,0,2,3
1382,2,2,4,2,2
1383,4,4,2,2,3
1384,4,2,3,0,2
1385,3,1,2,2,2
1386,0,1,3,3,0
1387,4,3,1,4,2
1388,3,2,3,1,1
1389,0,1,2,3,2
1390,1,1,0,0,3
1391,1,3,1,3,1
1392,4,0,1,0,2
1393,1,2,0,3,3
1394,4,2,1,1,2
1395,2,2,2,4,4
1396,1,1,4,4,3
1397,4,4,3,2,4
1398,3,2,3,1,3
1399,1,4,1,0,0
1400,2,4,1,4,3
1401,3,0,1,3,4
1402,2,3,1,3,4
1403,3,4,2,1,4
1404,3,3,3,1,2
1405,2,1,2,0,4
1406,2,0,1,4,4
1407,4,2,2,3,3
1408,2,1,4,4,2
1409,4,3,1,0,4
1410,0,4,3,2,1
1411,3,3,3,4,1
1412,4,4,2,0,4
1413,0,2,4,1,3
1414,1,0,0,1,2
1415,4,3,0,0,2
1416,1,2,0,1,4
1417,4,2,4,2,1
1418,1,3,0,2,4
1419,0,0,4,1,1
1420,3,0,1,3,2
1421,0,1,1,0,1
1422,4,0,0,1,0
1423,0,3,2,1,4
1424,4,4,1,1,0
1425,1,4,4,2,3
1426,2,3,2,1,3
1427,1,2,0,2,0
1428,3,2,0,0,3
1429,2,3,0,1,4
1430,4,1,4,3,2
1431,0,1,2,4,4
1432,2,0,3,4,1
1433,3,1,4,1,2
1434,3,4,4,3,4
1435,1,4,4,3,3
1436,1,3,4,0,0
1437,2,4,0,3,0
1438,0,0,2,3,0
1439,1,3,2,0,2
1440,1,2,2,0,3
1441,3,4,1,2,0
1442,4,2,3,3,2
1443,1,3,0,1,4
1444,2,0,4,1,3
1445,0,2,3,1,2
1446,2,2,0,0,1
1447,4,1,1,2,4
1448,0,1,3,2,1
1449,4,0,1,3,1
1450,2,4,3,3,3
1451,2,4,2,2,1
1452,2,2,2,4,1
1453,4,4,0,3,1
1454,0,0,1,0,4
1455,1,1,1,2,4
1456,3,2,0,4,4
1457,3,4,0,0,2
1458,4,4,0,0,2
1459,1,1,4,4,4
1460,2,1,0,3,2
1461,1,0,3,4,2
1462,2,3,4,3,0
1463,2,2,1,0,3
1464,0,0,4,3,0
1465,0,2,0,2,1
1466,0,0,3,4,3
1467,1,4,1,4,0
1468,0,4,4,3,1
1469,2,4,2,1,3
1470,3,4,0,4,4
1471,4,1,1,3,2
1472,0,1,3,4,2
1473,1,3,0,2,2
1474,2,1,0,2,1
1475,2,1,4,4,2
1476,4,1,0,1,4
1477,0,0,2,3,0
1478,2,3,1,4,2
1479,2,3,4,4,1
1480,3,4,1,4,4
1481,3,0,3,1,0
1482,2,4,2,2,4
1483,0,2,1,4,0
1484,4,0,0,1,3
1485,0,3,4,0,2
1486,1,3,4,2,4
1487,1,2,0,4,0
1488,3,3,0,4,0
1489,3,3,3,2,0
1490,1,0,3,4,4
1491,3,3,1,1,0
1492,4,1,3,3,1
1493,4,4,2,3,4
1494,4,4,0,0,2
1495,2,4,3,3,4
1496,3,0,3,3,2
1497,0,1,4,4,2
1498,1,0,1,0,1
1499,0,3,4,2,0
1500,1,4,0,2,4
1501,0,1,4,2,4
1502,4,2,3,3,3
1503,3,3,0,4,3
1504,4,3,4,2,3
1505,4,1,2,0,3
1506,0,4,3,2,0
1507,4,4,2,0,2
1508,2,0,1,3,0
1509,0,4,4,2,1
1510,2,1,2,1,0
1511,1,3,1,2,2
1512,1,4,3,4,1
1513,4,3,1,3,1
1514,0,4,0,2,4
1515,1,3,4,3,1
1516,0,0,2,1,3
1517,4,3,0,0,0
1518,0,0,0,2,3
1519,1,1,2,4,4
1520,1,1,3,0,0
1521,3,3,1,1,4
1522,0,3,3,2,1
1523,3,1,2,0,0
1524,3,0,3,1,1
1525,1,1,0,2,3
1526,2,4,0,1,2
1527,0,0,1,3,2
1528,3,3,0,4,2
1529,1,4,3,1,4
1530,1,4,3,1,0
1531,3,0,3,0,1
1532,4,3,3,3,2
1533,1,3,1,2,0
1534,2,3,0,1,1
1535,4,0,2,3,1
1536,4,0,1,4,2
1537,0,1,2,2,3
1538,0,2,3,0,3
1539,2,0,3,0,0
1540,4,1,4,3,2
1541,4,4,1,3,1
1542,0,3,0,3,2
1543,4,1,2,3,2
1544,3,0,0,2,0
1545,2,3,0,0,3
1546,1,2,4,3,2
1547,3,3,3,4,3
1548,2,0,3,0,3
1549,2,2,0,2,2
1550,4,1,0,1,3
1551,1,4,2,2,4
1552,4,3,0,2,0
1553,4,1,2,3,0
1554,3,3,1,3,0
1555,4,0,3,4,0
1556,4,0,4,2,3
1557,4,4,1,1,1
1558,3,1,0,2,1
1559,0,0,3,4,2
1560,0,0,3,2,2
1561,0,3,2,0,3
1562,3,0,0,4,0
1563,4,0,1,4,1
1564,0,0,0,1,0
1565,3,2,1,1,1
1566,3,1,4,2,3
1567,4,2,2,2,1
1568,4,0,4,4,3
1569,3,0,4,2,4
1570,0,2,2,3,1
1571,3,0,0,4,1
1572,3,3,3,1,2
1573,4,1,0,1,1
1574,3,1,0,2,2
1575,3,4,4,0,1
1576,1,2,0,2,3
1577,3,2,0,4,0
1578,1,4,2,0,1
1579,2,3,0,3,1
1580,3,3,1,1,0
1581,0,1,0,2,1
1582,0,1,4,3,0
1583,1,0,3,3,3
1584,4,1,0,4,1
1585,1,3,2,3,2
1586,2,1,2,0,2
1587,2,0,3,4,3
1588,2,0,4,0,3
1589,1,0,3,1,0
1590,4,1,1,1,1
1591,1,3,3,2,2
1592,2,0,1,2,1
1593,0,2,0,0,4
1594,1,3,3,0,4
1595,2,4,3,1,2
1596,3,0,4,2,1
1597,4,3,0,4,4
1598,0,2,4,4,4
1599,3,0,2,1,2
1600,3,3,1,3,0
1601,2,2,2,1,4
1602,2,0,2,1,4
1603,2,3,2,0,4
1604,2,4,4,4,4
1605,1,1,0,3,2
1606,2,4,2,3,4
1607,2,4,3,4,2
1608,1,0,2,1,3
1609,0,0,2,2,2
1610,1,4,3,1,1
1611,0,3,0,1,3
1612,4,0,1,1,4
1613,2,1,2,2,3
1614,1,3,1,2,1
1615,1,0,1,3,4
1616,3,0,3,0,0
1617,0,2,0,1,2
1618,1,3,4,0,1
1619,3,4,3,4,4
1620,3,2,2,4,3
1621,1,0,3,2,0
1622,1,4,0,0,4
1623,2,0,4,2,3
1624,3,2,1,2,1
1625,0,2,2,1,0
1626,0,4,3,3,0
1627,2,3,4,4,0
1628,1,1,4,0,1
1629,0,0,0,0,1
1630,0,0,4,3,4
1631,4,2,0,3,4
1632,1,4,1,1,2
1633,4,0,0,1,1
1634,0,4,2,3,1
1635,4,2,1,2,4
1636,1,0,0,0,2
1637,3,4,0,4,4
1638,1,2,1,2,4
1639,0,4,4,1,3
1640,1,3,2,0,4
1641,2,1,4,3,2
1642,0,2,1,4,1
1643,2,4,1,1,3
1644,2,4,3,4,2
1645,2,3,3,4,0
1646,3,3,0,0,4
1647,0,2,3,4,2
1648,2,1,4,1,2
1649,0,4,1,4,2
1650,4,3,4,1,4
1651,2,2,1,3,0
1652,1,4,1,1,3
1653,4,3,0,4,0
1654,0,4,1,4,1
1655,2,4,1,4,3
1656,2,4,4,0,3
1657,3,0,3,3,3
1658,0,3,4,1,4
1659,1,1,4,0,3
1660,3,4,0,1,2
1661,4,4,1,1,4
1662,0,1,0,1,0
1663,2,3,3,0,3
1664,4,0,2,1,2
1665,4,1,3,3,0
1666,4,2,2,3,2
1667,2,3,1,4,4
1668,2,4,3,3,0
1669,4,0,3,3,1
1670,1,2,3,1,3
1671,0,2,2,4,3
1672,4,2,2,3,1
1673,3,4,1,2,3
1674,2,4,1,1,1
1675,0,2,2,3,0
1676,1,4,4,0,2
1677,0,2,2,4,4
1678,1,2,4,0,0
1679,3,0,0,2,0
1680,3,2,3,0,0
1681,1,4,4,1,2
1682,2,2,1,2,3
1683,0,4,1,0,1
1684,3,2,1,3,3
1685,0,1,4,2,3
1686,2,2,2,1,4
1687,4,1,3,4,3
1688,3,1,1,2,0
1689,0,2,2,2,0
1690,1,0,3,3,4
1691,2,2,2,1,0
1692,0,1,1,1,4
1693,4,3,1,2,3
1694,4,2,4,4,1
1695,0,4,3,3,0
1696,3,2,3,0,0
1697,3,4,3,1,4
1698,0,4,2,1,4
1699,3,4,1,3,3
1700,0,1,1,2,0
1701,2,2,3,2,3
1702,2,3,2,4,1
1703,1,3,4,0,0
1704,0,2,3,0,0
1705,1,0,3,0,0
1706,1,0,4,0,2
1707,3,3,2,1,2
1708,0,2,2,2,4
1709,3,0,3,4,0
1710,1,0,3,3,1
1711,4,4,1,0,0
1712,4,1,0,3,2
1713,4,2,4,2,0
1714,4,0,2,0,3
1715,2,0,3,2,4
1716,2,3,0,4,4
1717,0,1,3,1,4
1718,3,4,1,0,3
1719,4,1,0,4,1
1720,1,2,2,0,4
1721,2,4,2,4,1
1722,0,1,3,3,0
1723,4,0,0,2,2
1724,2,3,3,1,4
1725,0,3,3,1,3
1726,2,2,1,0,2
1727,2,3,1,1,4
1728,0,2,4,0,2
1729,3,3,2,4,1
1730,0,4,4,0,0
1731,0,4,0,3,3
1732,1,1,4,0,0
1733,3,3,2,1,2
1734,4,2,1,0,1
1735,4,3,2,0,0
1736,1,0,3,2,4
1737,3,2,2,3,1
1738,0,0,2,0,4
1739,2,3,2,2,3
1740,2,3,3,3,1
1741,4,3,1,2,2
1742,4,1,2,3,4
1743,1,2,4,0,0
1744,2,4,2,1,4
1745,1,4,4,1,1
1746,2,3,4,1,4
1747,1,3,3,4,0
1748,3,3,2,1,3
1749,1,0,1,3,1
1750,1,0,0,4,2
1751,1,3,4,4,1
1752,4,3,2,4,4
1753,3,2,3,1,2
1754,1,3,1,2,0
1755,1,1,2,2,0
1756,2,1,0,2,0
1757,2,4,1,2,1
1758,0,3,4,2,4
1759,3,2,4,1,1
1760,4,2,4,0,2
1761,1,4,3,2,0
1762,3,1,0,0,2
1763,2,0,2,4,1
1764,1,2,2,1,0
1765,3,0,3,4,1
1766,1,0,4,4,4
1767,1,2,1,0,2
1768,2,2,0,1,3
1769,3,3,2,3,1
1770,2,0,3,0,0
1771,3,0,4,2,2
1772,0,1,0,0,1
1773,4,0,1,3,3
1774,3,1,3,4,3
1775,1,4,4,4,4
1776,1,3,2,4,1
1777,4,4,0,0,4
1778,4,1,0,2,3
1779,0,2,1,4,4
1780,1,0,4,0,3
1781,1,1,0,3,2
1782,1,3,2,4,0
1783,0,2,3,2,3
1784,2,1,0,3,4
1785,1,4,1,4,3
1786,0,2,3,2,4
1787,1,1,2,2,4
1788,1,0,3,2,1
1789,1,4,0,2,4
1790,2,2,1,4,3
1791,4,3,0,4,4
1792,4,0,2,0,4
1793,3,4,2,1,4
1794,2,2,1,4,3
1795,2,3,4,2,3
1796,4,3,0,0,4
1797,2,3,2,4,1
1798,0,1,1,2,4
1799,4,1,1,3,2
1800,0,0,2,4,0
1801,2,3,4,4,3
1802,4,2,2,4,3
1803,4,1,4,2,3
1804,1,1,3,4,2
1805,4,2,2,4,1
1806,3,1,3,0,2
1807,1,0,3,4,2
1808,4,1,0,0,1
1809,0,3,0,3,3
1810,1,4,4,1,4
1811,2,3,3,0,0
1812,1,2,4,4,0
1813,0,2,0,0,3
1814,4,3,0,4,2
1815,1,3,4,1,4
1816,3,3,2,4,3
1817,1,0,0,4,3
1818,3,2,2,4,1
1819,3,4,3,3,3
1820,2,4,2,0,0
1821,4,2,4,3,3
1822,0,4,0,3,2
1823,0,3,3,1,3
1824,2,2,1,4,1
1825,3,0,2,2,1
1826,4,4,4,1,4
1827,1,2,2,2,2
1828,0,0,4,0,3
1829,0,1,2,2,3
1830,2,3,1,0,2
1831,0,2,2,0,2
1832,4,3,2,3,2
1833,2,0,2,3,2
1834,0,2,0,0,0
1835,0,4,2,0,0
1836,4,3,2,2,4
1837,4,1,0,3,2
1838,2,1,4,0,0
1839,4,0,2,4,4
1840,2,4,0,0,1
1841,1,3,0,1,2
1842,2,2,3,1,4
1843,3,2,2,2,3
1844,4,4,1,3,2
1845,4,1,4,2,1
1846,2,4,1,2,1
1847,2,1,4,3,2
1848,4,4,2,0,1
1849,0,3,3,1,2
1850,2,1,2,2,4
1851,3,3,4,0,1
1852,4,4,2,2,0
1853,1,1,2,2,2
1854,1,3,1,1,3
1855,0,3,4,1,1
1856,3,3,4,3,3
1857,3,4,1,0,2
1858,4,2,0,3,0
1859,2,4,0,1,2
1860,2,4,1,0,4
1861,1,2,3,1,4
1862,4,3,2,1,1
1863,0,4,2,0,0
1864,2,1,2,0,0
1865,0,3,4,4,1
1866,1,1,0,2,3
1867,1,0,1,4,1
1868,4,4,4,3,4
1869,3,2,3,2,0
1870,4,0,1,2,3
1871,4,3,3,0,3
1872,0,4,1,3,0
1873,4,4,1,0,4
1874,1,3,4,1,1
1875,0,4,0,1,0
1876,1,2,1,2,2
1877,1,3,2,3,0
1878,3,2,2,2,4
1879,4,3,2,0,3
1880,4,3,1,3,4
1881,4,4,3,0,1
1882,2,4,4,1,4
1883,2,2,0,2,2
1884,1,2,0,2,0
1885,0,4,1,1,2
1886,1,3,3,3,3
1887,2,2,3,4,2
1888,2,4,0,1,1
1889,0,2,2,1,1
1890,4,2,0,2,4
1891,0,1,4,3,1
1892,4,1,3,1,1
1893,0,2,0,0,4
1894,3,1,2,4,4
1895,1,0,4,1,0
1896,3,4,4,0,1
1897,3,2,1,2,0
1898,3,3,0,4,4
1899,4,4,3,4,3
1900,2,4,1,3,2
1901,3,2,0,0,1
1902,3,1,4,4,4
1903,4,3,4,4,0
1904,1,1,3,1,3
1905,1,1,2,1,1
1906,2,1,1,3,1
1907,3,2,1,3,1
1908,2,2,3,3,4
1909,1,1,3,3,2
1910,2,3,4,3,0
1911,4,3,4,4,3
1912,2,1,3,0,1
1913,2,1,1,2,4
1914,4,4,3,0,4
1915,3,0,0,4,1
1916,0,3,0,3,1
1917,0,3,2,3,2
1918,4,1,2,2,0
1919,1,2,3,0,2
1920,1,2,0,0,0
1921,1,1,3,2,2
1922,4,3,2,2,3
1923,0,3,1,0,4
1924,0,4,2,3,4
1925,2,4,1,0,2
1926,0,2,0,2,3
1927,3,0,1,4,1
1928,1,2,4,0,1
1929,2,2,4,2,3
1930,3,0,1,0,0
1931,4,3,0,3,3
1932,1,0,3,2,3
1933,0,3,2,4,3
1934,0,3,1,1,3
1935,1,4,1,1,0
1936,3,0,0,1,2
1937,1,2,1,2,2
1938,4,4,4,4,3
1939,2,1,0,2,1
1940,0,3,4,0,4
1941,2,1,1,2,3
1942,0,1,3,4,2
1943,1,0,1,1,2
1944,2,0,4,0,4
1945,2,1,0,3,0
1946,1,0,1,0,2
1947,4,1,0,1,4
1948,2,4,4,0,4
1949,4,1,0,1,1
1950,2,0,1,2,3
1951,3,0,2,1,2
1952,3,4,3,2,1
1953,1,4,4,0,2
1954,1,0,3,4,4
1955,1,3,1,4,2
1956,1,2,4,4,2
1957,4,0,0,0,1
1958,3,1,3,3,0
1959,4,1,0,4,3
1960,1,1,4,1,3
1961,0,2,3,1,1
1962,2,4,1,4,1
1963,4,2,4,4,0
1964,1,1,4,2,2
1965,4,1,1,2,2
1966,2,4,0,3,2
1967,1,0,3,1,3
1968,4,0,3,3,3
1969,4,4,0,3,2
1970,1,2,0,0,3
1971,3,3,4,0,0
1972,4,1,3,1,4
1973,4,1,2,4,0
1974,1,3,4,0,1
1975,2,3,3,2,1
1976,0,3,4,4,0
1977,3,1,1,0,1
1978,1,4,1,2,2
1979,1,1,2,2,1
1980,1,3,2,0,1
1981,1,0,0,1,4
1982,3,2,4,3,4
1983,1,0,1,1,3
1984,4,1,2,0,1
1985,0,3,2,4,4
1986,2,4,1,0,3
1987,3,0,3,3,2
1988,4,1,3,1,2
1989,1,3,2,2,3
1990,1,0,0,2,0
1991,0,1,2,3,4
1992,1,2,4,1,2
1993,4,3,3,2,3
1994,0,2,2,2,1
1995,3,0,2,2,3
1996,4,4,0,2,4
1997,4,2,3,0,0
1998,2,0,0,2,0
1999,0,3,1,0,1
