condition_id,cycle,start_sample,end_sample,full_window,edge_energy_frac,rms,vpp,vmax
0,0,7,207,True,1.0,0.024099152315654196,0.229543,0.123754371
0,1,207,407,True,1.0,0.03054793627568679,0.326461,0.210470371
0,2,407,607,True,1.0,0.027696223011203912,0.260149,0.15679862900000002
0,3,607,807,True,1.0,0.03155972728961233,0.387673,0.228211629
0,4,807,1000,False,0.9997162245372672,0.0289523628608489,0.32646099999999995,0.26391862899999996
1,0,35,135,True,1.0,0.0407068800026797,0.280552,0.181613978
1,1,135,235,True,1.0,0.04689751163875759,0.438682,0.247926978
1,2,235,335,True,1.0,0.048665406526217425,0.494793,0.375450978
1,3,335,435,True,1.0,0.0448879234734431,0.423379,0.231563022
1,4,435,535,True,1.0,0.0425507301319576,0.306057,0.175452022
1,5,535,635,True,1.0,0.04928127604924779,0.382572,0.251967022
1,6,635,735,True,1.0,0.05346281421412985,0.520297,0.339743978
1,7,735,835,True,1.0,0.05641975853802924,0.612115,0.348885022
1,8,835,935,True,1.0,0.0406323998261004,0.26014899999999996,0.134645022
2,0,22,87,True,1.0,0.08823786913401548,0.703932,0.37274238400000004
2,1,87,152,True,1.0,0.08119304670412425,0.607013,0.311530384
2,2,152,217,True,1.0,0.08608815337803673,0.566206,0.320987616
2,3,217,282,True,1.0,0.09721156522412758,0.703932,0.371997616
2,4,282,347,True,1.0,0.12404625838062884,1.076302,0.7290646159999999
2,5,347,412,True,1.0,0.07841888501843816,0.459086,0.270723384
2,6,412,477,True,1.0,0.0817017173903022,0.545802,0.423751384
2,7,477,542,True,1.0,0.08483474910399182,0.561106,0.397502616
2,8,542,607,True,1.0,0.11441441972836013,0.8722639999999999,0.48931961599999996
2,9,607,672,True,1.0,0.09928759423778866,0.709033,0.541073384
2,10,672,737,True,1.0,0.1426728686550622,1.0354940000000001,0.806323384
2,11,737,802,True,1.0,0.07708854907732342,0.49989399999999995,0.25977661599999996
2,12,802,867,True,1.0,0.08003457658296373,0.47948900000000005,0.29622738400000004
2,13,867,932,True,1.0,0.12026424682782651,0.882466,0.484963384
2,14,932,997,True,1.0,0.12346142778963705,1.081402,0.550530616
3,0,24,74,True,1.0,0.11139814697614722,0.64272,0.41051426999999996
3,1,74,124,True,1.0,0.11413609493812246,0.6733260000000001,0.35972973
3,2,124,174,True,1.0,0.14449377627164467,1.1732200000000002,0.69616827
3,3,174,224,True,1.0,0.10284812933211619,0.510096,0.27301373
3,4,224,274,True,1.0,0.11023773536487268,0.612115,0.34930327
3,5,274,324,True,1.0,0.13955469598564033,0.938576,0.55866673
3,6,324,374,True,1.0,0.12584488957215587,0.7600420000000001,0.44644573000000004
3,7,374,424,True,1.0,0.12453357922659293,0.724335,0.42581726999999997
3,8,424,474,True,1.0,0.0880585896889003,0.540702,0.28299126999999996
3,9,474,524,True,1.0,0.14596598762477545,0.913071,0.67576427
3,10,524,574,True,1.0,0.10822296994070392,0.739639,0.47195073000000004
3,11,574,624,True,1.0,0.13239666616040943,1.050797,0.54336373
3,12,624,674,True,1.0,0.1011756312634248,0.530499,0.34442673
3,13,674,724,True,1.0,0.1332372471712445,0.744739,0.44112027
3,14,724,774,True,1.0,0.08992392649154561,0.540701,0.30361873
3,15,774,824,True,1.0,0.19025880182255248,1.606801,0.90553173
3,16,824,874,True,1.0,0.13871537864809258,0.928374,0.49723127
3,17,874,924,True,1.0,0.09892565973546044,0.515197,0.28321573
3,18,924,974,True,1.0,0.11980945459556563,0.775346,0.49213027
4,0,2,42,True,1.0,0.057046719712235266,0.37746999999999997,0.301486541
4,1,42,82,True,1.0,0.06404966544163038,0.341764,0.18820445900000002
4,2,82,122,True,1.0,0.0631805405305845,0.341765,0.178003459
4,3,122,162,True,1.0,0.07186901011100877,0.47438900000000006,0.342294541
4,4,162,202,True,1.0,0.07545062285517716,0.510095,0.439212541
4,5,202,242,True,1.0,0.05235708346763006,0.33666300000000005,0.218810459
4,6,242,282,True,1.0,0.09893323854210792,0.698831,0.571837541
4,7,282,322,True,1.0,0.050387799148211766,0.31625899999999996,0.25047754099999997
4,8,322,362,True,1.0,0.06660499225355881,0.38767199999999996,0.28108254099999996
4,9,362,402,True,1.0,0.039375710235050126,0.204038,0.107650541
4,10,402,442,True,1.0,0.04754775645197869,0.32136,0.24537654099999998
4,11,442,482,True,1.0,0.051062640908619596,0.29585500000000003,0.23411345900000002
4,12,482,522,True,1.0,0.03826886865927618,0.23464399999999996,0.16376154099999998
4,13,522,562,True,1.0,0.08605677704690713,0.6376200000000001,0.464717541
4,14,562,602,True,1.0,0.08607656229729281,0.617216,0.439212541
4,15,602,642,True,1.0,0.035096827935557524,0.168331,0.092347541
4,16,642,682,True,1.0,0.061019658526000296,0.464187,0.269820459
4,17,682,722,True,1.0,0.035500673211636156,0.18363400000000002,0.107650541
4,18,722,762,True,1.0,0.08991141612466728,0.5815089999999999,0.485121541
4,19,762,802,True,1.0,0.08019864822141319,0.494792,0.398404541
4,20,802,842,True,1.0,0.07507816192582221,0.47948999999999997,0.301486541
4,21,842,882,True,1.0,0.043630966960973155,0.22444200000000003,0.13209445900000003
4,22,882,922,True,1.0,0.0896594210391007,0.58661,0.495323541
4,23,922,962,True,1.0,0.10791106201530282,0.765143,0.633048541
4,24,962,1000,False,0.9911988326969501,0.029216531424390846,0.127523,0.070882459
5,0,52,226,True,1.0,0.04866948310698506,0.7304568,0.5559103688
5,1,226,400,True,1.0,0.033754323378330744,0.46112640000000005,0.3051312312
5,2,400,574,True,1.0,0.050704245317689155,0.7549416,0.5681527688
5,3,574,748,True,1.0,0.03289981637774577,0.4652072,0.2806464312
5,4,748,922,True,1.0,0.05834574243070495,0.787588,0.5722335688
6,0,56,145,True,1.0,0.058633792872271245,0.4698984433000001,0.29303096641380005
6,1,145,234,True,1.0,0.043958181043521886,0.3338741571,0.2139637973862
6,2,234,323,True,1.0,0.10063178541613499,0.8965164319,0.6900451627862
6,3,323,412,True,1.0,0.057410473629010965,0.5750069069,0.3190734730862
6,4,412,501,True,1.0,0.029202462762059775,0.17930231670000002,0.0951786713138
6,5,501,590,True,1.0,0.07569723437964751,0.7790409119999999,0.39945024828619996
6,6,590,679,True,1.0,0.056186300731533495,0.4451667549,0.27448220011380003
6,7,679,768,True,1.0,0.07470257870694208,0.5440935084999999,0.33143931728619996
6,8,768,857,True,1.0,0.051947086170857956,0.48226307539999996,0.3623527156862
6,9,857,946,True,1.0,0.07683733881309286,0.6368361279,0.3252563951862
7,0,35,100,True,1.0,0.0731180219498493,0.4284804,0.23549243760000002
7,1,100,165,True,1.0,0.10636495742803498,0.8508396,0.5480139624
7,2,165,230,True,1.0,0.09409057431645902,0.8508396,0.5174079624
7,3,230,295,True,1.0,0.050789385022833825,0.3427848,0.19910916239999998
7,4,295,360,True,1.0,0.09331106494435114,0.734538,0.4072275624
7,5,360,425,True,1.0,0.06283998364954504,0.5325396,0.3582579624
7,6,425,490,True,1.0,0.1287545520506076,0.9671412,0.6333668376
7,7,490,555,True,1.0,0.09890126646405188,0.7896276,0.5721560376
7,8,555,620,True,1.0,0.1030318962607767,0.6059928,0.3705003624
7,9,620,685,True,1.0,0.09156656779246478,0.6304788,0.4191272376
7,10,685,750,True,1.0,0.09346489047286187,0.7529016,0.5660348376
7,11,750,815,True,1.0,0.08244854094246479,0.6855684,0.4619756376
7,12,815,880,True,1.0,0.0900069720395083,0.832476,0.4252484376
7,13,880,945,True,1.0,0.05112917708901708,0.3917532,0.2603199624
7,14,945,1000,False,0.9943611061706538,0.044788876534211625,0.2693304,0.18652403760000003
8,0,0,44,False,0.9907504888667948,0.21564989451061362,1.7038969467,1.3003127999394
8,1,44,94,True,1.0,0.10916811323256521,0.9769009458,0.5505979652394
8,2,94,144,True,1.0,0.17309710185875174,1.3290406428000001,1.0390484381394
8,3,144,194,True,1.0,0.10454043521155053,0.7156388109,0.3808675398606
8,4,194,244,True,1.0,0.16097698658418047,1.0336980303,0.7437058256394
8,5,244,294,True,1.0,0.20989212215894434,1.6584615059999999,1.4032061532606
8,6,294,344,True,1.0,0.13132455789570346,1.0791356979,0.7330050099606
8,7,344,394,True,1.0,0.10080004864634613,0.7724336685,0.5392385483394
8,8,394,444,True,1.0,0.13336343002398138,0.9541843389,0.5619573821393999
8,9,444,494,True,1.0,0.08694518708132419,0.46573163910000004,0.3120524372394
8,10,494,544,True,1.0,0.20569643167515253,1.8174911157000002,1.1192229576606
8,11,544,594,True,1.0,0.10232966009164296,0.7497148347,0.4490218143606
8,12,594,644,True,1.0,0.14098796313568668,1.0336980303,0.7664246594394
8,13,644,694,True,1.0,0.18650535897206913,1.4426348118,1.0504078550394
8,14,694,744,True,1.0,0.09291312726841973,0.5679663911999999,0.3006930203394
8,15,744,794,True,1.0,0.11394094063285011,0.7383554178,0.4370037962394
8,16,794,844,True,1.0,0.15749099425614826,1.0109791965000001,0.6869087411394
8,17,844,894,True,1.0,0.13184674265333976,0.9996197796,0.6194130678606
8,18,894,944,True,1.0,0.14499337368714033,0.829230753,0.5392385483394
8,19,944,994,True,1.0,0.09755323143315213,0.5679641643,0.3915661286394
9,0,11,59,True,1.0,0.05629478562648434,0.2868772,0.1484009136
9,1,59,107,True,1.0,0.05460076005781076,0.29463072,0.16173684640000002
9,2,107,155,True,1.0,0.05193737449062765,0.31013776,0.1694903664
9,3,155,203,True,1.0,0.07918400590918391,0.63578408,0.42535500639999996
9,4,203,251,True,1.0,0.06529790668725033,0.34890536,0.2414431536
9,5,251,299,True,1.0,0.06219771763420802,0.42644056,0.22376500640000002
9,6,299,347,True,1.0,0.06540217804060998,0.42644055999999997,0.25477908639999997
9,7,347,395,True,1.0,0.05737896887438977,0.42644055999999997,0.25477908639999997
9,8,395,443,True,1.0,0.06607427071028431,0.34890536000000005,0.2647021936
9,9,443,491,True,1.0,0.061068674005771824,0.44194608,0.33448387360000004
9,10,491,539,True,1.0,0.06531788183983693,0.37216592,0.25477908639999997
9,11,539,587,True,1.0,0.07314589777170716,0.58926296,0.3865874064
9,12,587,635,True,1.0,0.066656346780646,0.39542647999999997,0.2702861264
9,13,635,683,True,1.0,0.04963410516782474,0.3256448,0.19275092640000002
9,14,683,731,True,1.0,0.05877454509199109,0.32564479999999996,0.1694903664
9,15,731,779,True,1.0,0.04510660357735198,0.25586312,0.1484009136
9,16,779,827,True,1.0,0.07029740469712217,0.43419408000000004,0.2336896336
9,17,827,875,True,1.0,0.0610219597502575,0.41868704,0.3422373936
9,18,875,923,True,1.0,0.08202550095178449,0.6435375999999999,0.4176014864
9,19,923,971,True,1.0,0.08180394651677753,0.6202755200000001,0.45078515360000004
10,0,54,254,True,1.0,0.049098514857586976,0.42338,0.26469397299999997
10,1,254,454,True,1.0,0.060194327661025664,0.581509,0.366712973
10,2,454,654,True,1.0,0.060286883244828046,0.44888399999999995,0.254491973
10,3,654,854,True,1.0,0.07145859231613956,0.5815089999999999,0.387116973
11,0,59,159,True,1.0,0.1080297723577022,0.872264,0.518431026
11,1,159,259,True,1.0,0.10705672235900834,0.8161529999999999,0.430346974
11,2,259,359,True,1.0,0.09655668683453858,0.59171,0.406209026
11,3,359,459,True,1.0,0.09283748593970603,0.8008500000000001,0.445649974
11,4,459,559,True,1.0,0.09953336992132315,0.831455,0.425245974
11,5,559,659,True,1.0,0.11840109684540205,1.050796,0.6510550260000001
11,6,659,759,True,1.0,0.11478331650382244,0.984485,0.605147026
11,7,759,859,True,1.0,0.09573096472147158,0.714134,0.44191602599999996
11,8,859,959,True,1.0,0.09191182260848837,0.7192350000000001,0.396008026
12,0,31,83,True,1.0,0.14335819065835317,1.152815,0.864948174
12,1,83,135,True,1.0,0.09633088494900335,0.74984,0.46707417399999995
12,2,135,187,True,1.0,0.1221699614543827,0.887567,0.609901174
12,3,187,239,True,1.0,0.13599360493105733,1.081403,0.824141174
12,4,239,291,True,1.0,0.109822801025021,0.64272,0.41606417399999995
12,5,291,343,True,1.0,0.15596935208386478,1.254835,0.9720691739999999
12,6,343,395,True,1.0,0.13973984854764518,1.147715,0.859848174
12,7,395,447,True,1.0,0.10303768971650192,0.785548,0.507882174
12,8,447,499,True,1.0,0.12154974491238703,1.009989,0.711920174
12,9,499,551,True,1.0,0.09313301304311222,0.652923,0.395661174
12,10,551,603,True,1.0,0.1091637210959327,0.826355,0.579295174
12,11,603,655,True,1.0,0.10015694084562855,0.780446,0.523184174
12,12,655,707,True,1.0,0.09538270950598138,0.6886289999999999,0.421165174
12,13,707,759,True,1.0,0.1290310602816456,1.066099,0.783333174
12,14,759,811,True,1.0,0.09911161598465781,0.63762,0.395661174
12,15,811,863,True,1.0,0.12170586367761876,0.969182,0.696617174
12,16,863,915,True,1.0,0.0995196599231651,0.790648,0.497680174
12,17,915,967,True,1.0,0.10942351177194105,0.7702439999999999,0.533386174
13,0,39,89,True,1.0,0.16039899047898482,1.0212086500000002,0.7510431548200001
13,1,89,139,True,1.0,0.17915560211373147,0.9622959500000001,0.6332139048200001
13,2,139,189,True,1.0,0.1853728099607561,0.9532803700000001,0.5939362048200001
13,3,189,239,True,1.0,0.1852111813378765,1.0408475,0.69212660482
13,4,239,289,True,1.0,0.2036424517223266,1.1586805999999998,0.74149404518
13,5,289,339,True,1.0,0.12467980558194587,0.7462686000000001,0.40763744518
13,6,339,389,True,1.0,0.2389892298976535,1.7282034,0.9182436951799999
13,7,389,439,True,1.0,0.20119863868872492,1.63000915,0.90815395482
13,8,439,489,True,1.0,0.21978409282695324,1.8853103499999997,1.1634551548199998
13,9,489,539,True,1.0,0.16664390995755657,1.0212086500000002,0.7117654548200001
13,10,539,589,True,1.0,0.1373173102491913,0.98193095,0.65284890482
13,11,589,639,True,1.0,0.25561622724794836,1.9245918999999998,1.0063482048199999
13,12,639,689,True,1.0,0.15965316471585694,0.8248278500000001,0.5939362048200001
13,13,689,739,True,1.0,0.1798136927828978,1.4925410499999998,1.0259870548199999
13,14,739,789,True,1.0,0.2752137212604986,1.68892955,1.4580379048199998
13,15,789,839,True,1.0,0.1457786873254497,1.0015736499999999,0.5058316951799999
13,16,839,889,True,1.0,0.19527790747344306,0.8444628500000001,0.5939362048200001
13,17,889,939,True,1.0,0.3210829464219752,2.7101382,1.66451229518
13,18,939,989,True,1.0,0.17954337308519439,1.5121760499999999,0.82004944518
14,0,16,81,True,1.0,0.03068209280728367,0.20913900000000002,0.10771172600000001
14,1,81,146,True,1.0,0.08144112522486185,0.576408,0.489100274
14,2,146,211,True,1.0,0.06418767354060961,0.459086,0.315667274
14,3,211,276,True,1.0,0.03890802038346414,0.224442,0.123014726
14,4,276,341,True,1.0,0.08275782801817658,0.6682250000000001,0.5605132740000001
14,5,341,406,True,1.0,0.03027115402963329,0.193836,0.123014726
14,6,406,471,True,1.0,0.02653702962577733,0.204038,0.116730274
14,7,471,536,True,1.0,0.03851470322571367,0.331562,0.259557274
14,8,536,601,True,1.0,0.028947280886115912,0.198937,0.11791372600000001
14,9,601,666,True,1.0,0.05242011433630532,0.41317800000000005,0.274860274
14,10,666,731,True,1.0,0.08049924307528172,0.5253990000000001,0.397283274
14,11,731,796,True,1.0,0.08480410434869186,0.7549410000000001,0.642128274
14,12,796,861,True,1.0,0.03766948702486688,0.26525,0.142235274
14,13,861,926,True,1.0,0.03129733368156462,0.198937,0.133216726
14,14,926,991,True,1.0,0.046822886132273124,0.418279,0.285062274
15,0,77,257,True,1.0,0.053447405735818715,0.4437829999999999,0.30665384599999995
15,1,257,437,True,1.0,0.06321554814883286,0.6631239999999999,0.44437984599999997
15,2,437,617,True,1.0,0.05880387900220098,0.6121139999999999,0.40357184599999996
15,3,617,797,True,1.0,0.03930969419905878,0.428481,0.26584684599999997
15,4,797,977,True,1.0,0.038993673406665236,0.433581,0.291350846
16,0,25,128,True,1.0,0.0687316108304575,0.5407010000000001,0.30356773600000003
16,1,128,231,True,1.0,0.07257264300989391,0.6733260000000001,0.49230373600000005
16,2,231,334,True,1.0,0.10243619502589565,0.816153,0.502505736
16,3,334,437,True,1.0,0.08768796251397597,0.69373,0.420889736
16,4,437,540,True,1.0,0.06070087978094202,0.367269,0.211628264
16,5,540,643,True,1.0,0.06771545815392516,0.601913,0.364779736
16,6,643,746,True,1.0,0.06651427051357735,0.464187,0.242356736
16,7,746,849,True,1.0,0.07176331813258464,0.464186,0.283163736
16,8,849,952,True,1.0,0.062191263634802145,0.515197,0.272840264
17,0,4,69,True,1.0,0.09402959240094812,0.683528,0.485442853
17,1,69,134,True,1.0,0.11138772055773434,0.790648,0.454836853
17,2,134,199,True,1.0,0.10416460783888773,0.688629,0.346013147
17,3,199,264,True,1.0,0.15486698041882316,1.2446329999999999,0.8221058529999999
17,4,264,329,True,1.0,0.08673791288877711,0.540702,0.381720147
17,5,329,394,True,1.0,0.1399929495344481,1.239532,0.827206853
17,6,394,459,True,1.0,0.11344956759312262,0.7192350000000001,0.43953385300000003
17,7,459,524,True,1.0,0.11916842482652748,0.8926669999999999,0.5976638529999999
17,8,524,589,True,1.0,0.14064604962745705,1.086503,0.6792788529999999
17,9,589,654,True,1.0,0.06893128697780047,0.40297499999999997,0.204889853
17,10,654,719,True,1.0,0.12336620756965265,0.780446,0.419129853
17,11,719,784,True,1.0,0.10830721972374399,0.964081,0.561956853
17,12,784,849,True,1.0,0.1288472156920029,1.127311,0.7404898529999999
17,13,849,914,True,1.0,0.08767751644232005,0.6427210000000001,0.368120853
17,14,914,979,True,1.0,0.08196699360086225,0.520297,0.325609147
18,0,30,80,True,1.0,0.08937116334767957,0.540701,0.310469325
18,1,80,130,True,1.0,0.2591426227471055,2.310733,1.479965675
18,2,130,180,True,1.0,0.16140659810648889,1.224229,0.918860675
18,3,180,230,True,1.0,0.10977441668558127,0.550903,0.32577232500000003
18,4,230,280,True,1.0,0.18391378273551612,1.310946,1.020879675
18,5,280,330,True,1.0,0.1651768056368043,1.2599360000000002,0.7709326750000001
18,6,330,380,True,1.0,0.1534604791013003,1.132412,0.591022325
18,7,380,430,True,1.0,0.10222535430461772,0.729437,0.378159675
18,8,430,480,True,1.0,0.12498881079608536,0.790648,0.422690325
18,9,480,530,True,1.0,0.10676937616737595,0.7702450000000001,0.407388325
18,10,530,580,True,1.0,0.244584405806228,2.142401,1.367744675
18,11,580,630,True,1.0,0.16431406737571078,1.193624,0.699519675
18,12,630,680,True,1.0,0.11605505603878974,0.8977689999999999,0.5247103249999999
18,13,680,730,True,1.0,0.17704095504212755,1.326248,0.8831536750000001
18,14,730,780,True,1.0,0.10961528883893717,0.6070139999999999,0.322048675
18,15,780,830,True,1.0,0.1384152414977398,0.760042,0.463498325
18,16,830,880,True,1.0,0.12271337449633853,0.6376200000000001,0.40228732500000003
18,17,880,930,True,1.0,0.12587211791460262,0.918172,0.494104325
18,18,930,980,True,1.0,0.17719483650093934,1.239533,0.9545676750000001
19,0,0,36,False,0.9564023748350519,0.07920282017873831,0.566206,0.33414309999999997
19,1,36,78,True,1.0,0.07596015292081013,0.607013,0.3136779
19,2,78,120,True,1.0,0.047253251169079316,0.34176399999999996,0.2168211
19,3,120,162,True,1.0,0.05294457726969914,0.377471,0.2423261
19,4,162,204,True,1.0,0.062338743196541,0.47438899999999995,0.28823509999999997
19,5,204,246,True,1.0,0.06383216983152364,0.469288,0.3239411
19,6,246,288,True,1.0,0.05222752786424033,0.32136,0.22192209999999998
19,7,288,330,True,1.0,0.06460962784535106,0.48458999999999997,0.2983749
19,8,330,372,True,1.0,0.037916856614998835,0.23464400000000002,0.13004390000000002
19,9,372,414,True,1.0,0.040340499549171016,0.234644,0.1249429
19,10,414,456,True,1.0,0.05694610355448888,0.397875,0.2525281
19,11,456,498,True,1.0,0.047660596989951474,0.336663,0.2117201
19,12,498,540,True,1.0,0.06704619395028717,0.459086,0.2423261
19,13,540,582,True,1.0,0.05926904553700138,0.397875,0.2218609
19,14,582,624,True,1.0,0.05651971837813183,0.39277399999999996,0.22702309999999998
19,15,624,666,True,1.0,0.04214228692429968,0.219341,0.1199031
19,16,666,708,True,1.0,0.04651676934550951,0.326461,0.1913161
19,17,708,750,True,1.0,0.05207050527067442,0.351966,0.2678311
19,18,750,792,True,1.0,0.09193837097695236,0.744739,0.4105959
19,19,792,834,True,1.0,0.06125585590463984,0.464187,0.2984361
19,20,834,876,True,1.0,0.05491924227662442,0.39277399999999996,0.26273009999999997
19,21,876,918,True,1.0,0.0630126657885653,0.41317800000000005,0.2729321
19,22,918,960,True,1.0,0.055869804983597705,0.382572,0.22192209999999998
19,23,960,1000,False,0.99837484243079,0.06473139838084761,0.428481,0.26266890000000004
20,0,109,288,True,1.0,0.06064303461018485,0.7069913999999999,0.5261944122
20,1,288,467,True,1.0,0.06727616710447608,0.8906256,0.7557376122
20,2,467,646,True,1.0,0.06375612571809475,0.8630802,0.7098286121999999
20,3,646,825,True,1.0,0.07920638602225631,0.9089892,0.7557376122
20,4,825,1000,False,0.9994628672948299,0.051925572923341046,0.4682681999999999,0.28179678779999995
21,0,65,155,True,1.0,0.09497440504768877,1.0412064,0.83200681008
21,1,155,245,True,1.0,0.08813894030086693,0.95857128,0.74937169008
21,2,245,335,True,1.0,0.05061162947550657,0.50683104,0.33590734992000004
21,3,335,425,True,1.0,0.08589660846558222,0.95857128,0.74937169008
21,4,425,515,True,1.0,0.05265224052169194,0.52886736,0.27530854992000003
21,5,515,605,True,1.0,0.045561996638200805,0.41868576,0.20948617008
21,6,605,695,True,1.0,0.04421297755615697,0.41868684,0.24804973008
21,7,695,785,True,1.0,0.035837132626877245,0.31952448,0.19267342992
21,8,785,875,True,1.0,0.04303839271743533,0.39114035999999996,0.20919958991999998
21,9,875,965,True,1.0,0.03362539293501067,0.28096092,0.17614618992
22,0,11,78,True,1.0,0.14260733924684577,1.2786324223440002,0.9751456081634321
22,1,78,144,True,1.0,0.14106477634734318,1.142383610528,0.8913001855074321
22,2,144,211,True,1.0,0.06831329480459303,0.46114571534399995,0.241504323819432
22,3,211,278,True,1.0,0.07887312937808318,0.503068426672,0.334928847676568
22,4,278,344,True,1.0,0.13963523699122782,0.964214142016,0.618804616507432
22,5,344,411,True,1.0,0.08160411084096501,0.576433171496,0.304388390811432
22,6,411,478,True,1.0,0.1573226384212671,1.2681517445119999,1.1533150766754319
22,7,478,544,True,1.0,0.14636792799045287,1.2681517445119999,1.0170683194914318
22,8,544,611,True,1.0,0.08657786992081612,0.649795861688,0.397810860036568
22,9,611,678,True,1.0,0.07466867416218614,0.44018435968,0.231023645987432
22,10,678,744,True,1.0,0.08214930508511337,0.723160606512,0.440635147995432
22,11,744,811,True,1.0,0.12056734435469103,1.016617531176,0.513999892819432
22,12,811,878,True,1.0,0.10472711930099572,0.93277210852,0.5978432608434321
22,13,878,944,True,1.0,0.1329183435307947,1.2471903888479998,0.744572750491432
22,14,944,1000,False,0.9838427865234587,0.1503210246360926,0.8594073636960001,0.6712080056674321
23,0,0,46,False,0.969340276366517,0.15074434700169723,0.979188798,0.540620258328
23,1,46,96,True,1.0,0.183251518889777,1.026954562,0.516737376328
23,2,96,146,True,1.0,0.2219780133924138,1.5523732840000002,1.1138047443280001
23,3,146,196,True,1.0,0.2199711869595635,1.432958874,0.958566011328
23,4,196,246,True,1.0,0.1289711284107877,0.919481593,0.660032327328
23,5,246,296,True,1.0,0.08712319335436836,0.585125927,0.31915647067200004
23,6,296,346,True,1.0,0.20917536115553242,1.456841756,0.946624570328
23,7,346,396,True,1.0,0.2154733884015175,1.432958874,0.958566011328
23,8,396,446,True,1.0,0.08165676128159811,0.465713858,0.325676661328
23,9,446,496,True,1.0,0.1527636316287575,1.050839785,0.636151786328
23,10,496,546,True,1.0,0.15425817818190324,1.2538419410000001,0.648093227328
23,11,546,596,True,1.0,0.09583562329056265,0.6209502499999999,0.385383866328
23,12,596,646,True,1.0,0.14293612992403928,0.895601052,0.480913053328
23,13,646,696,True,1.0,0.12410905681867399,0.692598896,0.361500984328
23,14,696,746,True,1.0,0.13018496721418066,0.692596555,0.457030171328
23,15,746,796,True,1.0,0.1408992947355984,0.8717181700000001,0.600327463328
23,16,796,846,True,1.0,0.08706198490382222,0.5254187220000001,0.31915647067200004
23,17,846,896,True,1.0,0.18359619271784647,1.301605364,1.030214657328
23,18,896,946,True,1.0,0.17292676216365327,1.194132395,0.6958566503279999
23,19,946,996,True,1.0,0.12758117426636667,0.859776729,0.624210345328
24,0,0,40,False,0.9998374164271178,0.054788252814473096,0.351966,0.203629863
24,1,40,81,True,1.0,0.09658876101169954,0.678427,0.495201137
24,2,81,122,True,1.0,0.04579834433523199,0.23974499999999999,0.147519863
24,3,122,163,True,1.0,0.06616425598300803,0.49479300000000004,0.265658137
24,4,163,204,True,1.0,0.08410207275441413,0.545802,0.428888137
24,5,204,245,True,1.0,0.05116006749048913,0.362168,0.235052137
24,6,245,286,True,1.0,0.04521512582470323,0.295855,0.19424413699999998
24,7,286,327,True,1.0,0.06247575135251599,0.4845900000000001,0.29116213700000004
24,8,327,368,True,1.0,0.06968435778274594,0.45398499999999997,0.331970137
24,9,368,409,True,1.0,0.0665151012352063,0.362168,0.21974913699999998
24,10,409,450,True,1.0,0.05816672635930553,0.372369,0.193427863
24,11,450,491,True,1.0,0.03791606010662447,0.24484599999999998,0.19424413699999998
24,12,491,532,True,1.0,0.07891995525941668,0.596812,0.36767713700000004
24,13,532,573,True,1.0,0.04674226384858848,0.32136,0.178941137
24,14,573,614,True,1.0,0.05193073145396418,0.260149,0.153437137
24,15,614,655,True,1.0,0.05391107924739194,0.316259,0.173840137
24,16,655,696,True,1.0,0.06630523797488061,0.40297499999999997,0.224033863
24,17,696,737,True,1.0,0.08846326216138063,0.683528,0.500302137
24,18,737,778,True,1.0,0.0563498134855241,0.300956,0.229951137
24,19,778,819,True,1.0,0.051028427929621485,0.280553,0.224850137
24,20,819,860,True,1.0,0.09140844319226533,0.709033,0.37706286299999997
24,21,860,901,True,1.0,0.06690801364670962,0.45398499999999997,0.306465137
24,22,901,942,True,1.0,0.072931349899484,0.453985,0.39828213700000004
24,23,942,983,True,1.0,0.06186642877703063,0.40807600000000005,0.29116213700000004
25,0,1,189,True,1.0,0.06474236310261265,0.7055247861313689,0.3817197920176104
25,1,189,377,True,1.0,0.07106956548339169,0.7822114131403171,0.4695109384854026
25,2,377,565,True,1.0,0.07234082685690126,0.7362000382925671,0.42006385721910844
25,3,565,753,True,1.0,0.07334109599723283,0.605831720001523,0.37405097897731143
25,4,753,941,True,1.0,0.0641934581669396,0.544479712285078,0.2820252224937164
26,0,45,145,True,1.0,0.09622007941151868,0.835999748941179,0.45820317548813744
26,1,145,245,True,1.0,0.14628752288548927,1.411426157324233,1.1530590316269964
26,2,245,345,True,1.0,0.07795894264887575,0.683998633615608,0.41036611257298755
26,3,345,445,True,1.0,0.11755695033151824,1.07485651600297,0.8273466128289885
26,4,445,545,True,1.0,0.09497800374288748,0.7057130786621191,0.42563150791837245
26,5,545,645,True,1.0,0.10185182063496555,0.9771415132936749,0.7513460551662035
26,6,645,745,True,1.0,0.06853690041551469,0.48857075664683697,0.2844897435658754
26,7,745,845,True,1.0,0.09944036230644297,1.0097131808634399,0.6427738299336534
26,8,845,945,True,1.0,0.08468826369063656,0.5862857593561319,0.2953469660891304
27,0,10,138,True,1.0,0.17464714010264376,1.755359956239242,1.246279676219516
27,1,138,266,True,1.0,0.1251577162277397,0.992931042337267,0.5547732909136501
27,2,266,394,True,1.0,0.18891768033530204,1.7996876228612382,1.3172022048156262
27,3,394,522,True,1.0,0.12332650669349285,1.3032229706921479,0.6522941574820391
27,4,522,650,True,1.0,0.13051523991015757,1.250029770745754,0.6700252241308371
27,5,650,778,True,1.0,0.12462148593434044,1.05498977560806,0.6434286241576401
27,6,778,906,True,1.0,0.11928799216913795,1.196836570799361,0.6434286241576401
28,0,15,65,True,1.0,0.3174457455256464,2.73316493023598,1.7181258853769907
28,1,65,115,True,1.0,0.046020488185534496,0.277012160718315,0.1668722668109137
28,2,115,165,True,1.0,0.24172416678612219,1.4035174198804339,1.0150390448589892
28,3,165,215,True,1.0,0.18646544064308623,1.329647510355549,0.9609665534751747
28,4,215,265,True,1.0,0.16751095473201805,1.1819076913057809,0.6839543927568597
28,5,265,315,True,1.0,0.22506154842197978,1.717460914997067,1.5149836341835607
28,6,315,365,True,1.0,0.12566160696110404,0.886431673570366,0.47948582116770033
28,7,365,415,True,1.0,0.364478436380061,2.326880427849121,1.9938044849713392
28,8,415,465,True,1.0,0.1539499715993396,1.329647510355549,0.8870966439502906
28,9,465,515,True,1.0,0.1985513303728301,1.1819076913057809,0.7947592570441856
28,10,515,565,True,1.0,0.0708821696593646,0.609419512852051,0.4240833890240373
28,11,565,615,True,1.0,0.23948415485604885,1.348111367372651,1.0533003200171607
28,12,615,665,True,1.0,0.06605108353754068,0.424748359403962,0.3317460021179323
28,13,665,715,True,1.0,0.34261024153049235,2.419217814755223,1.6996584079957708
28,14,715,765,True,1.0,0.21599966365591386,1.754395869759511,0.9411691353341044
28,15,765,815,True,1.0,0.25496820476432736,1.939067023207601,1.2564425712105907
28,16,815,865,True,1.0,0.1994688343501038,1.034171492620134,0.5362181940712126
28,17,865,915,True,1.0,0.17029890333985476,0.997236537857692,0.5164207759301424
28,18,915,965,True,1.0,0.5206354203097869,4.30288602618329,2.9554360088264406
29,0,13,56,True,1.0,0.09858889419111985,0.5333855606936,0.3438534959187881
29,1,56,99,True,1.0,0.09575145825247731,0.5275878421389,0.3322580588093881
29,2,99,142,True,1.0,0.10305054131372322,0.4985992493654,0.2684842912923881
29,3,142,185,True,1.0,0.07770155689405613,0.38844373341079996,0.2221025428547881
29,4,185,228,True,1.0,0.08237703188441854,0.47540951173129997,0.3032706026205881
29,5,228,271,True,1.0,0.08715728565006495,0.4812060937013,0.2533058322918119
29,6,271,314,True,1.0,0.07556443698837262,0.359456277222,0.1873173681112881
29,7,314,357,True,1.0,0.07426155302005279,0.3710505777467,0.2163048243000881
29,8,357,400,True,1.0,0.08605695361110513,0.4985992493654,0.3322580588093881
29,9,400,443,True,1.0,0.08542794377300095,0.5565764349124,0.2916751655111881
29,10,443,486,True,1.0,0.06841661266669008,0.3362654030032,0.1779366276654119
29,11,486,529,True,1.0,0.0862152566773495,0.3594551406373,0.2069240838542119
29,12,529,572,True,1.0,0.11303265839653096,0.6783273879764,0.3728420886922881
29,13,572,615,True,1.0,0.08144437771689957,0.5217901235842,0.2974728840658881
29,14,615,658,True,1.0,0.08073475880426179,0.4522186375125,0.3090683211752881
29,15,658,701,True,1.0,0.07802723998271315,0.4000391705202,0.2221025428547881
29,16,701,744,True,1.0,0.08898782523255527,0.4406220638184,0.2301149580730119
29,17,744,787,True,1.0,0.10144826865937774,0.5101946864748,0.2742820098470881
29,18,787,830,True,1.0,0.07070953327072282,0.3942414519655,0.1989116686359881
29,19,830,873,True,1.0,0.07354336379951056,0.4000391705202,0.2452934170735881
29,20,873,916,True,1.0,0.07846296460454028,0.4696106565919,0.2452934170735881
29,21,916,959,True,1.0,0.08201012307736485,0.4348254818484,0.2394956985188881
29,22,959,1000,False,0.9998855758352696,0.0933430015554504,0.5333855606936,0.3496512144734881
30,0,139,339,True,1.0,0.01129608362472459,0.153028,0.080089799
30,1,339,539,True,1.0,0.00927185591151421,0.137725,0.072938201
30,2,539,739,True,1.0,0.00905897239077761,0.122423,0.067837201
30,3,739,939,True,1.0,0.01039887885187009,0.147927,0.083140201
31,0,8,106,True,1.0,0.015429117926492375,0.11732200000000001,0.068449329
31,1,106,204,True,1.0,0.014278923767050547,0.096919,0.053973671
31,2,204,302,True,1.0,0.012742262041835916,0.122423,0.078651329
31,3,302,400,True,1.0,0.015962642467450983,0.10711999999999999,0.053973671
31,4,400,498,True,1.0,0.015873439208162185,0.107121,0.059074671
31,5,498,596,True,1.0,0.015332997840092517,0.117322,0.073550329
31,6,596,694,True,1.0,0.010265886532607082,0.076515,0.038670671000000004
31,7,694,792,True,1.0,0.011945826308500107,0.10201900000000001,0.06334832900000001
31,8,792,890,True,1.0,0.015191014288063829,0.112221,0.058247329
31,9,890,988,True,1.0,0.017474362799938477,0.153029,0.093954329
32,0,15,82,True,1.0,0.03600643202015845,0.209139,0.121117116
32,1,82,148,True,1.0,0.03253108604312704,0.193836,0.098223884
32,2,148,215,True,1.0,0.02915982453011656,0.229543,0.131319116
32,3,215,282,True,1.0,0.0431012579059552,0.31115800000000005,0.174737884
32,4,282,348,True,1.0,0.03145275292938555,0.23464400000000002,0.141521116
32,5,348,415,True,1.0,0.049904827609449955,0.46928800000000004,0.322665884
32,6,415,482,True,1.0,0.06490701405004501,0.49989300000000003,0.394078884
32,7,482,548,True,1.0,0.03192776047339788,0.198937,0.105814116
32,8,548,615,True,1.0,0.025253944590903837,0.178533,0.100713116
32,9,615,682,True,1.0,0.03904675772863109,0.321361,0.167026116
32,10,682,748,True,1.0,0.030630504658019777,0.168331,0.093122884
32,11,748,815,True,1.0,0.029423668182802513,0.21423999999999999,0.108425884
32,12,815,882,True,1.0,0.02569892139003014,0.13262400000000002,0.067617884
32,13,882,948,True,1.0,0.033426736733530076,0.178533,0.095612116
33,0,0,43,False,0.9790297859355489,0.04858490819999758,0.316259,0.225079667
33,1,43,95,True,1.0,0.05393270788152303,0.32136,0.204675667
33,2,95,147,True,1.0,0.0343191361646851,0.193836,0.10265666700000001
33,3,147,199,True,1.0,0.04112555056292916,0.27035,0.168968667
33,4,199,251,True,1.0,0.07299545298953931,0.535601,0.378108667
33,5,251,303,True,1.0,0.034676301979950176,0.18873499999999999,0.096280333
33,6,303,355,True,1.0,0.05007440963950899,0.377471,0.265887667
33,7,355,407,True,1.0,0.07936817655648655,0.601912,0.526035667
33,8,407,459,True,1.0,0.04941796134462344,0.351966,0.223804333
33,9,459,511,True,1.0,0.039802523564605376,0.255048,0.148565667
33,10,511,563,True,1.0,0.07904046321713767,0.47948999999999997,0.357704667
33,11,563,615,True,1.0,0.0657851931708596,0.44888400000000006,0.316896667
33,12,615,667,True,1.0,0.04394745512944981,0.26014899999999996,0.138363667
33,13,667,719,True,1.0,0.034741145057479765,0.219341,0.11158333299999999
33,14,719,771,True,1.0,0.06144528012811077,0.459086,0.301593667
33,15,771,823,True,1.0,0.041040450980855986,0.285654,0.153666667
33,16,823,875,True,1.0,0.03312275920728195,0.168331,0.087353667
33,17,875,927,True,1.0,0.035768416960713624,0.16323000000000001,0.101381333
33,18,927,979,True,1.0,0.03586272691534781,0.198937,0.107757667
34,0,15,53,True,1.0,0.020817505118351693,0.10711999999999999,0.057548521
34,1,53,91,True,1.0,0.03441058991303816,0.173432,0.108558521
34,2,91,129,True,1.0,0.04858331522658424,0.300956,0.236082521
34,3,129,167,True,1.0,0.03125467009904144,0.198938,0.154467521
34,4,167,205,True,1.0,0.03886691655075139,0.249946,0.185072521
34,5,205,243,True,1.0,0.03373896849545078,0.193836,0.11876052100000001
34,6,243,281,True,1.0,0.0229579621404672,0.122423,0.06775052100000001
34,7,281,319,True,1.0,0.038220280362277204,0.198937,0.123861521
34,8,319,357,True,1.0,0.0327611090901676,0.19893699999999997,0.128962521
34,9,357,395,True,1.0,0.022464020673756677,0.142827,0.088154521
34,10,395,433,True,1.0,0.03894761071868573,0.24484499999999998,0.174870521
34,11,433,471,True,1.0,0.040897940874787965,0.26014899999999996,0.22077952099999998
34,12,471,509,True,1.0,0.03753408667746551,0.24484599999999998,0.19527452099999998
34,13,509,547,True,1.0,0.037184912766938985,0.20913899999999996,0.14426552099999998
34,14,547,585,True,1.0,0.03683265665720497,0.23974499999999999,0.19017352099999998
34,15,585,623,True,1.0,0.034706849703767625,0.19893699999999997,0.128962521
34,16,623,661,True,1.0,0.031680409663287244,0.183635,0.128962521
34,17,661,699,True,1.0,0.02507019095556186,0.16323100000000001,0.11876052100000001
34,18,699,737,True,1.0,0.03836721224551146,0.27035,0.19527452099999998
34,19,737,775,True,1.0,0.029551904311840516,0.153028,0.07795252100000001
34,20,775,813,True,1.0,0.029986304871284137,0.188736,0.13916452099999999
34,21,813,851,True,1.0,0.03832471565512493,0.24994599999999997,0.16976952099999998
34,22,851,889,True,1.0,0.0354681641579974,0.234644,0.179971521
34,23,889,927,True,1.0,0.022951447701547327,0.127524,0.083053521
34,24,927,965,True,1.0,0.02108561578842114,0.127524,0.072851521
34,25,965,1000,False,0.9960269135742944,0.025725408523317086,0.147928,0.088154521
35,0,133,333,True,1.0,0.053633813692941006,0.67791808332,0.53265899089248
35,1,333,533,True,1.0,0.059742044146842886,0.6471033504,0.47873320828248
35,2,533,733,True,1.0,0.0756836404366558,1.0399881746700002,0.8022848834824801
35,3,733,933,True,1.0,0.05500593606424284,0.5777717115600001,0.32466105391248
36,0,73,173,True,1.0,0.10974716033848536,0.96894862874838,0.7358307008352988
36,1,173,273,True,1.0,0.03582649515134051,0.27684155321144,0.1516930027013812
36,2,273,373,True,1.0,0.12014818765191236,0.80610037457915,0.6218374017930888
36,3,373,473,True,1.0,0.0825231853884877,0.78167289701564,0.5404124765813888
36,4,473,573,True,1.0,0.07098314777553859,0.5862546727617299,0.4264191775391788
36,5,573,673,True,1.0,0.046499283345260246,0.5048313438042,0.2738303905189312
36,6,673,773,True,1.0,0.10558389634119576,0.79795788205798,0.4182766850180088
36,7,773,873,True,1.0,0.061550762430820805,0.5048297475500301,0.3715387045188012
36,8,873,973,True,1.0,0.07468600197171571,0.77353040449447,0.5343869586880312
37,0,33,99,True,1.0,0.12030021511464759,0.733529895598665,0.4303797279260918
37,1,99,165,True,1.0,0.19446008535012607,1.747985418110019,0.9742514662627701
37,2,165,231,True,1.0,0.11442191358172109,0.686708447842314,0.4904359586979772
37,3,231,297,True,1.0,0.12863826846068815,0.889598328494418,0.5708410115697278
37,4,297,363,True,1.0,0.1730860165860689,1.2485597016676921,0.9454095339951188
37,5,363,429,True,1.0,0.13833598004111952,0.998848373259237,0.5996829438373792
37,6,429,495,True,1.0,0.12856177678758904,0.9052085373719521,0.5372574064543282
37,7,495,561,True,1.0,0.1406580423697701,0.873994238867718,0.49280832493455984
37,8,561,627,True,1.0,0.12116762760340553,0.795958492607133,0.4436145109416262
37,9,627,693,True,1.0,0.12146042778216862,0.9052085373719521,0.45922166019374316
37,10,693,759,True,1.0,0.09549856892245143,0.561851253825378,0.3031501676725732
37,11,759,825,True,1.0,0.15431631465326306,1.279774000171926,0.6800910563345468
37,12,825,891,True,1.0,0.08847205972537335,0.593065552329612,0.31875731692469017
37,13,891,957,True,1.0,0.15369298124380543,1.13931271652829,0.8361625488557168
38,0,25,75,True,1.0,0.13405154524384466,0.65148874278701,0.36510737405087423
38,1,75,125,True,1.0,0.17826600590128247,1.05079334511912,0.6226378759631758
38,2,125,175,True,1.0,0.1344947970882224,0.8196211163832199,0.5806058125597957
38,3,175,225,True,1.0,0.11191468927212887,0.5884447676646299,0.34942946384120577
38,4,225,275,True,1.0,0.17398933184542106,1.11384144022419,0.6383157861728442
38,5,275,325,True,1.0,0.2788957636170328,1.8704103415196498,1.6313950376962256
38,6,325,375,True,1.0,0.1670697284828254,1.11384144022419,0.6593318178745343
38,7,375,425,True,1.0,0.17768467294956555,1.2189215987326398,0.6646699393665557
38,8,425,475,True,1.0,0.24308042263046015,1.95447446832641,1.0429543900142857
38,9,475,525,True,1.0,0.11969045302088431,0.71453683789208,0.3861234057525642
38,10,525,575,True,1.0,0.210655199227828,1.5131419225736102,1.0586323002239544
38,11,575,625,True,1.0,0.2166390382298984,1.4921258908719202,0.9955842051188843
38,12,625,675,True,1.0,0.16350418054045474,0.81961699640053,0.4701875325593242
38,13,675,725,True,1.0,0.22033820321620662,1.4290777957668501,0.7277139144889357
38,14,725,775,True,1.0,0.24932019671883973,1.95447446832641,1.1480345485227357
38,15,775,825,True,1.0,0.11989237492532781,0.6725047744887,0.36510737405087423
38,16,825,875,True,1.0,0.2289010612680819,1.66025002450275,0.8905040466104343
38,17,875,925,True,1.0,0.14817779951711252,0.92469715490898,0.5175577174547257
38,18,925,975,True,1.0,0.20938327326592188,1.2189174787499502,0.7644078564002943
39,0,8,48,True,1.0,0.10334951155941358,0.706970720569019,0.5990084919239248
39,1,48,88,True,1.0,0.03635512037784062,0.1631472943855148,0.10116436918518522
39,2,88,128,True,1.0,0.07092170392061724,0.373878272338081,0.2575138041107902
39,3,128,168,True,1.0,0.059652445565961415,0.3806761317979901,0.3118966797900662
39,4,168,208,True,1.0,0.05120829843491361,0.2583159941719331,0.18953654216400923
39,5,208,248,True,1.0,0.0386578912523945,0.2175288374124757,0.14195152594464222
39,6,248,288,True,1.0,0.09589680890190883,0.5914084424028715,0.5310298973248287
39,7,288,328,True,1.0,0.0627420112186268,0.39427185071780957,0.30670320045244376
39,8,328,368,True,1.0,0.04390810829876921,0.278709572551662,0.1503537655268388
39,9,368,408,True,1.0,0.05305439804899361,0.346686834498442,0.2387246058533478
39,10,408,448,True,1.0,0.04526426242852607,0.2311258889846103,0.1503537655268388
39,11,448,488,True,1.0,0.07372914969303641,0.516631988343866,0.3950740407789528
39,12,488,528,True,1.0,0.046893774341192865,0.1767430133053332,0.12155794756491321
39,13,528,568,True,1.0,0.06269953424795804,0.38067613179799004,0.2591181842330768
39,14,568,608,True,1.0,0.049621729347985526,0.24472027525211398,0.12996018714710977
39,15,608,648,True,1.0,0.03290479916028204,0.1495515754656954,0.08917303038765269
39,16,648,688,True,1.0,0.04109161064703804,0.1835408727652437,0.10956660876738178
39,17,688,728,True,1.0,0.12810362712353668,0.917703031173901,0.7145707700900727
39,18,728,768,True,1.0,0.04163998396058335,0.18354087276524297,0.12996018714710977
39,19,768,808,True,1.0,0.050831302729393256,0.31269886985121,0.1963344016239192
39,20,808,848,True,1.0,0.029171364900643322,0.1427537160057859,0.08917303038765269
39,21,848,888,True,1.0,0.06341867666483987,0.4010710428300341,0.33389463829208177
39,22,888,928,True,1.0,0.05189531446994015,0.346688167150758,0.2047366412061158
39,23,928,968,True,1.0,0.06071830955470668,0.435059007477267,0.2523203247731668
40,0,26,75,True,1.0,0.06458947234833666,0.4592946244095,0.27719940108647967
40,1,75,124,True,1.0,0.04482236203905034,0.2931653956668,0.1697040177823797
40,2,124,173,True,1.0,0.05915749424495395,0.39088847139780003,0.21856555564787972
40,3,173,222,True,1.0,0.07725186604434997,0.46906501621950003,0.3260590231888797
40,4,222,271,True,1.0,0.07062584611665763,0.4690669319826,0.2505013763347203
40,5,271,320,True,1.0,0.07233623466402796,0.47883923955569996,0.27719940108647967
40,6,320,369,True,1.0,0.07803195939658482,0.5863327070966999,0.3456036383350797
40,7,369,418,True,1.0,0.0496266030307175,0.34202693353229996,0.2087932480747797
40,8,418,467,True,1.0,0.05216603544905919,0.2833930880937,0.1430059930306203
40,9,467,516,True,1.0,0.08869397409905862,0.6840557828277001,0.5312774822239797
40,10,516,565,True,1.0,0.07840033986710063,0.4397500092633,0.29674401623267965
40,11,565,614,True,1.0,0.04639513856489302,0.302939619003,0.1990209405016797
40,12,614,663,True,1.0,0.05247435363828474,0.3322546259592,0.2211844536154203
40,13,663,712,True,1.0,0.04506021235566058,0.25407616537440003,0.1306147874899797
40,14,712,761,True,1.0,0.11181168647437384,0.8306384806611,0.7071771027766798
40,15,761,810,True,1.0,0.05958433278435997,0.410433086544,0.2309567611885203
40,16,810,859,True,1.0,0.06294740416566239,0.42997770169019994,0.29674401623267965
40,17,859,908,True,1.0,0.0504758878795406,0.25407616537440003,0.1430059930306203
40,18,908,957,True,1.0,0.05636587440210072,0.41043308654399996,0.27719940108647967
40,19,957,1000,False,0.9895280539610712,0.059595591878063375,0.3713438562516,0.1990209405016797
41,0,85,185,True,1.0,0.09072577075936061,0.80731089211696,0.472680586683938
41,1,185,285,True,1.0,0.1362376688886792,1.0091287235698898,0.5231276258649379
41,2,285,385,True,1.0,0.11190050423996059,0.80731089211696,0.48600109770495203
41,3,385,485,True,1.0,0.1330845312440146,1.0091386151462,0.5364580284622621
41,4,485,585,True,1.0,0.15841216659328478,1.4632411003856798,0.9772400026807279
41,5,585,685,True,1.0,0.17361122807736318,1.31187030811375,0.8258692104087979
41,6,685,785,True,1.0,0.12677351440272447,0.9586816843888901,0.5364580284622621
41,7,785,885,True,1.0,0.11061816301517058,1.0091386151462,0.5364580284622621
41,8,885,985,True,1.0,0.1077765720837825,0.80731089211696,0.42222365592662797
42,0,51,112,True,1.0,0.14863559118721473,0.95868168438889,0.48287277788957517
42,1,112,173,True,1.0,0.14251399019006378,1.00912872356989,0.5262559456803149
42,2,173,234,True,1.0,0.16475266883737372,0.95868168438889,0.48287277788957517
42,3,234,295,True,1.0,0.17822759564670063,1.16049951584182,0.6846906093425051
42,4,295,356,True,1.0,0.15231890674642845,0.90822475363158,0.48287277788957517
42,5,356,417,True,1.0,0.19679060644504615,1.5641549619003,1.0308252532534148
42,6,417,478,True,1.0,0.14229770616104234,0.75685396135965,0.48287277788957517
42,7,478,539,True,1.0,0.17536184015677456,1.11004258508451,0.5837866394041951
42,8,539,600,True,1.0,0.17491382436149325,1.0595856543272,0.5333297086468851
42,9,600,661,True,1.0,0.20896039755290347,1.41277427805206,0.7280836687095549
42,10,661,722,True,1.0,0.11920329057399479,0.55502623833041,0.38195891637495516
42,11,722,783,True,1.0,0.1764715297790575,1.21094655502282,0.6846906093425051
42,12,783,844,True,1.0,0.23556344106321156,1.91735347720147,1.4344806993118948
42,13,844,905,True,1.0,0.16656913324258754,0.95868168438889,0.48287277788957517
42,14,905,966,True,1.0,0.15348716561222284,0.9586816843888899,0.5333297086468851
43,0,13,77,True,1.0,0.21344451797682482,1.321793444304387,0.686572230308099
43,1,77,141,True,1.0,0.21327677994021518,1.285583085962664,0.816290754140518
43,2,141,205,True,1.0,0.17365241424182332,1.4123317640636248,0.8676417704523289
43,3,205,269,True,1.0,0.238407880404663,1.937426331107648,1.320312071125783
43,4,269,333,True,1.0,0.21928770589365215,1.864998515049954,0.997356744597625
43,5,333,397,True,1.0,0.21370463335199805,1.8468915610355272,1.4138131372422271
43,6,397,461,True,1.0,0.2170194951692484,1.792574248679383,1.323281916857237
43,7,461,525,True,1.0,0.3468693159929558,2.426310539809945,1.884590391930107
43,8,525,589,True,1.0,0.2164328677263923,1.82878815670823,1.196533238756277
43,9,589,653,True,1.0,0.3599841138077604,2.71601825435359,1.628126739683853
43,10,653,717,True,1.0,0.22991345735765634,1.738253386636116,0.885748724466752
43,11,717,781,True,1.0,0.393751943534003,3.25922332509916,1.631096585415307
43,12,781,845,True,1.0,0.4609563432926442,4.164560376758939,3.0253178457773866
43,13,845,909,True,1.0,0.2772921913540133,1.937426331107651,1.121135576967133
43,14,909,973,True,1.0,0.21906610878533683,1.7925706989922578,1.033570652626467
44,0,0,40,True,1.0,0.10072627133226442,0.518636013956668,0.269656269691833
44,1,40,80,True,1.0,0.06256684713465571,0.36304656543272,0.21779199046463998
44,2,80,120,True,1.0,0.11058133112798826,0.6050764793353229,0.338808641994757
44,3,120,160,True,1.0,0.06335108336684324,0.36304656543272,0.21779199046463998
44,4,160,200,True,1.0,0.06873942826699278,0.380334658508451,0.21440355811337303
44,5,200,240,True,1.0,0.12122096168716545,0.708805037789709,0.456436861173607
44,6,240,280,True,1.0,0.0723808603394737,0.41490745550228203,0.23508008354037097
44,7,280,320,True,1.0,0.08925298663906937,0.6742288516382471,0.338808641994757
44,8,320,360,True,1.0,0.07291601111891619,0.311185675363158,0.16593110039507797
44,9,360,400,True,1.0,0.06758736110104491,0.380334658508451,0.19711546503764202
44,10,400,440,True,1.0,0.10472034163133692,0.7088084269473399,0.525589233476531
44,11,440,480,True,1.0,0.09380381098529432,0.466771734729475,0.24897974426483502
44,12,480,520,True,1.0,0.07351772405529956,0.518636013956668,0.304232455843295
44,13,520,560,True,1.0,0.09144221339716767,0.570500293183861,0.31813211656775897
44,14,560,600,True,1.0,0.06839738623588772,0.43219893773564405,0.286944362767564
44,15,600,640,True,1.0,0.09686188210240676,0.587788386259592,0.31813211656775897
44,16,640,680,True,1.0,0.09567174534448566,0.535924107032399,0.286944362767564
44,17,680,720,True,1.0,0.05756961864374718,0.363049954590351,0.20050728654654
44,18,720,760,True,1.0,0.07147906787505355,0.345758472356989,0.21440355811337303
44,19,760,800,True,1.0,0.07838084836944359,0.55321220010813,0.33542020964349
44,20,800,840,True,1.0,0.08841350875807993,0.48405982780520596,0.24897974426483502
44,21,840,880,True,1.0,0.09642114615864028,0.656944147720147,0.456436861173607
44,22,880,920,True,1.0,0.06744191188727151,0.380334658508451,0.21779199046463998
44,23,920,960,True,1.0,0.08140134736289795,0.41490745550228203,0.21779199046463998
44,24,960,1000,True,1.0,0.10385191237823986,0.760669317016902,0.5083011404008
45,0,0,178,False,0.9795590825218873,0.04022035626878777,0.37237,0.267525105
45,1,178,378,True,1.0,0.03908422465550231,0.31625899999999996,0.211414105
45,2,378,578,True,1.0,0.03180751646612283,0.219341,0.124698105
45,3,578,778,True,1.0,0.04048296877006397,0.357066,0.28282710499999997
45,4,778,978,True,1.0,0.03736770524444771,0.382571,0.287928105
46,0,35,129,True,1.0,0.04300590688027469,0.39277300000000004,0.31809033000000003
46,1,129,223,True,1.0,0.046951102692891836,0.306057,0.23137433000000002
46,2,223,317,True,1.0,0.042043037273455854,0.275451,0.20076833000000002
46,3,317,411,True,1.0,0.049642829049595986,0.300956,0.23137433000000002
46,4,411,505,True,1.0,0.038305781487385504,0.24484500000000003,0.17526333000000002
46,5,505,599,True,1.0,0.03468975252537363,0.219342,0.15996133
46,6,599,693,True,1.0,0.039265569039087775,0.239744,0.17526333000000002
46,7,693,787,True,1.0,0.05046860490035835,0.280552,0.20586933000000002
46,8,787,881,True,1.0,0.03565764865517227,0.255047,0.18546533
46,9,881,975,True,1.0,0.04061700024409083,0.316259,0.24667733
47,0,26,95,True,1.0,0.03715881145279608,0.255048,0.160027634
47,1,95,164,True,1.0,0.038631580537657924,0.26014899999999996,0.144724634
47,2,164,233,True,1.0,0.03841643637131419,0.23974499999999999,0.134522634
47,3,233,302,True,1.0,0.05819136155794288,0.494793,0.38957063399999997
47,4,302,371,True,1.0,0.04355081438702813,0.255048,0.165128634
47,5,371,440,True,1.0,0.07625224974218964,0.601913,0.491589634
47,6,440,509,True,1.0,0.08891849816359082,0.760042,0.690526634
47,7,509,578,True,1.0,0.03951331536589655,0.331562,0.241642634
47,8,578,647,True,1.0,0.04930883846532742,0.34176399999999996,0.28755063399999997
47,9,647,716,True,1.0,0.038506715908212086,0.23464400000000002,0.129421634
47,10,716,785,True,1.0,0.03817932114999985,0.306057,0.180430634
47,11,785,854,True,1.0,0.04564235076807044,0.37237,0.256945634
47,12,854,923,True,1.0,0.03524783345613384,0.244846,0.154926634
47,13,923,992,True,1.0,0.03709239721433979,0.275451,0.205935634
48,0,0,49,False,0.990443415328867,0.05655303916321805,0.377471,0.237300744
48,1,49,99,True,1.0,0.06923871702132164,0.459086,0.354622744
48,2,99,149,True,1.0,0.051566105046945095,0.326461,0.191391744
48,3,149,199,True,1.0,0.03931061447624873,0.204038,0.109776744
48,4,199,249,True,1.0,0.050015816049956995,0.306057,0.232199744
48,5,249,299,True,1.0,0.1026389380869078,0.679384,0.529011744
48,6,299,349,True,1.0,0.05286189851527105,0.290754,0.186290744
48,7,349,399,True,1.0,0.09022120425289976,0.622317,0.507651744
48,8,399,449,True,1.0,0.05110742411104767,0.27545200000000003,0.15568574400000001
48,9,449,499,True,1.0,0.053860390242365816,0.30605799999999994,0.25260374399999996
48,10,499,549,True,1.0,0.0649097467226913,0.48459099999999994,0.35972374399999996
48,11,549,599,True,1.0,0.04998233556593784,0.265249,0.196492744
48,12,599,649,True,1.0,0.041702484039795235,0.260149,0.15058474400000002
48,13,649,699,True,1.0,0.06624586351620827,0.459086,0.37502674399999997
48,14,699,749,True,1.0,0.04518729325708563,0.31115800000000005,0.181189744
48,15,749,799,True,1.0,0.08199544855553834,0.5815089999999999,0.533155744
48,16,799,849,True,1.0,0.05094467220680191,0.31115800000000005,0.20159374400000002
48,17,849,899,True,1.0,0.05410936122757702,0.331562,0.237300744
48,18,899,949,True,1.0,0.06674375592907861,0.382571,0.313814744
48,19,949,999,True,1.0,0.05958840716193794,0.418278,0.329117744
49,0,32,72,True,1.0,0.05548151049530343,0.326461,0.210740792
49,1,72,112,True,1.0,0.08058240101248326,0.494792,0.394374792
49,2,112,152,True,1.0,0.06250194278938587,0.300956,0.210740792
49,3,152,192,True,1.0,0.04859652248590494,0.270351,0.139327792
49,4,192,232,True,1.0,0.06152715360877881,0.392773,0.287254792
49,5,232,272,True,1.0,0.05110725939570292,0.249946,0.169932792
49,6,272,312,True,1.0,0.07151133072966176,0.331562,0.210740792
49,7,312,352,True,1.0,0.06104628639617864,0.316259,0.215841792
49,8,352,392,True,1.0,0.0621828773743662,0.34176399999999996,0.190336792
49,9,392,432,True,1.0,0.0486733062436554,0.224442,0.120821208
49,10,432,472,True,1.0,0.04916906241728902,0.24994700000000003,0.134226792
49,11,472,512,True,1.0,0.04996173436695592,0.23974500000000004,0.14952979200000002
49,12,512,552,True,1.0,0.05893631209789822,0.37237,0.241346792
49,13,552,592,True,1.0,0.04577491172108434,0.23974500000000004,0.14952979200000002
49,14,592,632,True,1.0,0.05766070845460246,0.295856,0.236245792
49,15,632,672,True,1.0,0.05505141660484373,0.300956,0.18013479200000002
49,16,672,712,True,1.0,0.04603952409818833,0.249947,0.139327792
49,17,712,752,True,1.0,0.049431978859858165,0.29585500000000003,0.20563979200000002
49,18,752,792,True,1.0,0.03581283940422574,0.20913900000000002,0.139327792
49,19,792,832,True,1.0,0.04489833513561793,0.23464400000000002,0.144428792
49,20,832,872,True,1.0,0.039673830720285436,0.21424,0.134226792
49,21,872,912,True,1.0,0.07719520265459677,0.36726899999999996,0.256649792
49,22,912,952,True,1.0,0.0506105551311015,0.25504800000000005,0.14952979200000002
49,23,952,992,True,1.0,0.05569593890444135,0.265249,0.185235792
50,0,0,190,False,0.9984915369015883,0.061712560977681255,0.501486670629589,0.3565187430203542
50,1,190,390,True,1.0,0.07024007243080681,0.918105598346249,0.7731376707370142
50,2,390,590,True,1.0,0.07806479176637002,1.01840383997062,0.8888664110728272
50,3,590,790,True,1.0,0.056716656843748596,0.563207152977933,0.42595447472441916
50,4,790,990,True,1.0,0.05492026961337229,0.42433417707237997,0.2870814988188662
51,0,52,146,True,1.0,0.12716474405455971,0.8947644312459501,0.5992189053257408
51,1,146,240,True,1.0,0.08561842516726313,0.69592626679273,0.47494505254247776
51,2,240,334,True,1.0,0.08152278384484322,0.6213643913872859,0.40038317713703375
51,3,334,428,True,1.0,0.09616720667178988,0.658644110957751,0.4128081261508468
51,4,428,522,True,1.0,0.08151456793184808,0.571654850273981,0.33824625074540277
51,5,522,616,True,1.0,0.12632794180284496,1.0190358477647001,0.6986355512878378
51,6,616,710,True,1.0,0.09571935971061163,0.671071496236078,0.4500902819858258
51,7,710,804,True,1.0,0.08439484684246507,0.546800079717328,0.3258188654670758
51,8,804,898,True,1.0,0.11263004256952884,0.969326306651394,0.7359177071228158
51,9,898,992,True,1.0,0.11676853926462023,1.043890618321352,0.7483450924011428
52,0,26,95,True,1.0,0.11012431864034823,0.755863444563163,0.4742598987662446
52,1,95,164,True,1.0,0.11448903553101115,0.770980831998926,0.4289077364589526
52,2,164,233,True,1.0,0.11385143158724281,0.710511282255872,0.3986729615874256
52,3,233,302,True,1.0,0.1724566473409208,1.4663747268190361,1.1545364061505896
52,4,302,371,True,1.0,0.12906773852808107,0.755863444563163,0.4893772862020086
52,5,371,440,True,1.0,0.22598212158425857,1.783836899357559,1.4568811912533497
52,6,440,509,True,1.0,0.26351997391594917,2.252469982641209,2.0464533740231095
52,7,509,578,True,1.0,0.11710215590232866,0.982621292487106,0.7161351341259515
52,8,578,647,True,1.0,0.14613229074453027,1.012856067358634,0.8521886574353116
52,9,647,716,True,1.0,0.11411898515258431,0.6953938948201079,0.3835555741516616
52,10,716,785,True,1.0,0.11314871395000978,0.9070343553082869,0.5347264848967855
52,11,785,854,True,1.0,0.13526624192118272,1.103560391973216,0.7614872964332425
52,12,854,923,True,1.0,0.10446092033476834,0.725628669691635,0.45914251133048056
52,13,923,992,True,1.0,0.10992749257212732,0.816330030693704,0.6103134220756046
53,0,26,76,True,1.0,0.24202884910957614,1.624407451712659,1.1329203180641523
53,1,76,126,True,1.0,0.4818804274521934,3.61562006551274,3.0455318257026422
53,2,126,176,True,1.0,0.2729364577909645,1.4148045019484161,1.0805195806230923
53,3,176,226,True,1.0,0.2898593551521751,1.9388118763590192,1.4211243739899824
53,4,226,276,True,1.0,0.17369629427329794,0.91700776889849,0.6875191861352102
53,5,276,326,True,1.0,0.24469039972341272,1.67680818915372,1.1067199493436224
53,6,326,376,True,1.0,0.302851487635982,1.676808189153716,1.3163228991078624
53,7,376,426,True,1.0,0.28924792475941213,1.8078100327563722,1.1853210555052123
53,8,426,476,True,1.0,0.24832728451930844,1.519605976830534,1.0019184744614973
53,9,476,526,True,1.0,0.3194507749124616,2.069808583641599,1.5783214499930924
53,10,526,576,True,1.0,0.4174296059985697,3.144018564863266,2.3119266378478622
53,11,576,626,True,1.0,0.247824778677244,1.441004870668943,0.9757181057409672
53,12,626,676,True,1.0,0.2572835319267708,1.8078100327563742,1.0543192119025624
53,13,676,726,True,1.0,0.27267620992008995,1.755409295315307,1.3425232678283923
53,14,726,776,True,1.0,0.24624624579767365,1.362403764507351,0.8971169995793752
53,15,776,826,True,1.0,0.5582661602197538,4.034820828721147,3.6219348012342323
53,16,826,876,True,1.0,0.3132972437409834,1.624407451712656,1.2901225303873323
53,17,876,926,True,1.0,0.3744975580182627,2.6200163267727428,2.364327375288932
53,18,926,976,True,1.0,0.3515711703800355,2.1746100585237222,1.5259207125520324
54,0,32,72,True,1.0,0.09666929925337492,0.568815733779049,0.36718835707376385
54,1,72,112,True,1.0,0.14040432873021058,0.8621105569976301,0.6871466628339679
54,2,112,152,True,1.0,0.10890148731505656,0.524376596209678,0.36718835707376385
54,3,152,192,True,1.0,0.08467310520071335,0.47105137349606696,0.24276051424915882
54,4,192,232,True,1.0,0.10720304424514358,0.68435574908978,0.5005040274122429
54,5,232,272,True,1.0,0.089047736956644,0.435498321070934,0.2960857369627688
54,6,272,312,True,1.0,0.1245991713022653,0.577703561292924,0.36718835707376385
54,7,312,352,True,1.0,0.10636519581490084,0.5510400787513,0.3760761845876378
54,8,352,392,True,1.0,0.1083455574239887,0.595479216320673,0.33163704701826685
54,9,392,432,True,1.0,0.08480689088876542,0.391060925871199,0.21051520421916017
54,10,432,472,True,1.0,0.08567068139262615,0.43550006344057,0.23387268673528483
54,11,472,512,True,1.0,0.08705180892913386,0.417724408412822,0.2605361692769078
54,12,512,552,True,1.0,0.10268884066457262,0.648806181403918,0.4205153221570098
54,13,552,592,True,1.0,0.07975681627912616,0.417724408412822,0.2605361692769078
54,14,592,632,True,1.0,0.10046626760876348,0.51549051106544,0.4116274946431358
54,15,632,672,True,1.0,0.0959199167179551,0.524376596209678,0.3138613919905178
54,16,672,712,True,1.0,0.08021786885033504,0.43550006344057,0.24276051424915882
54,17,712,752,True,1.0,0.08612877901899678,0.5154887686958041,0.35830052955988984
54,18,752,792,True,1.0,0.062399203961348834,0.364397443329575,0.24276051424915882
54,19,792,832,True,1.0,0.07822949585287126,0.408836580898948,0.2516483417630338
54,20,832,872,True,1.0,0.06912647799579415,0.37328527084345,0.23387268673528483
54,21,872,912,True,1.0,0.13450257715989622,0.6399183538900439,0.4471788046986328
54,22,912,952,True,1.0,0.0881822945278687,0.444387890954445,0.2605361692769078
54,23,952,992,True,1.0,0.0970429128025795,0.462161803612557,0.32274921950439184
55,0,58,258,True,1.0,0.09879407943809795,0.766249600759447,0.4759918426441802
55,1,258,458,True,1.0,0.09373985316202424,0.732934116762635,0.45933410064577423
55,2,458,658,True,1.0,0.11392108989581932,0.9827969811551118,0.7091969650382511
55,3,658,858,True,1.0,0.09580932668885278,0.8661927871662719,0.5759350290510051
56,0,80,174,True,1.0,0.1750272876821255,1.2270005679786449,0.6258928800382677
56,1,174,268,True,1.0,0.17117573452697196,1.128839752802536,0.6992685031164863
56,2,268,362,True,1.0,0.1516454309248639,1.153379956596562,0.7728891144985672
56,3,362,456,True,1.0,0.14718654553252022,1.1042995490085081,0.5522722686561857
56,4,456,550,True,1.0,0.14817736573339518,1.17792016039059,0.7238087069105132
56,5,550,644,True,1.0,0.1732512665565907,1.447857591263531,0.9446657301953992
56,6,644,738,True,1.0,0.16944008641375424,1.5705586102336642,1.0673667491655323
56,7,738,832,True,1.0,0.18882405931437526,1.595098814027696,1.1164471567535923
56,8,832,926,True,1.0,0.16496262931765543,1.17792016039059,0.6256478917344043
56,9,926,1000,False,0.9509884709365702,0.17951894952502115,1.398777183675476,0.9201255264013722
57,0,34,128,True,1.0,0.19284700292574594,1.3250847951605291,0.839507793122973
57,1,128,222,True,1.0,0.3076396637783942,2.416329299330028,1.7488765154105619
57,2,222,316,True,1.0,0.17254807969980035,1.091244504169502,0.657632011241063
57,3,316,410,True,1.0,0.21861642794174985,2.078559990120774,1.5150362244195419
57,4,410,504,True,1.0,0.2037384011395305,1.454996067933322,0.7355787749047389
57,5,504,598,True,1.0,0.20182385188293714,1.7927602835816008,1.1772720087712518
57,6,598,692,True,1.0,0.2176562983691352,1.7927602835816039,1.229236517880372
57,7,692,786,True,1.0,0.23660623236758338,1.584902247145141,1.151289754216702
57,8,786,880,True,1.0,0.16915881929188928,1.013297740505827,0.5537029930228289
57,9,880,974,True,1.0,0.3683032099071728,3.2477512579539507,2.6322629831436015
58,0,16,190,True,1.0,0.437363221685163,5.43409088196323,3.38454155583849
58,1,190,364,True,1.0,0.36995816676791005,3.9692550334881496,2.4748296287108698
58,2,364,538,True,1.0,0.3985736488412715,5.434090881963231,2.8647545193443302
58,3,538,712,True,1.0,0.5510469133654334,7.843994069518581,4.565866466139161
58,4,712,886,True,1.0,0.4586854683815267,7.13519356520837,3.84515874327791
58,5,886,1000,False,0.9561475208272225,0.34891483440217763,3.40221463003998,2.38032289480284
59,0,18,58,True,1.0,0.14544198445656487,0.923189410310951,0.6839755027779649
59,1,58,98,True,1.0,0.18976183868132063,1.140409665230093,0.874042893141755
59,2,98,138,True,1.0,0.11767184386121643,0.6923900615904559,0.4803290186128219
59,3,138,178,True,1.0,0.11379050852891434,0.543051968059694,0.31741449280438394
59,4,178,218,True,1.0,0.12483604634125177,0.665237197035103,0.46675258633514594
59,5,218,258,True,1.0,0.13714008984406442,0.719542926145808,0.548211180001203
59,6,258,298,True,1.0,0.1766981000919713,1.194715394340798,0.996230783640841
59,7,298,338,True,1.0,0.16275074690675817,1.072527503841712,0.8468900285864019
59,8,338,378,True,1.0,0.14093917783383098,0.705966493868132,0.5346347477235269
59,9,378,418,True,1.0,0.1071311222242122,0.6788136293127789,0.4803290186128219
59,10,418,458,True,1.0,0.10765486705403243,0.597357697170399,0.3445673573597369
59,11,458,498,True,1.0,0.10736664574830311,0.543051968059694,0.27668519597135594
59,12,498,538,True,1.0,0.10139632658783515,0.47516980667131303,0.23921390753298605
59,13,538,578,True,1.0,0.16304588132929762,1.11325680067474,0.779007867198021
59,14,578,618,True,1.0,0.13743120670738004,0.787425087534188,0.588940476834231
59,15,618,658,True,1.0,0.13628515722735338,0.8010015198118651,0.52105831544585
59,16,658,698,True,1.0,0.14087387250668698,0.85530724892257,0.561787612278879
59,17,698,738,True,1.0,0.15573297490384955,1.126833232952416,0.792584299475697
59,18,738,778,True,1.0,0.09743621733818551,0.420864077560608,0.23595589913832696
59,19,778,818,True,1.0,0.0990217960481881,0.515899103504342,0.27994320436601505
59,20,818,858,True,1.0,0.1596428619366452,1.04537463928636,0.81973716403105
59,21,858,898,True,1.0,0.11488665360730409,0.692390061590456,0.46675258633514594
59,22,898,938,True,1.0,0.15627410845156145,0.7195429261458071,0.52105831544585
59,23,938,978,True,1.0,0.16313768166615975,1.086103936119388,0.901195757697107
60,0,70,241,True,1.0,0.027858803032986178,0.300956,0.16985619
60,1,241,412,True,1.0,0.02754932950620329,0.27035,0.18210881
60,2,412,583,True,1.0,0.029737903794873906,0.37237,0.23311881
60,3,583,754,True,1.0,0.022767254026156484,0.224442,0.13620081
60,4,754,925,True,1.0,0.027592189975904277,0.306058,0.16680681
61,0,28,128,True,1.0,0.03167051430650226,0.316259,0.191918022
61,1,128,228,True,1.0,0.03715082067537626,0.438682,0.237827022
61,2,228,328,True,1.0,0.03190070656489671,0.26525,0.17661602199999998
61,3,328,428,True,1.0,0.025219880866039872,0.19383699999999998,0.144744978
61,4,428,528,True,1.0,0.0329392643963165,0.32136,0.195753978
61,5,528,628,True,1.0,0.03929742636756616,0.44378300000000004,0.25823102200000003
61,6,628,728,True,1.0,0.024986344981431836,0.21423999999999999,0.134542978
61,7,728,828,True,1.0,0.03820786293698045,0.40807600000000005,0.30413902200000004
61,8,828,928,True,1.0,0.030127976561116813,0.21424,0.156212022
62,0,0,44,False,0.9886361279741832,0.08625316593512171,0.5509029999999999,0.419389998
62,1,44,106,True,1.0,0.06249466367948602,0.6070139999999999,0.363279998
62,2,106,168,True,1.0,0.058430670705174916,0.42847999999999997,0.220452998
62,3,168,230,True,1.0,0.06857570420518508,0.566206,0.294743002
62,4,230,292,True,1.0,0.0485822017476798,0.311158,0.182522002
62,5,292,354,True,1.0,0.055056821461582625,0.367269,0.261260998
62,6,354,416,True,1.0,0.05738288111158075,0.362168,0.256159998
62,7,416,478,True,1.0,0.05614893220341949,0.464187,0.327572998
62,8,478,540,True,1.0,0.04532176533597478,0.27545200000000003,0.15924199800000002
62,9,540,602,True,1.0,0.057698860257028764,0.42847999999999997,0.220452998
62,10,602,664,True,1.0,0.07537445641920854,0.69373,0.419389998
62,11,664,726,True,1.0,0.08220537159624297,0.698831,0.577519998
62,12,726,788,True,1.0,0.07276820879805034,0.494793,0.363279998
62,13,788,850,True,1.0,0.06669610854365038,0.5866089999999999,0.302067998
62,14,850,912,True,1.0,0.05636970679451925,0.382572,0.24883500199999997
62,15,912,974,True,1.0,0.06039303867290745,0.46928800000000004,0.32247199800000004
63,0,43,96,True,1.0,0.09088692412031096,0.5356000000000001,0.337739279
63,1,96,149,True,1.0,0.07502374926566009,0.525398,0.315182721
63,2,149,202,True,1.0,0.08582602313655528,0.69373,0.368345279
63,3,202,255,True,1.0,0.07904801129373015,0.6019129999999999,0.386596721
63,4,255,308,True,1.0,0.08026904472692313,0.545802,0.315182721
63,5,308,361,True,1.0,0.11219903526812515,0.867162,0.582585279
63,6,361,414,True,1.0,0.12252457591618435,0.964081,0.694806279
63,7,414,467,True,1.0,0.07535193890138457,0.49989300000000003,0.302032279
63,8,467,520,True,1.0,0.09142929348428883,0.6631239999999999,0.458009721
63,9,520,573,True,1.0,0.10828716486552778,0.790648,0.582585279
63,10,573,626,True,1.0,0.11888878544311728,0.9385760000000001,0.715210279
63,11,626,679,True,1.0,0.09876337506333802,0.8008500000000001,0.422302721
63,12,679,732,True,1.0,0.07013417160808781,0.47949,0.28673027900000003
63,13,732,785,True,1.0,0.10641715872816694,0.811051,0.419354279
63,14,785,838,True,1.0,0.07397252272266863,0.581509,0.337739279
63,15,838,891,True,1.0,0.14881802393711865,1.270138,0.883541279
63,16,891,944,True,1.0,0.08802282441711522,0.6325179999999999,0.353042279
63,17,944,997,True,1.0,0.1086365461459526,0.765143,0.577484279
64,0,13,53,True,1.0,0.04095244947418688,0.2652507,0.2101976669
64,1,53,93,True,1.0,0.02512081657952039,0.1127321,0.0576790669
64,2,93,133,True,1.0,0.038046915153793125,0.2453568,0.1969350669
64,3,133,173,True,1.0,0.03076217876146694,0.1724125,0.1173594669
64,4,173,213,True,1.0,0.024918959575764017,0.1127321,0.0643103669
64,5,213,253,True,1.0,0.04157575275815492,0.271882,0.2234602669
64,6,253,293,True,1.0,0.026830475320031202,0.1259947,0.07094166689999999
64,7,293,333,True,1.0,0.02753392072023347,0.1458873,0.0974655669
64,8,333,373,True,1.0,0.0386717462229272,0.2453568,0.1969350669
64,9,373,413,True,1.0,0.025182271308314526,0.1127321,0.0576790669
64,10,413,453,True,1.0,0.041485593171781604,0.271882,0.2234602669
64,11,453,493,True,1.0,0.026953117201027114,0.1259947,0.07094166689999999
64,12,493,533,True,1.0,0.02885197019527702,0.1657812,0.1173594669
64,13,533,573,True,1.0,0.03642904764229201,0.23209420000000003,0.17704116690000002
64,14,573,613,True,1.0,0.024857295477528605,0.1061008,0.0576790669
64,15,613,653,True,1.0,0.04214287228455806,0.2785133,0.23009156690000002
64,16,653,693,True,1.0,0.025735085556407473,0.1127321,0.0576790669
64,17,693,733,True,1.0,0.03701562013672372,0.2387255,0.1903037669
64,18,733,773,True,1.0,0.02928299035181603,0.1657812,0.1040968669
64,19,773,813,True,1.0,0.026896007411906106,0.1458873,0.0908342669
64,20,813,853,True,1.0,0.04110763461472362,0.2652507,0.2168289669
64,21,853,893,True,1.0,0.024724259695765697,0.1127321,0.0643103669
64,22,893,933,True,1.0,0.038523404376856134,0.2453568,0.20356636690000002
64,23,933,973,True,1.0,0.026284137129680613,0.1259947,0.07094166689999999
65,0,31,209,True,1.0,0.07176245014208535,0.7153374781424751,0.39175188526373345
65,1,209,387,True,1.0,0.08193960916912256,0.938879344469037,0.6216423885079015
65,2,387,565,True,1.0,0.07532308865941476,0.804755393305592,0.45771246562341755
65,3,565,743,True,1.0,0.06181689011229218,0.476889704374162,0.2725279983795765
65,4,743,921,True,1.0,0.07429137418894752,0.685531506421436,0.3768488994032135
66,0,38,132,True,1.0,0.09604007697002682,0.9046041914956271,0.6788111710094702
66,1,132,226,True,1.0,0.0761952894011912,0.734989520121078,0.4243910112398051
66,2,226,320,True,1.0,0.0881503237912554,0.7349895201210779,0.6027108178452818
66,3,320,414,True,1.0,0.12450904603001299,1.413442663742798,0.7252084554347418
66,4,414,508,True,1.0,0.07420176035935303,0.63133795712879,0.47079014295723587
66,5,508,602,True,1.0,0.08811013128942596,0.9799884898843161,0.49035227232990813
66,6,602,696,True,1.0,0.07213198876338357,0.7538374420104079,0.45194406836006285
66,7,696,790,True,1.0,0.08002820041682798,0.8197987031005111,0.4990592548529939
66,8,790,884,True,1.0,0.05812570376496493,0.41460994655347,0.21636998318757086
66,9,884,978,True,1.0,0.0919774608788587,0.932873303391385,0.7063642281297278
67,0,30,89,True,1.0,0.1211489413523911,0.735702061771508,0.37121995089263177
67,1,89,147,True,1.0,0.1692322590024189,1.239082350492428,0.6548938159101763
67,2,147,206,True,1.0,0.1157789707826426,0.600176599423569,0.3324983902217918
67,3,206,264,True,1.0,0.14621289227409187,0.948670645461128,0.5261061935759918
67,4,264,323,True,1.0,0.15385686224168058,1.2197177746697818,0.9646625057896702
67,5,323,381,True,1.0,0.13881732208417744,0.948670645461128,0.5261061935759918
67,6,381,440,True,1.0,0.193545847656391,1.6262941617136022,0.9907611261388458
67,7,440,498,True,1.0,0.13764602510435736,1.045474547138228,0.6548938159101763
67,8,498,557,True,1.0,0.11629680622504618,0.774423622442348,0.4099415115634718
67,9,557,615,True,1.0,0.1098269388188557,0.696980501100669,0.4099415115634718
67,10,615,674,True,1.0,0.11278184649144948,0.658258940429828,0.3838428912142962
67,11,674,732,True,1.0,0.24407284898039058,2.032862957782966,1.5648391052132342
67,12,732,791,True,1.0,0.12370612143058385,0.890588304454868,0.4806467928913962
67,13,791,849,True,1.0,0.13976571190158635,1.064831531986423,0.6936115810937912
67,14,849,908,True,1.0,0.12148968455574533,0.658262735917054,0.4486630722343118
67,15,908,966,True,1.0,0.09885179361294126,0.561458834239954,0.3518591705572118
68,0,11,73,True,1.0,0.2382682778336158,1.821692797293076,1.008387898747594
68,1,73,135,True,1.0,0.2808933023222439,2.5117286856502803,1.2825275710995359
68,2,135,197,True,1.0,0.3527506509974902,3.03615466215513,1.944961807481356
68,3,197,259,True,1.0,0.36755457802114305,3.146561270056706,2.554069587314374
68,4,259,321,True,1.0,0.23849649438831438,1.7112861893915037,1.0341127033209958
68,5,321,383,True,1.0,0.2382650244895955,1.7940911453176902,1.1739978105999642
68,6,383,445,True,1.0,0.2759788121624711,2.042500602068589,1.061714355296386
68,7,445,507,True,1.0,0.22858632337716844,1.8216927972930752,1.0911928546737741
68,8,507,569,True,1.0,0.3824313491240723,3.174157511004464,2.250451415585044
68,9,569,631,True,1.0,0.22842878922393903,1.573277929514532,1.008387898747594
68,10,631,693,True,1.0,0.312105845233525,2.51172868565029,1.891635350932564
68,11,693,755,True,1.0,0.2268100964295054,1.683684537416108,1.1463961586245641
68,12,755,817,True,1.0,0.22676212751983896,1.490478384615991,0.870385049898265
68,13,817,879,True,1.0,0.2534102919233671,1.6284812334653211,1.1463961586245641
68,14,879,941,True,1.0,0.23136560246220278,1.545681688566778,0.842783397922871
68,15,941,1000,False,0.9991871618020792,0.1871725004273232,1.186860212886659,0.594368530144327
69,0,44,101,True,1.0,0.10146117612062966,0.815390927854062,0.6355030215265536
69,1,101,158,True,1.0,0.0826950657543736,0.7066737359815001,0.4588359196211616
69,2,158,215,True,1.0,0.12457292571322823,1.046420621965684,0.6219130395199877
69,3,215,272,True,1.0,0.09693669119667118,0.665903789961802,0.4588359196211616
69,4,272,329,True,1.0,0.08786573264324989,0.543593951902708,0.3093461175489356
69,5,329,386,True,1.0,0.08473550030535895,0.57077391591584,0.3637060455751996
69,6,386,443,True,1.0,0.06407412145165758,0.39410414983048203,0.20706787034064042
69,7,443,500,True,1.0,0.12289421684647563,0.9920606939394201,0.6762729675462517
69,8,500,557,True,1.0,0.07568312759753351,0.57077391591584,0.3093461175489356
69,9,557,614,True,1.0,0.11000449514531176,0.9241107839065901,0.49960320146089365
69,10,614,671,True,1.0,0.08902267319824302,0.63872382594867,0.3837376364259984
69,11,671,728,True,1.0,0.06206261189395468,0.39410414983048203,0.20706787034064042
69,12,728,785,True,1.0,0.07683932354961372,0.50282400588301,0.2549861895226716
69,13,785,842,True,1.0,0.0942156022578216,0.7610309998277981,0.6083230575134216
69,14,842,899,True,1.0,0.07558177315060631,0.543593951902708,0.3093461175489356
69,15,899,956,True,1.0,0.08951952743607129,0.693083753974934,0.44524593761459563
69,16,956,1000,False,0.9898993937683395,0.11889337345797489,0.7066737359815,0.3637060455751996
70,0,19,113,True,1.0,0.07181226515235001,0.571357211693049,0.367552758754398
70,1,113,207,True,1.0,0.10287882972042281,0.952260774937358,0.5085265568034629
70,2,207,301,True,1.0,0.08037253971423863,0.7618071264886159,0.42468885328902
70,3,301,395,True,1.0,0.08659415850304994,0.857033950712986,0.45139046226884
70,4,395,489,True,1.0,0.09032813471962596,0.8951246804027351,0.489481191958589
70,5,489,583,True,1.0,0.08537323528286578,0.7998978561783641,0.481824947823643
70,6,583,677,True,1.0,0.086442496699257,0.704671031953993,0.386598123599272
70,7,677,771,True,1.0,0.08828846733604777,0.723716396798868,0.443734218133895
70,8,771,865,True,1.0,0.0746266288906916,0.5904025765379239,0.367552758754398
70,9,865,959,True,1.0,0.09545453571455398,0.990351504627106,0.546617286493211
71,0,17,82,True,1.0,0.14016097884356934,1.117754338559824,0.7319257898077126
71,1,82,147,True,1.0,0.1225990400260767,0.833235994083318,0.5286995392174546
71,2,147,212,True,1.0,0.1469597483440588,0.934851111441128,0.6506376800468265
71,3,212,277,True,1.0,0.10778423668833724,0.772266923668632,0.4474074453312066
71,4,277,342,True,1.0,0.16137756839731188,1.341307596747006,0.9351560245233326
71,5,342,407,True,1.0,0.14405498504062317,1.016139221202014,0.7319257898077126
71,6,407,472,True,1.0,0.15538646313144916,1.036462244673576,0.7319257898077126
71,7,472,537,True,1.0,0.12672156704971316,0.975497158384252,0.6099916331037025
71,8,537,602,True,1.0,0.1485249715054511,1.097431315088262,0.8538639306370845
71,9,602,667,True,1.0,0.0961520133374343,0.609682735896136,0.36611535144495855
71,10,667,732,True,1.0,0.11822855890599945,0.75194390019707,0.4474074453312066
71,11,732,797,True,1.0,0.15484766315420517,1.199046432446072,0.9148330010517706
71,12,797,862,True,1.0,0.12189979314122938,0.894205064498004,0.4677304688027686
71,13,862,927,True,1.0,0.16514933302684642,1.442922714104816,0.9351560245233326
71,14,927,992,True,1.0,0.10521645094488563,0.772266923668632,0.5286995392174546
72,0,29,90,True,1.0,0.32530720456589857,2.362075220314285,1.943440029829012
72,1,90,151,True,1.0,0.15154594367044863,1.202129819313397,0.656953777424345
72,2,151,212,True,1.0,0.2140921250055836,1.8980962330116733,1.1778720298854382
72,3,212,273,True,1.0,0.15451651061458868,1.138855259100255,0.734983184483468
72,4,273,334,True,1.0,0.13536725980326456,0.927957974605209,0.572593209821826
72,5,334,395,True,1.0,0.1351571962408391,0.82250726510206,0.572593209821826
72,6,395,456,True,1.0,0.2075218325866435,1.729375097806635,1.289649765420732
72,7,456,517,True,1.0,0.12880649864643226,0.885777690803949,0.46081547428653197
72,8,517,578,True,1.0,0.2439945920546028,2.193354085109239,1.2474694816194718
72,9,578,639,True,1.0,0.19287671149928354,1.58174410450223,0.819343752085988
72,10,639,700,True,1.0,0.16652024131335108,1.4130271038084432,0.777163468284728
72,11,700,761,True,1.0,0.15363146260065633,1.117765117199625,0.762400352416242
72,12,761,822,True,1.0,0.1013805164594162,0.611605846095761,0.361691790815527
72,13,822,883,True,1.0,0.18547626727000685,1.2864862524046639,0.867851061919391
72,14,883,944,True,1.0,0.14768370405863152,1.054498826008989,0.608446467590942
72,15,944,1000,False,0.9989253102021605,0.1506615670696951,0.885777690803949,0.593683351722456
73,0,52,226,True,1.0,0.3480716777283169,5.21903553339995,3.9171202565062315
73,1,226,400,True,1.0,0.3139480589433031,4.7392238232548,2.5758572483682682
73,2,400,574,True,1.0,0.34517887102634787,5.1084739145188705,3.7152510184261316
73,3,574,748,True,1.0,0.2869071580978543,4.46965969632113,2.4932420099702286
73,4,748,922,True,1.0,0.4023667109255729,5.271717897757171,3.6654438902000517
74,0,0,49,False,0.9944206560938632,0.08217179851126905,0.474683491936011,0.24923803628966837
74,1,49,100,True,1.0,0.11119316627433667,0.716868985763294,0.5548184109406177
74,2,100,151,True,1.0,0.05669402983655301,0.25187298954583714,0.18142556625978537
74,3,151,202,True,1.0,0.11453532743985735,0.755618968637513,0.5160684280663986
74,4,202,253,True,1.0,0.11583541669373533,0.794367052375146,0.40950597516229664
74,5,253,304,True,1.0,0.1494657823495568,1.0559275376395392,0.8260644927869797
74,6,304,355,True,1.0,0.08326581869784744,0.464995996217456,0.26419543852056065
74,7,355,406,True,1.0,0.10025814337100564,0.600619037140638,0.34611109433863135
74,8,406,457,True,1.0,0.08582813081575982,0.581245944840113,0.3416954042689987
74,9,457,508,True,1.0,0.09192893082229764,0.600619037140637,0.37075599228807765
74,10,508,559,True,1.0,0.08469355171786157,0.49405848337311997,0.30294542139477965
74,11,559,610,True,1.0,0.10801618468060466,0.745931472918957,0.41392356436851335
74,12,610,661,True,1.0,0.12571943884217654,0.9106170009978031,0.7485664261751267
74,13,661,712,True,1.0,0.11581223115384126,0.852492026686474,0.5741915032411417
74,14,712,763,True,1.0,0.10146198126555128,0.755617069500928,0.3901309837251877
74,15,763,814,True,1.0,0.1037427589607056,0.6296815242963011,0.3804434880066327
74,16,814,865,True,1.0,0.19967311595475792,1.6274840876245158,1.2426230104116665
74,17,865,916,True,1.0,0.0913979983115194,0.590933440558667,0.3416954042689987
74,18,916,967,True,1.0,0.1260138430498435,0.736243977200403,0.48173603439839635
74,19,967,1000,False,0.9826001608700446,0.23706779086636795,1.307800527185376,0.9229394499725266
