condition_id,composition,force_N,freq_Hz,expected_cycles_nominal,period_nominal_samples,period_acf_samples,period_acf_raw_samples,half_period_parity,half_period_acf_ratio,half_period_accepted,acf_peak,lock_concentration_nominal,lock_concentration_acf,period_source,period_used_samples,tap_rate_used_Hz,rate_rel_dev_from_nominal,expected_cycles_used,n_cycles,n_full_cycles,n_peaks_crosscheck,lock_concentration,flag_weak_periodicity,flag_too_few_cycles,flag_rate_deviates,n_cycles_nominal_period,spectral_rate_Hz,duplicate_copy_of,flag_rate_deviates_spectral,rms_mean,rms_sd,rms_cv_pct,rms_se_rel_pct,rms_logsd,rms_cv_pct_nominal_period,vpp_mean,vpp_sd,vpp_cv_pct,vpp_se_rel_pct,vpp_logsd,vpp_cv_pct_nominal_period,vmax_mean,vmax_sd,vmax_cv_pct,vmax_se_rel_pct,vmax_logsd,vmax_cv_pct_nominal_period,segmentation_failed,halfA_rms_Voc,halfB_rms_Voc,full_rms_Voc,halfA_Vpp,halfB_Vpp,full_Vpp,halfA_Vmax,halfB_Vmax,full_Vmax
0,PVDF,1,5,5,200.0,199.0,199.0,0.07479289000975378,-0.45119178846720065,False,0.768889676449597,0.9455365639965886,0.944592174628552,nominal,200.0,5.0,0.0,5,5,4,5,0.9455365639965886,False,False,False,5,5.0048828125,-1,False,0.02857108035060123,0.002904688534992593,10.166533779432212,4.546612125271655,0.04575409745682791,10.166533779432212,0.3060573999999999,0.062160587487571244,20.310107675086847,9.082956278366881,0.09004347604409282,20.310107675086847,0.1966307258,0.056156277849547395,28.559258793900764,12.772088810034152,0.13257070289774672,28.559258793900764,False,0.029913688425805066,0.02719509239981795,0.0285867300932331,0.367269,0.42338,0.47438899999999995,0.210485684,0.263933942,0.26391862899999996
1,PVDF,1,10,10,100.0,100.0,100.0,0.32322827986762637,-0.018056457445050165,False,0.552205543066874,0.678735935501185,0.678735935501185,nominal,100.0,10.0,0.0,10,9,9,8,0.678735935501185,False,False,False,9,20.08056640625,-1,True,0.04705607782228474,0.005509836431832785,11.709085599190006,3.9030285330633356,0.05024679548729784,11.709085599190006,0.4131773333333333,0.11826088711087025,28.622307559031217,9.54076918634374,0.1276764283098112,28.622307559031217,0.25413866911111105,0.08463519402267516,33.3027611731421,11.100920391047367,0.15164614447056274,33.3027611731421,False,0.0456663939820291,0.049409172347830314,0.04758108870069616,0.622317,0.6886289999999999,0.724336,0.374665436,0.34809947999999996,0.375450978
2,PVDF,1,15,15,66.66666666666667,65.0,65.0,0.03928048496329843,-0.7070275578158886,False,0.6943813418891969,0.8802691876437546,0.9548364772742782,acf,65.0,15.384615384615385,0.025641025641025772,15,15,15,15,0.9548364772742782,False,False,False,15,15.31982421875,-1,False,0.09859706181550847,0.02102126019055964,21.320371828010373,5.50489633498893,0.0882908480941958,23.16006202869959,0.7188947333333334,0.21936206772869718,30.51379535242533,7.878628081968305,0.12909115436474458,30.51379535242533,0.44176762559999994,0.16219107666565147,36.71411558177601,9.479543881263513,0.14907315088951478,36.71411558177601,False,0.08866539054391609,0.10959964632462882,0.09970584338151171,1.152816,1.356854,1.535388,0.726957906,0.804216674,0.806323384
3,PVDF,1,20,20,50.0,50.0,50.0,,,False,0.6229209304042477,0.9182669963725667,0.9182669963725667,nominal,50.0,20.0,0.0,20,19,19,20,0.9182669963725667,False,False,False,19,19.989013671875,-1,False,0.12209144004262988,0.024271093019734992,19.879438731544496,4.5606560255321495,0.08243268637717746,19.879438731544496,0.7852787368421053,0.2749182758356143,35.009005457242075,8.031616679051691,0.13471399318322333,35.009005457242075,0.46110545947368425,0.16361832628474007,35.48392735828753,8.140571235511239,0.1434137649276561,35.48392735828753,False,0.12317978446887551,0.12574679205863307,0.12449860187870826,1.254835,1.606801,1.606801,0.693495376,0.9028588359999999,0.90553173
4,PVDF,1,25,25,40.0,40.0,40.0,,,False,0.3705949785407821,0.7826206083241748,0.7826206083241748,nominal,40.0,25.0,0.0,25,25,24,18,0.7826206083241748,False,False,False,25,24.658203125,-1,False,0.06381965420184534,0.02178873304230388,34.14110169477205,6.828220338954409,0.15636343852350426,34.14110169477205,0.40685208,0.17520689581509055,43.06402853221017,8.612805706442035,0.20696003835585636,43.06402853221017,0.29649687804,0.1575441132465961,53.13516765776603,10.627033531553208,0.2611712800212304,53.13516765776603,False,0.06266940992657902,0.07159568949469344,0.06728802355531271,0.8059509999999999,0.9028689999999999,0.9028689999999999,0.5728271199999999,0.632058962,0.633048541
5,PVDF,2,5,5,200.0,174.0,174.0,0.15884503183418938,0.045965626235767804,False,0.5909512403841389,0.6786657430176265,0.962674015479579,acf,174.0,5.747126436781609,0.14942528735632177,6,5,5,6,0.962674015479579,False,False,True,4,5.79833984375,-1,True,0.04487472212229114,0.01114577919642406,24.83754476751955,11.107687698873585,0.11168157811855223,27.7037440938877,0.639864,0.16257645666700943,25.407970547961664,11.362789863110972,0.11753925983708888,28.90185952534406,0.45641487376,0.14964956293636736,32.78805567915359,14.66326426972709,0.15725589129939288,37.17424886008698,False,0.045922245646647576,0.04224640043471168,0.04413070420233045,0.873284,0.85288,0.8773648000000001,0.5689974912,0.5713888464,0.5722335688
6,PVDF,2,10,10,100.0,89.0,89.0,0.047823145870613315,-0.840685843172239,False,0.43991907656529244,0.63494095913503,0.8756386178790602,acf,89.0,11.235955056179776,0.12359550561797761,11,10,10,10,0.8756386178790602,False,False,True,9,10.833740234375,-1,False,0.06252072345250728,0.0200755811658494,32.11028289059938,10.154163024662935,0.1499326960955455,28.733396256696675,0.5341998634599999,0.20665574996283909,38.68509973483233,12.233302667284596,0.19711459855607735,36.373208149584094,0.33042729475448,0.15227864930949553,46.085372403222415,14.573474361125058,0.2182138736514556,44.41463024756235,False,0.06063912914034422,0.06502540953176446,0.06288524587147142,0.9830761292000001,0.7790409119999999,1.0696358264999999,0.6886849368936,0.4008104741788,0.6900451627862
7,PVDF,2,15,15,66.66666666666667,65.0,65.0,0.08286761001235551,-0.5757453906926041,False,0.5303417622652727,0.8265938989737791,0.9291790217057931,acf,65.0,15.384615384615385,0.025641025641025772,15,15,14,16,0.9291790217057931,False,False,False,14,15.350341796875,-1,False,0.08430711513046919,0.023523487682085054,27.902138088441717,7.204301076007627,0.1339428370565237,24.726122319303677,0.6443528,0.21107457576446428,32.75760976975103,8.457978473320475,0.1653763173626819,28.422827905281988,0.41071749584,0.14284024193247516,34.778221862776526,8.979698272349346,0.1713810825237949,31.291379163211293,False,0.0916209714320296,0.08543505577550647,0.08858324894292931,1.1813808,0.9793836,1.1813808,0.632901636,0.5726212392,0.6333668375999999
8,PVDF,2,20,20,50.0,100.0,100.0,0.5433642754872876,0.6677407078323071,False,0.3408834481414097,0.887249247993734,0.7486955718243925,nominal,50.0,20.0,0.0,20,20,19,17,0.887249247993734,False,False,False,20,20.32470703125,-1,False,0.14000078505047814,0.040921060587570175,29.229165088478492,6.535840006340155,0.12447491495174012,29.229165088478492,1.02233883609,0.3876036386832103,37.91342214540387,8.477698917676898,0.1635738455777918,37.91342214540387,0.6961946344407599,0.325600510920431,46.768603895084574,10.457777752217053,0.19809645762954836,46.768603895084574,False,0.1470502973211055,0.14199515472612875,0.14464805659401586,2.7035189531999997,2.1696308127000004,2.7035189531999997,1.397742333858,1.1246867770632,1.4032061532606
9,PVDF,2,25,25,40.0,48.0,96.0,0.8723285829723304,0.7529861672489956,True,0.7427017587332055,0.5613713446009624,0.8723202424770018,acf,48.0,20.833333333333332,-0.16666666666666663,21,20,20,21,0.8723202424770018,False,False,True,24,20.751953125,-1,True,0.06366104170909602,0.010153095899359765,15.948680113899346,3.5662332886078025,0.0696332820113346,23.99637729520619,0.41636052800000006,0.11900748285784925,28.58279660406455,6.391307619373848,0.11830010610025118,36.8354828869457,0.26727720127999993,0.09566541931880874,35.79258494950698,8.003465303753348,0.15427425313447152,43.111353839509235,False,0.06129641061346978,0.0677086712513449,0.06458239815053043,0.75983888,0.86838664,0.87614016,0.42518444112,0.45061458832,0.4507851536
10,PVDF,3,5,5,200.0,195.0,195.0,0.5425090987683238,-0.285998666167712,False,0.6642689974574055,0.7462447261963441,0.762544440945199,nominal,200.0,5.0,0.0,5,4,4,5,0.7462447261963441,False,False,False,4,5.06591796875,-1,False,0.060259579519895065,0.009128567892522015,15.148741437049296,7.574370718524648,0.06667371730251591,15.148741437049296,0.5088205,0.08457678786562345,16.62212663711927,8.311063318559635,0.0729811477084049,16.62212663711927,0.31825397299999997,0.06837312750391536,21.483825279351773,10.741912639675887,0.0942085685223242,21.483825279351773,False,0.05428621162578711,0.06697685462167584,0.06096340286567238,0.581509,0.5968119999999999,0.6019129999999999,0.366412016,0.38741792999999997,0.387116973
11,PVDF,3,10,10,100.0,100.0,100.0,0.9920450381411565,-0.06611983600710032,False,0.7151503372521932,0.7689931294415716,0.7689931294415716,nominal,100.0,10.0,0.0,10,9,9,11,0.7689931294415716,False,False,False,9,9.94873046875,-1,False,0.10276013756571808,0.009681652652537313,9.421603436785606,3.1405344789285357,0.04034358795785792,9.421603436785606,0.8201202222222223,0.14010878035992053,17.083931911869893,5.694643970623298,0.07533866679215125,17.083931911869893,0.4800010086666667,0.0915095917397771,19.06445821727956,6.354819405759853,0.07743883082138235,19.06445821727956,False,0.09949325271548466,0.10658020572915967,0.10309990786795749,0.964081,1.050796,1.096705,0.519114552,0.6503715000000001,0.6510550260000001
12,PVDF,3,15,15,66.66666666666667,52.0,52.0,,,False,0.9223340618197036,0.544034717706095,0.9700984636553099,acf,52.0,19.23076923076923,0.28205128205128216,19,18,18,19,0.9700984636553099,False,False,True,14,19.073486328125,-1,True,0.11581112080043887,0.018816087256216835,16.247219719632945,3.8295064130600847,0.06847333697194986,17.245716071103022,0.883032111111111,0.1953063065928187,22.117690187627105,5.21318957195143,0.09469466135361321,21.544754335279105,0.6144351184444444,0.1839000367669324,29.929935846197917,7.054553532441625,0.12811582811486094,30.42549010799204,False,0.12368637788287867,0.10875592559013925,0.11646764333639503,1.270138,1.076301,1.270138,0.973344412,0.7820579360000001,0.9720691739999999
13,PVDF,3,20,20,50.0,148.0,148.0,0.43152948464130036,-0.6035041015000654,False,0.36396500840674556,0.8290110633881992,0.660521864345856,nominal,50.0,20.0,0.0,20,19,19,16,0.8290110633881992,False,False,False,19,20.294189453125,-1,False,0.19549335490152445,0.04916982209349058,25.151659051663835,5.770186319399616,0.10355829110882969,25.151659051663835,1.3225518563157894,0.5079445102828443,38.40639653236863,8.811031645797147,0.15354570897028877,38.40639653236863,0.8338188175652631,0.3208563252076141,38.48034110629803,8.827995694490905,0.15357677882866708,38.48034110629803,False,0.18609892749003915,0.20939563510922,0.19816971960190574,2.08169885,3.1225502,3.1225502,1.16907354954,1.6701306899,1.66451229518
14,PVDF,3,25,25,40.0,65.0,65.0,0.3043664784012733,-0.21882573794554902,False,0.4538500569151709,0.691882405131674,0.7889129583591153,acf,65.0,15.384615384615385,-0.3846153846153846,15,15,15,11,0.7889129583591153,False,False,True,24,15.31982421875,-1,True,0.05038400508937464,0.022250345970507967,44.161526919185484,11.402457220073062,0.1868269553040061,54.7760681744163,0.37611046666666675,0.18747532427261945,49.84581416575469,12.870133876141177,0.21249988426495778,57.54179491425534,0.272533958,0.17740878251120565,65.09602833097432,16.807722242007316,0.276993936156736,72.68228957160038,False,0.055255115657607344,0.053515780563503285,0.054410883145570466,0.703932,0.7804460000000001,0.785547,0.5590952060000001,0.643546342,0.642128274
15,PVDF+BaTiO3,1,5,5,200.0,180.0,180.0,0.5236838660925203,-0.25010764249734535,False,0.4832479097668022,0.610896862795269,0.6628844856236623,acf,180.0,5.555555555555555,0.11111111111111116,6,5,5,5,0.6628844856236623,False,False,True,4,16.510009765625,-1,True,0.05075404009851532,0.011142515262641681,21.953947392195143,9.818103748680516,0.09838912558151858,18.95341829760892,0.5162165999999999,0.11241763630009304,21.777222255172163,9.739069864737244,0.09163584192789995,22.042886849725864,0.342360646,0.07727558642093892,22.571398705953758,10.094236370752677,0.09595319096833928,23.35392189734823,False,0.05522277551882299,0.04681991672386661,0.051198809900038535,0.663124,0.571307,0.6631239999999999,0.445078678,0.402873014,0.44437984599999997
16,PVDF+BaTiO3,1,10,10,100.0,103.0,103.0,0.30822709186845304,-0.25066491648973593,False,0.47676364315491015,0.677275246630015,0.7600879747911323,acf,103.0,9.70873786407767,-0.029126213592232997,10,9,9,10,0.7600879747911323,False,False,False,9,29.35791015625,-1,True,0.07336817795511714,0.01341186600069521,18.2802222632541,6.0934074210847,0.0729548198308456,18.22395035998495,0.5707402222222222,0.139169337018592,24.38400722428939,8.128002408096464,0.10670630521581903,24.38400722428939,0.34378174222222224,0.1070716017930182,31.145226358125377,10.381742119375126,0.13432123396835627,31.145226358125377,False,0.08014706743377042,0.06894886164048297,0.07477487482962646,0.8161529999999999,0.6376200000000001,0.816153,0.500914216,0.366371256,0.502505736
17,PVDF+BaTiO3,1,15,15,66.66666666666667,65.0,65.0,0.017930508906226533,-0.55755409976951,False,0.7666710078075561,0.8310111089145459,0.9784393949848226,acf,65.0,15.384615384615385,0.025641025641025772,15,15,15,16,0.9784393949848226,False,False,False,14,15.472412109375,-1,False,0.1109026830462072,0.02431227928394093,21.922174122524435,5.660281019279755,0.09838392006886315,21.953677340665596,0.8215938666666667,0.2631424723656279,32.02829074579604,8.269669111063815,0.14464596591704518,32.49528905441984,0.5102665784666666,0.188534333823584,36.94820350376918,9.53998512282537,0.16825175414742452,38.18483037457084,False,0.11965119153769788,0.10813312308523924,0.11404227815252285,1.249734,1.1477140000000001,1.249734,0.826181556,0.74151515,0.827206853
18,PVDF+BaTiO3,1,20,20,50.0,50.0,50.0,,,False,0.6095091890206527,0.947093189925577,0.947093189925577,nominal,50.0,20.0,0.0,20,19,19,18,0.947093189925577,False,False,False,19,19.83642578125,-1,False,0.14905446069157727,0.046160641855761984,30.968977138683123,7.104770617491638,0.12612780657638606,30.968977138683123,1.0706638421052632,0.4890208121126979,45.67454254839956,10.478458697943282,0.18077122193513337,45.67454254839956,0.6704092460526315,0.3513569590253153,52.40932476604469,12.02352370286275,0.2140045895046865,52.40932476604469,False,0.15216576444881424,0.15573111224688507,0.15396210578545416,2.310733,2.142401,2.310733,1.4809807720000001,1.366729578,1.479965675
19,PVDF+BaTiO3,1,25,25,40.0,42.0,42.0,,,False,0.5568660734433932,0.6334341874179373,0.8610694518427174,acf,42.0,23.80952380952381,-0.04761904761904767,24,24,22,24,0.8610694518427174,False,False,False,24,23.712158203125,-1,False,0.05818853269590518,0.01253929899215776,21.549433215112106,4.398759635267353,0.09161696868061936,23.35640010742114,0.40913920833333334,0.11849698402471985,28.962509974888093,5.911947592395323,0.12511284247837412,31.953228014678338,0.24825925000000001,0.06776546073920985,27.296248071002328,5.571823305532109,0.13174871363309676,27.856465402507588,False,0.05769666624515835,0.060895964865186225,0.05931999506358712,0.647821,0.744739,0.744739,0.33364320199999997,0.410096002,0.4105959
20,PVDF+BaTiO3,2,5,5,200.0,179.0,179.0,0.4725066073214569,-0.1857930713004921,False,0.7801222801073019,0.7963672931983089,0.871011648813864,acf,179.0,5.58659217877095,0.11731843575418988,6,5,4,5,0.871011648813864,False,False,True,5,16.754150390625,-1,True,0.06456145727567061,0.009968848427923513,15.440866499276158,6.905365424776139,0.066774492152457,14.542062628233984,0.7675909200000001,0.18541548020392476,24.155507233452518,10.802671240997544,0.12118423245199549,24.155507233452518,0.60585900732,0.20438911478862803,33.735425622000314,15.086940988136163,0.18295713642821465,33.735425622000314,False,0.06564045951661185,0.05951517822083167,0.06265781094812338,0.9365346,1.0375344,1.0375344,0.7549388064,0.756536418,0.7557376122
21,PVDF+BaTiO3,2,10,10,100.0,90.0,90.0,0.20062636585456323,-0.1937232884271477,False,0.7765309859758678,0.8037011808076358,0.989889858284986,acf,90.0,11.11111111111111,0.11111111111111116,11,10,10,12,0.989889858284986,False,False,True,9,11.016845703125,-1,True,0.05745497162850175,0.023064761178288918,40.144065038311076,12.694668005899759,0.16452793594349568,36.99775920881674,0.582304572,0.28910646936646134,49.648668972920476,15.700287675016137,0.20582758373282914,46.337217536084665,0.39775212,0.2665083636047028,67.00363120747234,21.18840861175506,0.26743612341469625,64.71380978153248,False,0.08395120662890865,0.049004599258804966,0.06877412380526063,1.20647772,0.87042708,1.20647772,0.86827860576,0.6635192544,0.8705703700800002
22,PVDF+BaTiO3,2,15,15,66.66666666666667,67.0,67.0,0.8761712247757107,-0.6959501460205721,False,0.5093876666911936,0.8793408588235864,0.8485996785544253,nominal,66.66666666666667,14.999999999999998,0.0,15,15,14,15,0.8793408588235864,False,False,False,15,15.533447265625,-1,False,0.11384787566743121,0.03231820556314224,28.38718366388245,7.329539305063198,0.13022691016604057,28.38718366388245,0.8887539465029332,0.3130975010853328,35.228816965292594,9.096041427544503,0.1682999458446539,35.228816965292594,0.6089032621662501,0.2960236414997284,48.61587380014798,12.552564639286306,0.2268222342766934,48.61587380014798,False,0.12599337126565655,0.10754251673724326,0.11713961371317501,1.498724602184,1.2471903888479998,1.6559327150319998,1.151963097999952,0.745924729166912,1.1533150766754319
23,PVDF+BaTiO3,2,20,20,50.0,152.0,152.0,0.8632988245724585,-0.6613202290811088,False,0.5876131483131329,0.7786434288791109,0.6650257274306499,nominal,50.0,20.0,0.0,20,20,19,18,0.7786434288791109,False,False,False,20,19.622802734375,-1,False,0.15052489473463304,0.04490099416468494,29.829613396403882,6.670104329689747,0.13670078631144905,29.829613396403882,0.9905338692500001,0.336604582330179,33.982137590615146,7.598636967336638,0.15745782283273788,33.982137590615146,0.6289311553624001,0.25211192749452366,40.085774944517226,8.963451770669836,0.17613275038743462,40.085774944517226,False,0.17218215150107027,0.13892155308200993,0.1564763730463234,1.62402193,1.6359633709999999,1.7195534580000003,1.1103536983120001,1.033665703344,1.1138047443280001
24,PVDF+BaTiO3,2,25,25,40.0,41.0,41.0,,,False,0.714199766580987,0.6196352694952459,0.8809650995981938,acf,41.0,24.390243902439025,-0.024390243902439046,24,24,23,25,0.8809650995981938,False,False,False,24,24.261474609375,-1,False,0.06355582849694479,0.015600672435232547,24.546407157578777,5.010514379555734,0.10527146258199263,24.20248809309163,0.41976604166666664,0.14024082660179493,33.409283429639416,6.819641422886479,0.1406121929000882,33.34351876305613,0.27611466325,0.10405298849440563,37.684702170342135,7.692357618841003,0.15584533115576985,37.684702170342135,False,0.06304723838215187,0.06675603119886635,0.06493091158272947,0.724336,0.877365,0.877365,0.49580304599999997,0.499700228,0.500302137
25,PVDF+BaTiO3,3,5,5,200.0,188.0,188.0,0.33896375512256693,-0.2789512525928773,False,0.6935078592783163,0.6312201085937811,0.688857124037388,acf,188.0,5.319148936170213,0.06382978723404253,5,5,5,5,0.688857124037388,False,False,False,4,16.021728515625,-1,True,0.0691374619214156,0.004342383483721452,6.280796782296085,2.8088577116151985,0.027553823994346405,9.66725855894355,0.6748495339701708,0.09745662833528092,14.441238147108008,6.458318035239323,0.06466613647365162,9.039088342408578,0.38547415783862987,0.0691102277284583,17.92862798273231,8.017926182538872,0.08239142221485087,10.622722585553111,False,0.06952048185499234,0.0690059180896436,0.06926367781436776,0.889574795704511,0.636505468768673,0.8895747957045113,0.4695109475057669,0.3740509879976757,0.4695109384854026
26,PVDF+BaTiO3,3,10,10,100.0,101.0,101.0,0.29615169201517866,-0.1842113712718335,False,0.5148939817590106,0.7564689634246052,0.7731339587517269,nominal,100.0,10.0,0.0,10,9,9,10,0.7564689634246052,False,False,False,9,29.541015625,-1,True,0.0986132051186499,0.022877137257892758,23.198857830822288,7.732952610274096,0.09659525107324964,23.198857830822288,0.8637450383006882,0.28602451550731545,33.11446119216307,11.038153730721024,0.1439225948543416,33.11446119216307,0.5831736705767051,0.28691893241671773,49.19956899511278,16.39985633170426,0.20742023728470868,49.19956899511278,False,0.11005717434186289,0.09177275801083949,0.10133133054775115,1.563425144199984,1.11828540609599,1.563425144199988,1.153851610999644,0.750553475793556,1.1530590316270004
27,PVDF+BaTiO3,3,15,15,66.66666666666667,128.0,128.0,0.3042955843415452,0.2194811447790817,False,0.7703050509939977,0.6741835331148974,0.8358458549671917,acf,128.0,7.8125,-0.47916666666666663,8,7,7,7,0.8358458549671917,False,False,True,15,15.655517578125,-1,False,0.14092482305325918,0.028405169971778707,20.156257326676684,7.618349178315728,0.08141004071305828,39.97147117469586,1.3361511013261527,0.32025082737082006,23.968159518258503,9.05911278131967,0.1003680434954387,43.333682877373064,0.8182045431252786,0.31943168829756086,39.04056644288901,14.755947121568266,0.15239932196007708,53.79459189142788,False,0.1536037403279148,0.12228181461689895,0.13889884652540044,1.826282484835352,1.3209540373409459,1.9681310180257374,1.312796078203377,0.6744313507430862,1.3172022048156284
28,PVDF+BaTiO3,3,20,20,50.0,83.0,83.0,0.2906048377904049,-0.7960862078745459,False,0.42469044723126437,0.6670142787238468,0.6711138189850043,nominal,50.0,20.0,0.0,20,19,19,11,0.6670142787238468,False,False,False,19,10.8642578125,-1,True,0.21617201924269236,0.1140957731303047,52.78008390263102,12.108581682271916,0.26362116221621074,52.78008390263102,1.5366753649782137,0.9359726077877336,60.9089355578368,13.973468150275883,0.28118709494929506,60.9089355578368,1.0489243573222844,0.6854490348901354,65.34780416768696,14.991814449959655,0.3020312603458267,65.34780416768696,False,0.21968410841455163,0.2545246910306217,0.23779048252794935,3.71193037034833,4.30288602618329,4.9492404937977765,1.9890768361042956,2.950708359959397,2.955436008826438
29,PVDF+BaTiO3,3,25,25,40.0,43.0,43.0,,,False,0.8388284666936033,0.5528140882810463,0.8968582873960865,acf,43.0,23.25581395348837,-0.06976744186046513,23,23,22,23,0.8968582873960865,False,False,False,24,23.284912109375,-1,False,0.0853179843487982,0.01123946287085353,13.17361510195107,2.746888633996759,0.05554151289047389,13.294105532545126,0.4617969332797565,0.0807636538061953,17.488997432832385,3.64670805215273,0.0748313979142011,17.181452020512324,0.26609648576187916,0.056202497724693844,21.121097320686747,4.404053232065449,0.09225267334768651,19.924590986786242,False,0.08482042315601332,0.08606792401401801,0.08545289382525174,0.6087547653200001,0.6783273879764,0.6783273879764,0.3428041156798956,0.3738914689311806,0.37284208869228813
30,PVDF+BaTiO3+%1CNT,1,5,5,200.0,198.0,198.0,0.14780514490016444,-0.10985734771176091,False,0.7854544019112278,0.8726731006447872,0.8778834873645268,nominal,200.0,5.0,0.0,5,4,4,6,0.8726731006447872,False,False,False,4,5.06591796875,-1,False,0.010006447694721626,0.001041552940660427,10.408818118440207,5.2044090592201036,0.044727407707304434,10.408818118440207,0.14027575,0.013495536481246925,9.620719533666314,4.810359766833157,0.04285192877227486,9.620719533666314,0.07600135050000001,0.006921339454089385,9.106863770913368,4.553431885456684,0.03993954321064381,9.106863770913368,False,0.010095782967853458,0.009414028973972623,0.009760861316943245,0.153028,0.147927,0.16323,0.0800949,0.083145302,0.083140201
31,PVDF+BaTiO3+%1CNT,1,10,10,100.0,98.0,98.0,0.9448264085305774,-0.0802471318682235,False,0.4636850444817669,0.596072186303186,0.6639103229339585,acf,98.0,10.204081632653061,0.020408163265306145,10,10,10,10,0.6639103229339585,False,False,False,9,10.31494140625,-1,False,0.014449647318019402,0.002172346969079771,15.033909972119185,4.754139764981511,0.06987544589227439,14.639696027735907,0.11120110000000001,0.019653082186602014,17.673460232499508,5.588838847110744,0.07713713320058854,18.335278482352138,0.0641893658,0.01535858863709059,23.926998570050664,7.566381305295197,0.10594649999761296,25.445238984801232,False,0.014777987949771783,0.014228885602910581,0.014508188418088559,0.13772600000000002,0.153029,0.153029,0.07840138,0.094204278,0.093954329
32,PVDF+BaTiO3+%1CNT,1,15,15,66.66666666666667,67.0,67.0,0.3226108779294924,-0.48859285344515074,False,0.6191018008696839,0.8683900810339003,0.8862959429553868,nominal,66.66666666666667,14.999999999999998,0.0,15,14,14,13,0.8683900810339003,False,False,False,14,14.70947265625,-1,False,0.035890820631825214,0.010687435595606332,29.777629509339047,7.958406243874009,0.11253105434677982,29.777629509339047,0.2528614285714285,0.1106895649780636,43.77479222648461,11.699305334908617,0.16611892476467055,43.77479222648461,0.15157114285714288,0.09334840180307101,61.5871860853175,16.459867839053537,0.21074171889169022,61.5871860853175,False,0.04139116886876132,0.031082025224413612,0.03661213381504203,0.540701,0.321361,0.561105,0.393191322,0.166138554,0.394078884
33,PVDF+BaTiO3+%1CNT,1,20,20,50.0,52.0,52.0,,,False,0.5628177046367628,0.7026693669974509,0.9378354811313364,acf,52.0,19.23076923076923,-0.038461538461538436,19,19,18,16,0.9378354811313364,False,False,False,20,19.256591796875,-1,False,0.04921321156058346,0.015494224692976753,31.483872321363812,7.222895673692746,0.12830411824737578,31.604312452851396,0.32082315789473687,0.13094555101231248,40.8154922081018,9.363716098209869,0.17446225552593006,39.85685289790392,0.2113875966842105,0.11983840234488748,56.69131217945237,13.005878987734178,0.23349423120055215,54.970715339741986,False,0.05304774788340976,0.050384314542433695,0.05173321710386965,0.7498400000000001,0.515197,0.7498400000000001,0.526101986,0.357638348,0.526035667
34,PVDF+BaTiO3+%1CNT,1,25,25,40.0,38.0,38.0,,,False,0.5066167349416643,0.5645460929815235,0.7842459593650416,acf,38.0,26.31578947368421,0.05263157894736836,26,26,25,24,0.7842459593650416,False,False,False,24,26.458740234375,-1,False,0.03263041419010117,0.007113310015226338,21.799631392310815,4.275259456097028,0.09994768045999758,20.12706354970555,0.19736765384615385,0.051492087477547306,26.089425736237857,5.11655734336564,0.11951297649409585,25.625842096996628,0.1375946363846154,0.049681742968077855,36.107325309689784,7.081229089913495,0.16894413598509037,34.808917622793125,False,0.034885322519619906,0.03160624267194973,0.033288813695527796,0.311158,0.275451,0.31625899999999996,0.23650081,0.194856232,0.236082521
35,PVDF+BaTiO3+%1CNT,2,5,5,200.0,194.0,194.0,0.6133664052236014,0.30592774146239327,False,0.3964493921033143,0.7055429998808439,0.7107769481601537,nominal,200.0,5.0,0.0,5,4,4,4,0.7055429998808439,False,False,False,4,20.44677734375,-1,True,0.061016358585170634,0.01012225571310563,16.58941298336629,8.294706491683145,0.0681481391566931,16.58941298336629,0.7356953299875001,0.2071398510362117,28.15565664114398,14.07782832057199,0.11173364289033118,28.15565664114398,0.53458453414248,0.19904306310089515,37.23322512877734,18.61661256438867,0.16153455954351872,37.23322512877734,False,0.058958306149969275,0.06519414287097458,0.06215695226201519,0.70102913301,1.0553955411300002,1.05539554113,0.53321365306458,0.8017302213103801,0.8022848834824801
36,PVDF+BaTiO3+%1CNT,2,10,10,100.0,187.0,187.0,0.29016376788477927,0.7513670310798651,False,0.6592544287742156,0.7573074087513567,0.7364207748610868,nominal,100.0,10.0,0.0,10,9,9,11,0.7573074087513567,False,False,False,9,10.650634765625,-1,False,0.07861645782163967,0.028861648750476022,36.71196788839763,12.237322629465876,0.1754596714638022,36.71196788839763,0.6667741671358912,0.21316404544824347,31.96945172064529,10.656483906881764,0.16608775197147663,31.96945172064529,0.4526917220215676,0.17825509927426145,39.37670838738439,13.125569462461462,0.2073718144796901,39.37670838738439,False,0.08687305831123743,0.08148439440453129,0.08430580345539967,0.97709112126955,0.96080613622721,1.2702176595233299,0.7320689060043641,0.5306251638570966,0.7358307008352988
37,PVDF+BaTiO3+%1CNT,2,15,15,66.66666666666667,66.0,66.0,0.302996749640124,-0.7282954773959199,False,0.6839822951512161,0.8005415222428813,0.8740028739942861,acf,66.0,15.151515151515152,0.010101010101010166,15,14,14,16,0.8740028739942861,False,False,False,14,15.411376953125,-1,False,0.13379073415872844,0.02849101630177867,21.295208880442434,5.691383972171534,0.09221249666885392,21.512046830868588,0.9542573924318789,0.3167201139361936,33.190218535174004,8.87045902505537,0.13538363483639818,33.190218535174004,0.5772902596143464,0.21174795680619346,36.679634426475474,9.803044649713552,0.15542186461933313,36.679634426475474,False,0.14162547639269377,0.1386562148679029,0.14015088192737288,1.9196610002578889,1.4514526419452132,1.9196610002578889,0.9734711057405389,0.8509893375856026,0.9742514662627703
38,PVDF+BaTiO3+%1CNT,2,20,20,50.0,51.0,51.0,,,False,0.4687532927524074,0.8566367751502191,0.8266204602829622,nominal,50.0,20.0,0.0,20,19,19,20,0.8566367751502191,False,False,False,19,19.83642578125,-1,False,0.18347098615585997,0.04891269401598013,26.659634332824936,6.116139575185857,0.1188210779531062,26.659634332824936,1.199009505550676,0.4489112229371481,37.4401721470068,8.58936456934573,0.16789958160435745,37.4401721470068,0.7304368630906434,0.33201517307772765,45.454328752371076,10.427938188318986,0.18968694374701894,45.454328752371076,False,0.17838007963761773,0.19346089237145914,0.18613447552206322,2.54291511600835,2.20666684874669,2.6900273379201796,1.6266244891395611,1.1528050970794002,1.6313950376962256
39,PVDF+BaTiO3+%1CNT,2,25,25,40.0,83.0,166.0,0.6530891707815191,0.5992922187334263,True,0.484534614323562,0.5820536668395944,0.5265734919453856,nominal,40.0,25.0,0.0,25,24,24,16,0.5820536668395944,True,False,False,24,24.10888671875,-1,False,0.05807207236871257,0.02329037834594034,40.10598794901708,8.186600508775257,0.1543685125118847,40.10598794901708,0.3472541001672855,0.18777628985997008,54.07460697210231,11.037932926933028,0.21505428583302608,54.07460697210231,0.25015319334175506,0.16564131282647396,66.21594976010464,13.51627414550188,0.2574861866068775,66.21594976010464,True,0.06355668711135534,0.06032547853312841,0.06196232957271379,0.9109051717139909,0.917703031173901,1.026467449880139,0.5988589336851975,0.7147203283288001,0.7145707700900724
40,PVDF+BaTiO3+%1CNT,3,5,5,200.0,49.0,49.0,,,False,0.6245268416798951,0.5962968806151311,0.798127804823093,acf,49.0,20.408163265306122,3.0816326530612246,20,20,19,18,0.798127804823093,False,False,True,4,20.263671875,-1,True,0.06402063347214182,0.01687399660378169,26.35712220986427,5.893631695252598,0.10590666939510449,6.8516217045741294,0.424602549372375,0.1444760110855509,34.02617607904325,7.608484272711797,0.13562084459408763,23.85826440492626,0.27247887747238486,0.13615184561553967,49.96785324372102,11.173151654269356,0.18062689742636298,37.455664444911534,False,0.0666951823387117,0.06441313377363042,0.06556874834127399,0.7817788585587,0.9381338639652,0.9576784791114001,0.5304956995338949,0.7079588854667647,0.7071771027766798
41,PVDF+BaTiO3+%1CNT,3,10,10,100.0,98.0,98.0,0.5311426509620205,-0.0673412823584307,False,0.5294257877195301,0.677383136046282,0.6841654784550253,nominal,100.0,10.0,0.0,10,9,9,9,0.677383136046282,False,False,False,9,20.56884765625,-1,True,0.12768223547826005,0.026122950569072285,20.459346181732645,6.819782060577548,0.08785291563651197,20.459346181732645,1.020347969233499,0.2295304690463161,22.495312968451625,7.498437656150543,0.09187896115433856,22.495312968451625,0.5907240294063075,0.18418233043262425,31.17908215410369,10.393027384701229,0.11864270527909362,31.17908215410369,False,0.11506808808830361,0.13782888795412443,0.1269725677875253,1.0595856543272,1.51369803114299,1.51369803114299,0.5346416185213041,0.97542359273977,0.9772400026807279
42,PVDF+BaTiO3+%1CNT,3,15,15,66.66666666666667,61.0,61.0,0.5113359310077706,0.152680416649331,False,0.5976124826969965,0.5738039453049837,0.7027655331139471,acf,61.0,16.39344262295082,0.09289617486338808,16,15,15,16,0.7027655331139471,False,False,False,14,16.29638671875,-1,False,0.16907117917040768,0.029115513711506034,17.220861565152013,4.446407336611809,0.07350934323483893,15.34308412059183,1.0999544961251513,0.33152269472983464,30.139673586289376,7.782030257321755,0.12777348376043282,24.993501956189228,0.6357197098773991,0.27048991994992083,42.54861313047629,10.98600467057046,0.14728354332279536,39.97004683441277,False,0.1604899811244688,0.17920253212462386,0.17011573761311774,1.71551586259592,2.1191713086544,2.1191713086544,1.032843520592131,1.4324624319731787,1.4344806993118948
43,PVDF+BaTiO3+%1CNT,3,20,20,50.0,64.0,64.0,0.2595728724684999,-0.6732071394107436,False,0.4276997692920663,0.6646369350806979,0.9089302639960564,acf,64.0,15.625,-0.21875,16,15,15,13,0.9089302639960564,False,False,True,19,15.411376953125,-1,True,0.26620398458861244,0.08363926173949554,31.419237344906907,8.112412199157506,0.12262191763579154,45.37306610966656,2.0883166679779386,0.7744802679578318,37.08634230783306,9.575652408665665,0.14019102142124912,50.07361087881287,1.3220925586898067,0.5804202881844895,43.90163792765659,11.33535417100279,0.1642037793395705,56.05189447465193,False,0.23626319063520973,0.3055229561993997,0.27313629962814373,3.20490246305589,4.65344458546124,4.6534445854612345,1.8799912433588792,3.0299169943486146,3.0253178457773857
44,PVDF+BaTiO3+%1CNT,3,25,25,40.0,41.0,82.0,0.7326485067365186,0.809139898189047,True,0.5851280584005097,0.6726271581798954,0.684841752248051,nominal,40.0,25.0,0.0,25,25,25,22,0.6726271581798954,False,False,False,25,24.5361328125,-1,False,0.08394790429198666,0.017098548341163356,20.368046689636678,4.073609337927335,0.08807485826766734,20.368046689636678,0.49996663579684664,0.13193687267247967,26.38913543944762,5.277827087889524,0.11364103084228522,26.38913543944762,0.29361647104791716,0.09957731173496535,33.914075521572045,6.78281510431441,0.13556988907266931,33.914075521572045,False,0.08711755626381805,0.08406154311441465,0.08560325096733562,0.864397875471288,0.8125335962440949,0.864397875471288,0.5256929450891972,0.5081974287881338,0.525589233476531
45,PVDF+BaTiO3+%2CNT,1,5,5,200.0,197.0,197.0,0.23725615746991371,-0.3151704843603848,False,0.4189943300211745,0.8067555665545668,0.8176922531825885,nominal,200.0,5.0,0.0,5,5,4,5,0.8067555665545668,False,False,False,5,5.126953125,-1,False,0.03779255428098492,0.0035637809739309054,9.429849455092267,4.217156879835131,0.043165422089549765,9.429849455092267,0.32952139999999996,0.06656684491772161,20.20106885856931,9.034192637183013,0.0993112448823251,20.20106885856931,0.23487850500000002,0.06868301719712086,29.241933908392706,13.07739040254444,0.1528263209209827,29.241933908392706,False,0.03870074596581162,0.036375497333967874,0.037556732705441444,0.37237,0.382571,0.392773,0.267739346,0.287713864,0.287928105
46,PVDF+BaTiO3+%2CNT,1,10,10,100.0,94.0,94.0,0.44797345059502003,-0.156911060596746,False,0.6815937669506243,0.5899512689762492,0.8533685286264043,acf,94.0,10.638297872340425,0.06382978723404253,11,10,10,11,0.8533685286264043,False,False,False,9,10.6201171875,-1,False,0.04206472327476867,0.005500682005152819,13.076710309543977,4.135218888036444,0.056401831653523554,14.108899499684703,0.2831026,0.04970332804238454,17.556648382029884,5.551899696592443,0.07283687014012533,12.290666784443887,0.21301073,0.046515471940228904,21.83714967796641,6.905513058838629,0.08855055618755449,14.905304377570763,False,0.04343691146176998,0.043757057107201854,0.04360056804280307,0.392773,0.331562,0.39277300000000004,0.318625934,0.256343726,0.31809033000000003
47,PVDF+BaTiO3+%2CNT,1,15,15,66.66666666666667,69.0,69.0,0.6024875922846377,0.06873423474812267,False,0.8233572543783808,0.8097234596495811,0.9088340759281552,acf,69.0,14.492753623188406,-0.033816425120772875,14,14,14,12,0.9088340759281552,False,False,False,14,29.052734375,-1,True,0.0474721803243214,0.016259606283026824,34.250809994283216,9.153914015578609,0.12438036786441573,34.55165814152299,0.35524514285714287,0.15767461729965734,44.3847355748546,11.862319551690206,0.1603495403108466,44.3847355748546,0.2594959911428571,0.16225589582726663,62.52732271996522,16.711129923596854,0.2229163495483327,62.52732271996522,False,0.05693721797097217,0.04006399040306769,0.04924463602686128,0.805951,0.413177,0.816153,0.689281998,0.28879527,0.690526634
48,PVDF+BaTiO3+%2CNT,1,20,20,50.0,50.0,50.0,,,False,0.7083022621208673,0.9065868131546844,0.9065868131546844,nominal,50.0,20.0,0.0,20,20,19,20,0.9065868131546844,False,False,False,20,19.989013671875,-1,False,0.05993917575744173,0.016155467467675825,26.953102480175577,6.026896935019077,0.10710464005221394,26.953102480175577,0.3826194499999999,0.12911837475150872,33.745899418210115,7.545812506098843,0.13788911327274175,33.745899418210115,0.281726794,0.12768141884165612,45.32100657832926,10.134085151785936,0.19178344085044807,45.32100657832926,False,0.06450699412267079,0.059269047765848605,0.061947249263179266,0.679384,0.663124,0.6835279999999999,0.5283221539999999,0.533845334,0.533155744
49,PVDF+BaTiO3+%2CNT,1,25,25,40.0,41.0,41.0,,,False,0.6843087914852798,0.8463687362775072,0.7651048902842431,nominal,40.0,25.0,0.0,25,24,24,25,0.8463687362775072,False,False,False,24,24.7802734375,-1,False,0.05496345587926709,0.010847397700318208,19.735654403073998,4.0285235856202855,0.08380685526027014,19.735654403073998,0.29330483333333335,0.06706720438074987,22.866041319042882,4.667511139087656,0.09234321023442872,22.866041319042882,0.19147885100000003,0.06214235589901397,32.453900561067165,6.624624711469938,0.1255738960555839,32.453900561067165,False,0.05867603758719035,0.05147923726487112,0.05520203246912867,0.545802,0.387673,0.5458019999999999,0.393497432,0.257527152,0.394374792
50,PVDF+BaTiO3+%2CNT,2,5,5,200.0,196.0,196.0,0.14953940996979842,-0.14287075130223564,False,0.7358145011823717,0.8770407623695726,0.8781234278908493,nominal,200.0,5.0,0.0,5,5,4,5,0.8770407623695726,False,False,False,5,5.096435546875,-1,False,0.0643308703263958,0.009707348559403464,15.089720549638532,6.7483281820934495,0.06418948675514077,15.089720549638532,0.6851074877993542,0.2654965129734614,38.75253412077971,17.33066011888869,0.16683979666406948,38.75253412077971,0.5463117596746963,0.2676290700197219,48.9883414149977,21.908252301780617,0.2137059123127515,48.9883414149977,False,0.07506185089485179,0.052174898855583754,0.06464104772693736,1.033834338682062,0.563207152977933,1.0338343386820625,0.8884035006489762,0.42641738514827016,0.8888664110728276
51,PVDF+BaTiO3+%2CNT,2,10,10,100.0,94.0,94.0,0.8528693958104815,-0.13688140547177358,False,0.6089434010079546,0.5532486240489849,0.7808199542728749,acf,94.0,10.638297872340425,0.06382978723404253,11,10,10,11,0.7808199542728749,False,False,False,9,10.498046875,-1,False,0.10078284578603747,0.01835495891084135,18.212384029926117,5.759261515624271,0.07794820351025826,16.574101282269456,0.769247839934855,0.19184827757325731,24.93972262431108,7.886632770565483,0.10677483885488837,25.873155998429375,0.5184409010166201,0.16342863280762315,31.523097905113776,9.968478828464193,0.136718176660531,32.98132966204819,False,0.09604867376471564,0.11544431569717377,0.1061907400375857,0.8947644312459501,1.3297180434583462,1.3297180434583424,0.598895810362356,1.0096408419448688,1.0093177469814805
52,PVDF+BaTiO3+%2CNT,2,15,15,66.66666666666667,69.0,69.0,0.6024875922846381,0.06873423474812236,False,0.8233572543783808,0.8097234596495809,0.9088340759281557,acf,69.0,14.492753623188406,-0.033816425120772875,14,14,14,12,0.9088340759281557,False,False,False,14,29.052734375,47,True,0.14068914769323884,0.04818717265898772,34.25080999428321,9.153914015578609,0.12438036786441577,34.551658141522985,1.0528089510379728,0.46728646902660437,44.384735574854574,11.862319551690195,0.16034954031084653,44.384735574854574,0.7690455667779084,0.4808636034028079,62.527322719965156,16.71112992359684,0.22291634954833262,62.527322719965156,False,0.16873985171176653,0.11873414333383614,0.14594201959443942,2.3885264695630832,1.224496527846813,2.4187612444346116,2.0427647551976835,0.8558772762607378,2.0464533740231103
53,PVDF+BaTiO3+%2CNT,2,20,20,50.0,50.0,50.0,,,False,0.7472340626135943,0.8738324231356032,0.8738324231356032,nominal,50.0,20.0,0.0,20,19,19,19,0.8738324231356032,False,False,False,19,19.95849609375,-1,False,0.3107400926320088,0.09259502762860454,29.798223603627285,6.836181336065248,0.11855231960057544,29.798223603627285,2.0118944120951987,0.8017409331436476,39.85005019764978,9.142228510872547,0.15555493494787703,39.85005019764978,1.5231646713309503,0.771454752189472,50.6481516220679,11.619482873564191,0.18558330168269813,50.6481516220679,False,0.29433413458510044,0.35239867735769453,0.3247159319617053,3.668020802953802,4.4540267282496355,4.454026728249638,3.0511648690233155,3.6163017579135586,3.621934801234235
54,PVDF+BaTiO3+%2CNT,2,25,25,40.0,41.0,41.0,,,False,0.6843087914852796,0.8463687362775071,0.7651048902842432,nominal,40.0,25.0,0.0,25,24,24,25,0.8463687362775071,False,False,False,24,24.7802734375,49,False,0.0957666566205388,0.018900176384008115,19.735654403073987,4.028523585620284,0.08380685526027015,19.735654403073987,0.5110454357287448,0.11685586049281756,22.86604131904289,4.667511139087658,0.09234321023442876,22.86604131904289,0.3336269359425299,0.10827495403572399,32.453900561067194,6.624624711469944,0.12557389605558397,32.453900561067194,False,0.10223534626005792,0.08969585990119326,0.09618234522660388,0.950988832136374,0.675469663945541,0.9509888321363735,0.6856179774100171,0.44870749012258354,0.6871466628339677
55,PVDF+BaTiO3+%2CNT,3,5,5,200.0,197.0,197.0,0.29232096957874404,-0.23177834830342123,False,0.4931169551565215,0.7639385265237565,0.766562365859012,nominal,200.0,5.0,0.0,5,4,4,5,0.7639385265237565,False,False,False,4,5.06591796875,-1,False,0.10056608729619858,0.009141851566927619,9.090392012569811,4.545196006284906,0.03812375654570899,9.090392012569811,0.8370433714608665,0.11246376906781333,13.435835334498105,6.717917667249052,0.05729618175588246,13.435835334498105,0.5551144843448027,0.11490456949098832,20.699256231191534,10.349628115595767,0.08683565878573342,20.699256231191534,False,0.0929777428418036,0.10894284938721872,0.10129747255604984,0.766249600759447,0.999454723153518,0.9994547231535181,0.4738763290038843,0.7113124786785471,0.7091969650382516
56,PVDF+BaTiO3+%2CNT,3,10,10,100.0,94.0,94.0,0.7993812909732428,-0.06511275437273921,False,0.625404717469886,0.6137197072886575,0.8120066819667937,acf,94.0,10.638297872340425,0.06382978723404253,11,10,9,11,0.8120066819667937,False,False,False,9,10.68115234375,-1,False,0.16692093555272733,0.013930924119415935,8.345821974509247,2.6391806385732943,0.03669579454180522,9.792454486172876,1.2981652346367798,0.18740871339342532,14.436429846764565,4.56519995970116,0.06092708644027613,15.401988509567397,0.804838452747032,0.19593533921724526,24.344679177354053,7.698463510651304,0.10485220636729049,25.672175208021503,False,0.16161501793615754,0.16705150553073891,0.16435945135408164,1.398781994536835,1.6687194254097781,1.7423400367918576,0.7739934188584371,1.1153428523937226,1.11644715675359
57,PVDF+BaTiO3+%2CNT,3,15,15,66.66666666666667,94.0,94.0,0.46938441110029183,-0.04042901014131352,False,0.4400155622526328,0.5892720694936991,0.7790833682696431,acf,94.0,10.638297872340425,-0.2907801418439716,11,10,10,10,0.7790833682696431,False,False,True,14,10.711669921875,-1,True,0.2288937987303939,0.06265898706825027,27.374698404151232,8.656639721729443,0.10648227689724193,32.67266986935179,1.779768646948228,0.6717743449598506,37.74503759866447,11.936028918047217,0.15473775473043103,40.0015652921412,1.2240395576133634,0.6242649087838482,51.00038678496977,16.127738379005653,0.20820947538285675,54.7816153702886,False,0.21876133202760487,0.24733807397381077,0.23351523325410375,2.468293808439145,3.299715767063068,3.3516802761721824,1.7524879622031089,2.6286515363510548,2.632262983143599
58,PVDF+BaTiO3+%2CNT,3,20,20,50.0,174.0,174.0,0.051376148690856625,0.0035362382078223125,False,0.858826644510862,0.562814336065505,0.9489408632983006,acf,174.0,5.747126436781609,-0.7126436781609196,6,6,5,6,0.9489408632983006,False,False,True,19,5.79833984375,-1,True,0.427423708907247,0.07301649960855652,17.082931547066206,6.974077600200974,0.07166813325431834,77.69255145901016,5.536473177030256,1.7270064315098244,31.193259251662884,12.734594763487452,0.14051774677370268,94.8037341252904,3.2525789680189336,0.8496377419106508,26.121971219292007,10.664250093822195,0.11128421756767909,90.67774729626913,False,0.4113271322491028,0.4550682737275821,0.4337970382398568,5.9538779184573905,8.41102520941707,8.41102520941707,3.3909679581629377,4.559440063814713,4.56586646613916
59,PVDF+BaTiO3+%2CNT,3,25,25,40.0,41.0,41.0,,,False,0.5866023078493516,0.8072997041936644,0.7382988921468222,nominal,40.0,25.0,0.0,25,24,24,23,0.8072997041936644,False,False,False,24,24.7802734375,-1,False,0.13568115457845364,0.02648723798763528,19.52167791461401,3.9848458178136603,0.08552702473113301,19.52167791461401,0.7964759314891531,0.23700451440824113,29.756644869998663,6.074049699058617,0.13236827652200525,29.756644869998663,0.5648874254727966,0.2263671564816693,40.07296786473972,8.179860312296656,0.18862556701003177,40.07296786473972,False,0.13657276805764187,0.1384399175649975,0.137571433960762,1.262597555729179,1.235444691173826,1.33047971711756,1.00035795783821,0.897068583499738,0.9962307836408405
60,PVDF+BaTiO3+%3CNT,1,5,5,200.0,171.0,171.0,0.7625411022704638,-0.3541827703665758,False,0.8109719524531533,0.5713943375131614,0.8599077345026008,acf,171.0,5.847953216374269,0.16959064327485374,6,5,5,6,0.8599077345026008,False,False,True,4,17.486572265625,-1,True,0.027101096067224828,0.002586075604001414,9.542328463714531,4.2674590216993655,0.04357056755044296,14.850006146374277,0.29483519999999996,0.054152073526320295,18.36689565096715,8.21392544224156,0.08047196452103166,26.486418532932632,0.17761828600000001,0.03533064688019284,19.891334206542698,8.895675089799262,0.0840544639132372,36.34890608094983,False,0.028418318530934867,0.02716845749031321,0.027809194807435544,0.40297499999999997,0.357067,0.40297499999999997,0.232419982,0.218514638,0.23311881
61,PVDF+BaTiO3+%3CNT,1,10,10,100.0,96.0,96.0,0.25386809729978227,-0.3038920407282703,False,0.7622362968451235,0.8350784052214828,0.8568233433055609,nominal,100.0,10.0,0.0,10,9,9,11,0.8350784052214828,False,False,False,9,20.81298828125,-1,True,0.032388977517358544,0.005203672950951856,16.066184701764666,5.355394900588222,0.07175752337357988,16.066184701764666,0.31285855555555564,0.09874645112624444,31.56265007709198,10.52088335903066,0.14008963788470866,31.56265007709198,0.19999834066666666,0.056515434944654594,28.257951919135053,9.41931730637835,0.11903526089022426,28.257951919135053,False,0.03406990951397077,0.033442260922293576,0.03376385751429354,0.438682,0.48969100000000004,0.504994,0.238479938,0.30348610600000003,0.30413902200000004
62,PVDF+BaTiO3+%3CNT,1,15,15,66.66666666666667,62.0,62.0,0.012991630454956835,-0.5748139118472607,False,0.7782961126999344,0.6563894167788267,0.9813031672280766,acf,62.0,16.129032258064516,0.07526881720430123,16,16,15,17,0.9813031672280766,False,False,False,14,16.2353515625,-1,False,0.06310953484167581,0.011444440305686655,18.134249181835294,4.5335622954588235,0.07718795440938521,14.91838331005519,0.48044624999999996,0.12802231804311828,26.646543300758054,6.661635825189514,0.11907182057445784,25.07004340730331,0.30866512375000005,0.10517911444724092,34.07547738773027,8.518869346932567,0.1439647681948184,33.23079787014724,False,0.060558364583329326,0.06863369779256749,0.06472638287800421,0.7141329999999999,0.928374,0.928374,0.42013474199999995,0.576775254,0.577519998
63,PVDF+BaTiO3+%3CNT,1,20,20,50.0,53.0,53.0,,,False,0.7573391434542759,0.6254410991110997,0.960772181066668,acf,53.0,18.867924528301888,-0.05660377358490565,19,18,18,19,0.960772181066668,False,False,False,19,19.134521484375,-1,False,0.0963610649469031,0.020967306240005795,21.75910597455436,5.128670462388036,0.09053188694130175,23.39409958585989,0.7203681111111111,0.2038923961282718,28.303917536519467,6.67129734140592,0.11510335298611031,29.832650509179164,0.4632483462222223,0.17123114292044292,36.96314176118021,8.712296064430063,0.14714729190690848,38.6465537019396,False,0.09523130703251696,0.10249943796626743,0.09895912208822974,1.152816,1.305844,1.341551,0.697117022,0.881230536,0.883541279
64,PVDF+BaTiO3+%3CNT,1,25,25,40.0,40.0,40.0,,,False,0.7998065287364101,0.7353073043375108,0.7353073043375108,nominal,40.0,25.0,0.0,25,24,24,24,0.7353073043375108,False,False,False,24,24.71923828125,-1,False,0.03207852171336402,0.00676544446824936,21.09026260219109,4.305031826389228,0.09027905779098702,21.09026260219109,0.18346515416666664,0.06575270499629311,35.83934251436155,7.315675156418474,0.15882488223092014,35.83934251436155,0.13200407523333332,0.06762515244666521,51.229594485722885,10.457197184976655,0.23698029172584156,51.229594485722885,False,0.032491750374892,0.032118423779560465,0.032306508405576646,0.2785133,0.29177590000000003,0.29177590000000003,0.2232215388,0.23033029500000002,0.23009156690000002
65,PVDF+BaTiO3+%3CNT,2,5,5,200.0,178.0,178.0,0.7010798275834599,-0.2946898680971879,False,0.7445005715646863,0.6022475265221042,0.7417271430462679,acf,178.0,5.617977528089888,0.12359550561797761,6,5,5,5,0.7417271430462679,False,False,True,4,27.923583984375,-1,True,0.07302668245437247,0.0073070328615067424,10.005976741545425,4.474808835075483,0.04476848392839875,13.215532786300464,0.7242786853425404,0.16978850107354762,23.44242685993829,10.483772003277792,0.10930013387840233,26.974002798076768,0.42409672743556853,0.12884674206102742,30.381451618393505,13.586998214769773,0.13052405879900617,34.08444533905078,False,0.07812371713769081,0.06818600541277656,0.07333766405647854,1.0133942737716348,0.685531506421436,1.0133942737716346,0.6201968047225935,0.3754033156179055,0.6216423885079015
66,PVDF+BaTiO3+%3CNT,2,10,10,100.0,94.0,94.0,0.04527493680216298,-0.40951635846009354,False,0.641002183047345,0.722159860942003,0.9660675562238791,acf,94.0,10.638297872340425,0.06382978723404253,11,10,10,10,0.9660675562238791,False,False,False,10,10.650634765625,-1,False,0.08494699816653006,0.017819338911482477,20.977008365321456,6.633512493082126,0.08818878305461204,20.6492779624258,0.8320471737549461,0.26140283296949113,31.416828422096092,9.934873467253746,0.13810938991804192,31.416828422096092,0.5266001405346797,0.15569613313177438,29.566291602901856,9.349682342988046,0.153796849870519,29.566291602901856,False,0.0909809002986619,0.07703286098606238,0.08429763716173058,1.413442663742798,1.1967165004596358,1.4134426637427984,0.7257549768197226,0.7058177067447471,0.725208455434742
67,PVDF+BaTiO3+%3CNT,2,15,15,66.66666666666667,58.5,117.0,0.7716678191864207,0.7379831402715883,True,0.7337674772244602,0.6037207685489832,0.9357033160250972,acf,58.5,17.094017094017094,0.13960113960113962,17,16,16,16,0.9357033160250972,False,False,True,15,17.08984375,-1,True,0.14018942953217184,0.036738966337984486,26.206659418321777,6.551664854580444,0.10054126417638641,25.20628733556613,0.9813410134053426,0.39839132632897933,40.59662450533125,10.149156126332812,0.1573531508042031,39.46512559128836,0.6102804767716539,0.32477628903417055,53.217545275611165,13.304386318902791,0.18907299797738,51.66760688450372,False,0.14886586479294872,0.1386859956340936,0.14387655045817369,1.9554236319285159,2.032862957782966,2.5556002313520843,0.9925036039600081,1.5665815830343965,1.5648391052132387
68,PVDF+BaTiO3+%3CNT,2,20,20,50.0,62.0,62.0,0.030845691527690084,-0.7301813534500343,False,0.6700606018922686,0.6168599676335745,0.9560679547165211,acf,62.0,16.129032258064516,-0.19354838709677424,16,16,15,16,0.9560679547165211,False,False,True,19,15.869140625,-1,True,0.2668300041209885,0.05749478568535456,21.54734654926016,5.38683663731504,0.08828365899190783,32.17485401812202,2.042503645771637,0.6324674998698456,30.96530579904575,7.741326449761438,0.12777706826074012,40.13401421805787,1.3063605343133609,0.5499977527276286,42.101528504664614,10.525382126166154,0.16788697640533218,51.67811835712958,False,0.28105681596996074,0.26107266021809955,0.2713050081144946,4.49903139479573,3.174157511004464,4.499031394795727,2.5595898744212318,2.2449311284781865,2.5540695873143746
69,PVDF+BaTiO3+%3CNT,2,25,25,40.0,57.0,57.0,,,False,0.7576201028021939,0.6057723603155285,0.897021539950226,acf,57.0,17.54385964912281,-0.29824561403508776,18,17,16,18,0.897021539950226,False,False,True,24,17.88330078125,-1,True,0.09159164339522209,0.019026351768258176,20.773021492974646,5.038197751691784,0.09038139688145692,36.0795147041386,0.6746965241484135,0.18958660325054258,28.09953756466056,6.815138906476867,0.12326243027076587,46.47974452831917,0.41840253381477543,0.1501238034596639,35.8802328683131,8.702234705165496,0.1625352956370631,49.76161834800172,False,0.09845595775982467,0.0886856206763351,0.09371781676772084,1.100780549991948,1.0328306399591178,1.1007805499919479,0.6743567960684056,0.6102392289912676,0.6762729675462515
70,PVDF+BaTiO3+%3CNT,3,5,5,200.0,94.0,94.0,0.24215412027238614,-0.21036588728537142,False,0.8599997713495766,0.5274380034260688,0.8388278908386966,acf,94.0,10.638297872340425,1.127659574468085,11,10,10,11,0.8388278908386966,False,False,True,4,10.650634765625,-1,True,0.08621712917331034,0.009195632307789197,10.665667479259827,3.372780200044774,0.04654113330003578,5.129318121155483,0.7846623110330999,0.1421815268039524,18.120091255148186,5.730075977636751,0.08129096601175198,12.01157062447808,0.44679671578787283,0.061033670206867244,13.660277269326306,4.319758964049648,0.059796239352084196,5.65551417910871,False,0.08506320466152077,0.08919649533591195,0.08715895279312774,0.952260774937358,1.028442234316854,1.028442234316854,0.5094216926848252,0.5457221506118487,0.5466172864932111
71,PVDF+BaTiO3+%3CNT,3,10,10,100.0,65.0,65.0,0.13835234341912395,-0.28966432699222106,False,0.7898678792000026,0.5607337800822487,0.9117859827568798,acf,65.0,15.384615384615385,0.5384615384615385,15,15,15,15,0.9117859827568798,False,False,True,9,15.472412109375,-1,True,0.13433755810247938,0.02180176764093859,16.229093299661674,4.190333871575737,0.07318236380048956,11.10634302258502,0.9863342449772493,0.2292674955438555,23.24440185579725,6.001678752003701,0.10145340418090618,18.10367773595022,0.6587650301769491,0.1927687174224599,29.26213575281627,7.5554509630078694,0.13193731348933482,20.792231525538387,False,0.1408376388884712,0.12848861824301586,0.13480771178358023,1.341307596747006,1.442922714104816,1.442922714104816,0.9342414844829869,0.9360705645636782,0.9351560245233326
72,PVDF+BaTiO3+%3CNT,3,15,15,66.66666666666667,61.0,61.0,0.02651197194971376,-0.6681139062147009,False,0.6512334786026859,0.5952986418405207,0.973714040400268,acf,61.0,16.39344262295082,0.09289617486338808,16,16,15,14,0.973714040400268,False,False,False,14,16.387939453125,-1,False,0.1746587270912089,0.05410756939673059,30.979024236490034,7.744756059122508,0.1219133594238424,29.875654437682396,1.3194395991243977,0.5077365725505123,38.48122891623496,9.62030722905874,0.1637852533482164,36.73782957705872,0.8404344004642452,0.3987914231026702,47.45063063605951,11.862657659014877,0.18477815933590422,47.25782602646826,False,0.19022004898884226,0.16952419120459863,0.1801699290495756,3.12131205971445,2.193354085109239,3.1213120597144517,1.9430604072748008,1.2478491041736832,1.9434400298290089
73,PVDF+BaTiO3+%3CNT,3,20,20,50.0,174.0,174.0,0.1442528639824208,0.03853304837731604,False,0.6993002973694982,0.7398113073119887,0.9620994208805651,acf,174.0,5.747126436781609,-0.7126436781609196,6,5,5,6,0.9620994208805651,False,False,True,20,5.79833984375,5,True,0.33929449534427897,0.04323379502224781,12.742262434401972,5.698512998092953,0.054919347508074354,89.24988353016536,4.961622173050385,0.3447733077841115,6.9488021408963165,3.107598789848047,0.030764016135257373,106.30043769679502,3.2733828846941826,0.6816375285407268,20.823641857723256,9.31261574659584,0.09487380292694507,111.14933048665343,False,0.3428802168147947,0.3121286530201891,0.3279096638054766,6.492977504874499,6.15868590017028,6.492977504874499,3.9225219282328028,3.66004221847348,3.917120256506231
74,PVDF+BaTiO3+%3CNT,3,25,25,40.0,51.0,51.0,,,False,0.6417933794891584,0.6589569797512367,0.9164629659228948,acf,51.0,19.607843137254903,-0.21568627450980393,20,20,18,18,0.9164629659228948,False,False,True,24,19.500732421875,-1,True,0.11423877198077244,0.04130623868024035,36.15781049116373,8.085132217579716,0.13720050019207602,36.19719615559905,0.7473839325789365,0.3076020153469896,41.15716192687907,9.203021182946783,0.17310338849396817,49.32400615931872,0.49295370624424917,0.26135814765481685,53.01880163272753,11.855364453635561,0.204933369897492,60.47368477284306,False,0.10283705795122523,0.1315141238415024,0.11806648579826695,1.2109255699998291,1.724359044810063,1.724359044810059,0.8280600979136361,1.2406274052850101,1.2426230104116622
