generator,design,cv_pct,axis,model,pooled_r2_median,pooled_r2_p25,pooled_r2_p75,p_law_beats_gp,median_delta_law_minus_gp,real_grid_value,n_rep
law,one,0,composition,gp,0.8768857432574129,0.8331537260893366,0.9070793220152263,0.8333333333333334,0.05477456850317497,0.7117454655603047,30
law,one,0,composition,lawgp,0.9200597612413408,0.8990246398473352,0.957978451939945,0.8333333333333334,0.05477456850317497,0.11255244093519012,30
law,one,0,composition,product,0.8988812039836249,0.8698843206455926,0.9214624820862687,0.8333333333333334,0.05477456850317497,0.7963444201579053,30
law,one,0,force,gp,0.8149831093078426,0.7318767231626742,0.8461906452797531,1.0,0.13222059522302915,0.519345899337734,30
law,one,0,force,lawgp,0.9477210500442974,0.9285791370904797,0.9657375442530229,1.0,0.13222059522302915,0.7283181101044708,30
law,one,0,force,product,0.7587319390912015,0.6741788817423268,0.7901165896083568,1.0,0.13222059522302915,0.34957648684335785,30
law,one,0,frequency,gp,0.397295606093432,0.2253031294823511,0.5177742203147717,1.0,0.5623982375465615,-1.0994419167157736,30
law,one,0,frequency,lawgp,0.9482297272991689,0.8969030580033163,0.9628933990589398,1.0,0.5623982375465615,-2.840648947104766,30
law,one,0,frequency,product,0.32093937367527103,0.19773430266195152,0.4723512953510968,1.0,0.5623982375465615,-0.6784400390225649,30
law,three,0,composition,gp,0.8768857432574129,0.8331537260893366,0.9070793220152263,0.8333333333333334,0.05477456850317497,0.7117454655603047,30
law,three,0,composition,lawgp,0.9200597612413408,0.8990246398473352,0.957978451939945,0.8333333333333334,0.05477456850317497,0.11255244093519012,30
law,three,0,force,gp,0.8149831093078426,0.7318767231626742,0.8461906452797531,1.0,0.13222059522302915,0.519345899337734,30
law,three,0,force,lawgp,0.9477210500442974,0.9285791370904797,0.9657375442530229,1.0,0.13222059522302915,0.7283181101044708,30
law,three,0,frequency,gp,0.397295606093432,0.2253031294823511,0.5177742203147717,1.0,0.5623982375465615,-1.0994419167157736,30
law,three,0,frequency,lawgp,0.9482297272991689,0.8969030580033163,0.9628933990589398,1.0,0.5623982375465615,-2.840648947104766,30
law,fifteen,0,composition,gp,0.8768857432574129,0.8331537260893366,0.9070793220152263,0.8333333333333334,0.05477456850317497,0.7117454655603047,30
law,fifteen,0,composition,lawgp,0.9200597612413408,0.8990246398473352,0.957978451939945,0.8333333333333334,0.05477456850317497,0.11255244093519012,30
law,fifteen,0,force,gp,0.8149831093078426,0.7318767231626742,0.8461906452797531,1.0,0.13222059522302915,0.519345899337734,30
law,fifteen,0,force,lawgp,0.9477210500442974,0.9285791370904797,0.9657375442530229,1.0,0.13222059522302915,0.7283181101044708,30
law,fifteen,0,frequency,gp,0.397295606093432,0.2253031294823511,0.5177742203147717,1.0,0.5623982375465615,-1.0994419167157736,30
law,fifteen,0,frequency,lawgp,0.9482297272991689,0.8969030580033163,0.9628933990589398,1.0,0.5623982375465615,-2.840648947104766,30
law,one,10,composition,gp,0.8491197517820075,0.7729976212319233,0.8998509845864211,0.7666666666666667,0.035942283351839355,0.7117454655603047,30
law,one,10,composition,lawgp,0.8755963872181488,0.7859818914801886,0.9352496632899026,0.7666666666666667,0.035942283351839355,0.11255244093519012,30
law,one,10,composition,product,0.8797082975384873,0.8258900795470533,0.9177843706375849,0.7666666666666667,0.035942283351839355,0.7963444201579053,30
law,one,10,force,gp,0.8112128153837604,0.7509810897739064,0.8593580109551624,1.0,0.12385505153383464,0.519345899337734,30
law,one,10,force,lawgp,0.9378728567843624,0.9255109868660771,0.9625811074313819,1.0,0.12385505153383464,0.7283181101044708,30
law,one,10,force,product,0.7600064940124402,0.7140210121793387,0.7986586829534588,1.0,0.12385505153383464,0.34957648684335785,30
law,one,10,frequency,gp,0.3814230986574605,0.1883847314859866,0.5364326027439182,1.0,0.5552122966070556,-1.0994419167157736,30
law,one,10,frequency,lawgp,0.9430297050031036,0.8990186735247374,0.9614879968595706,1.0,0.5552122966070556,-2.840648947104766,30
law,one,10,frequency,product,0.35386258137778565,0.20099025373094853,0.48181045906685593,1.0,0.5552122966070556,-0.6784400390225649,30
law,three,10,composition,gp,0.8312079808226334,0.7751715751299525,0.8862634005356513,0.8333333333333334,0.04285817641750406,0.7117454655603047,30
law,three,10,composition,lawgp,0.8987353741460766,0.8306072878651933,0.9304934367083196,0.8333333333333334,0.04285817641750406,0.11255244093519012,30
law,three,10,force,gp,0.7269266195078441,0.635789333292949,0.7967910062008708,1.0,0.19109376267048928,0.519345899337734,30
law,three,10,force,lawgp,0.9240724331174909,0.9043809473747868,0.945275390587412,1.0,0.19109376267048928,0.7283181101044708,30
law,three,10,frequency,gp,0.3270902726630775,0.213217857860244,0.48899371943374076,1.0,0.5761064351276137,-1.0994419167157736,30
law,three,10,frequency,lawgp,0.9107990215282655,0.8860041317207091,0.945401204909489,1.0,0.5761064351276137,-2.840648947104766,30
law,fifteen,10,composition,gp,0.8247769406467502,0.786978976059062,0.8757133674152751,0.8,0.05168727757697528,0.7117454655603047,30
law,fifteen,10,composition,lawgp,0.8911930896825626,0.8201311213805134,0.9223439263836432,0.8,0.05168727757697528,0.11255244093519012,30
law,fifteen,10,force,gp,0.696359975705387,0.6059233267993758,0.7618583901062885,1.0,0.19731402574922907,0.519345899337734,30
law,fifteen,10,force,lawgp,0.9156766348788533,0.8929856808211889,0.9328879079371654,1.0,0.19731402574922907,0.7283181101044708,30
law,fifteen,10,frequency,gp,0.4051365929067143,0.1715061709195105,0.5256306005362024,0.9666666666666667,0.5085204161055296,-1.0994419167157736,30
law,fifteen,10,frequency,lawgp,0.9039428016921799,0.8609379582343621,0.9276279597587623,0.9666666666666667,0.5085204161055296,-2.840648947104766,30
law,one,20,composition,gp,0.7635123042557145,0.6144552695642072,0.8629475103687569,0.5333333333333333,0.008990597147475021,0.7117454655603047,30
law,one,20,composition,lawgp,0.80909912789352,0.4213985514081279,0.8967727181134424,0.5333333333333333,0.008990597147475021,0.11255244093519012,30
law,one,20,composition,product,0.822390368420786,0.6343406605872884,0.8738509452508108,0.5333333333333333,0.008990597147475021,0.7963444201579053,30
law,one,20,force,gp,0.8388448079654882,0.8066586548662829,0.8761022305781725,1.0,0.09731197476515319,0.519345899337734,30
law,one,20,force,lawgp,0.9380646239079432,0.9241515770636228,0.9597257687683763,1.0,0.09731197476515319,0.7283181101044708,30
law,one,20,force,product,0.7674594619841018,0.6798724741130462,0.793291997061295,1.0,0.09731197476515319,0.34957648684335785,30
law,one,20,frequency,gp,0.39927300860861753,0.19189575735104739,0.5590650415783762,0.9666666666666667,0.56357100846353,-1.0994419167157736,30
law,one,20,frequency,lawgp,0.93397025589116,0.8897238756083354,0.9611273170586134,0.9666666666666667,0.56357100846353,-2.840648947104766,30
law,one,20,frequency,product,0.37125764007025525,0.21718694686832735,0.4831451020034488,0.9666666666666667,0.56357100846353,-0.6784400390225649,30
law,three,20,composition,gp,0.7980077998188353,0.715020692151652,0.8372315323111021,0.5666666666666667,0.011008147657420475,0.7117454655603047,30
law,three,20,composition,lawgp,0.8182851228783273,0.6618778352747974,0.8807027114427668,0.5666666666666667,0.011008147657420475,0.11255244093519012,30
law,three,20,force,gp,0.5047841294253265,0.40534164266097905,0.5704096545081334,1.0,0.3307497261446058,0.519345899337734,30
law,three,20,force,lawgp,0.8580604652255195,0.8405667424217538,0.8966665217867053,1.0,0.3307497261446058,0.7283181101044708,30
law,three,20,frequency,gp,0.35023350523685587,0.21843716729161214,0.4110353257405388,1.0,0.5373779873882396,-1.0994419167157736,30
law,three,20,frequency,lawgp,0.8566261491287464,0.8091395211790119,0.8866584215114371,1.0,0.5373779873882396,-2.840648947104766,30
law,fifteen,20,composition,gp,0.7468383796802164,0.677248370204307,0.7828943843115026,0.6,0.021112677342338848,0.7117454655603047,30
law,fifteen,20,composition,lawgp,0.7655388760085265,0.6244869045467331,0.8441259815507698,0.6,0.021112677342338848,0.11255244093519012,30
law,fifteen,20,force,gp,0.5089916441140645,0.3751526225598163,0.6082666949692997,1.0,0.34264584363118805,0.519345899337734,30
law,fifteen,20,force,lawgp,0.8260300200523153,0.782812329406997,0.8615523444251474,1.0,0.34264584363118805,0.7283181101044708,30
law,fifteen,20,frequency,gp,0.37039668934468967,0.07699064907823086,0.4986922381587273,0.9666666666666667,0.43613123276977006,-1.0994419167157736,30
law,fifteen,20,frequency,lawgp,0.8176403667835138,0.7310078618793314,0.8552213983477664,0.9666666666666667,0.43613123276977006,-2.840648947104766,30
law,one,30,composition,gp,0.7227238900565163,0.3715326378584709,0.8008753462069789,0.43333333333333335,-0.0511302293482262,0.7117454655603047,30
law,one,30,composition,lawgp,0.7367652659251269,0.11137560539358266,0.8258661185360737,0.43333333333333335,-0.0511302293482262,0.11255244093519012,30
law,one,30,composition,product,0.7276971814647657,0.43333793287428335,0.8380914527547154,0.43333333333333335,-0.0511302293482262,0.7963444201579053,30
law,one,30,force,gp,0.8367955460144189,0.8057933146179801,0.8877785546646064,1.0,0.09644998684653228,0.519345899337734,30
law,one,30,force,lawgp,0.9445356175980655,0.9199509447684757,0.9585654893157651,1.0,0.09644998684653228,0.7283181101044708,30
law,one,30,force,product,0.7693160106148849,0.6968592928375004,0.7982927029533733,1.0,0.09644998684653228,0.34957648684335785,30
law,one,30,frequency,gp,0.4127993372099285,0.2576179738095775,0.5758606134740185,0.9666666666666667,0.5418658918362838,-1.0994419167157736,30
law,one,30,frequency,lawgp,0.9325412642312542,0.8798192061233181,0.955633140714184,0.9666666666666667,0.5418658918362838,-2.840648947104766,30
law,one,30,frequency,product,0.3792046363086134,0.2434023545649553,0.5271422945059399,0.9666666666666667,0.5418658918362838,-0.6784400390225649,30
law,three,30,composition,gp,0.7023939860874697,0.6154203582699442,0.7432804058369085,0.36666666666666664,-0.0793502565201804,0.7117454655603047,30
law,three,30,composition,lawgp,0.675911753191936,0.3581051808363814,0.7797071737358355,0.36666666666666664,-0.0793502565201804,0.11255244093519012,30
law,three,30,force,gp,0.4323531510228835,0.22902382805125313,0.4848681168398155,1.0,0.387137036448796,0.519345899337734,30
law,three,30,force,lawgp,0.7884518650885985,0.7385216083687317,0.8399518639709926,1.0,0.387137036448796,0.7283181101044708,30
law,three,30,frequency,gp,0.24000284730453625,0.052880865049264175,0.37765091453350996,1.0,0.5447719157447575,-1.0994419167157736,30
law,three,30,frequency,lawgp,0.7887336161496745,0.7202526170609571,0.8044508263042952,1.0,0.5447719157447575,-2.840648947104766,30
law,fifteen,30,composition,gp,0.6258006367332595,0.5378555984633903,0.6725644507119968,0.4,-0.02998599232677407,0.7117454655603047,30
law,fifteen,30,composition,lawgp,0.5990964353072001,0.33941587594445044,0.7155189762517279,0.4,-0.02998599232677407,0.11255244093519012,30
law,fifteen,30,force,gp,0.3074876927445018,0.13176279099315102,0.41401734247169353,0.9666666666666667,0.4229624105091943,0.519345899337734,30
law,fifteen,30,force,lawgp,0.7268476556328419,0.6176685134560693,0.7609169157794996,0.9666666666666667,0.4229624105091943,0.7283181101044708,30
law,fifteen,30,frequency,gp,0.2831629760009844,0.07739177556168317,0.4517750733240016,0.9666666666666667,0.3732018131148067,-1.0994419167157736,30
law,fifteen,30,frequency,lawgp,0.6691877657736085,0.4558150100714112,0.783557004771532,0.9666666666666667,0.3732018131148067,-2.840648947104766,30
twomode,one,0,composition,gp,0.8585920091369805,0.8214239012421305,0.8884804665021111,0.8333333333333334,0.05603500429426034,0.7117454655603047,30
twomode,one,0,composition,lawgp,0.9037298706348618,0.8756956648138305,0.946068528783914,0.8333333333333334,0.05603500429426034,0.11255244093519012,30
twomode,one,0,composition,product,0.8688199785949476,0.8534885363015061,0.9098648255876087,0.8333333333333334,0.05603500429426034,0.7963444201579053,30
twomode,one,0,force,gp,0.7134433181182183,0.6437058452797255,0.8036347331486722,1.0,0.2037824458872472,0.519345899337734,30
twomode,one,0,force,lawgp,0.92252200293376,0.8980391467146084,0.9347064269828195,1.0,0.2037824458872472,0.7283181101044708,30
twomode,one,0,force,product,0.6981469106426286,0.607369885538429,0.7506957086831404,1.0,0.2037824458872472,0.34957648684335785,30
twomode,one,0,frequency,gp,-1.004469021968151,-1.27265394750691,-0.7202659927191903,0.03333333333333333,-1.7096996535256017,-1.0994419167157736,30
twomode,one,0,frequency,lawgp,-2.71520887056886,-3.1346467604776524,-2.134076109495136,0.03333333333333333,-1.7096996535256017,-2.840648947104766,30
twomode,one,0,frequency,product,-0.9125191526929698,-1.109408701668353,-0.7180500924739663,0.03333333333333333,-1.7096996535256017,-0.6784400390225649,30
twomode,three,0,composition,gp,0.8585920091369805,0.8214239012421305,0.8884804665021111,0.8333333333333334,0.05603500429426034,0.7117454655603047,30
twomode,three,0,composition,lawgp,0.9037298706348618,0.8756956648138305,0.946068528783914,0.8333333333333334,0.05603500429426034,0.11255244093519012,30
twomode,three,0,force,gp,0.7134433181182183,0.6437058452797255,0.8036347331486722,1.0,0.2037824458872472,0.519345899337734,30
twomode,three,0,force,lawgp,0.92252200293376,0.8980391467146084,0.9347064269828195,1.0,0.2037824458872472,0.7283181101044708,30
twomode,three,0,frequency,gp,-1.004469021968151,-1.27265394750691,-0.7202659927191903,0.03333333333333333,-1.7096996535256017,-1.0994419167157736,30
twomode,three,0,frequency,lawgp,-2.71520887056886,-3.1346467604776524,-2.134076109495136,0.03333333333333333,-1.7096996535256017,-2.840648947104766,30
twomode,fifteen,0,composition,gp,0.8585920091369805,0.8214239012421305,0.8884804665021111,0.8333333333333334,0.05603500429426034,0.7117454655603047,30
twomode,fifteen,0,composition,lawgp,0.9037298706348618,0.8756956648138305,0.946068528783914,0.8333333333333334,0.05603500429426034,0.11255244093519012,30
twomode,fifteen,0,force,gp,0.7134433181182183,0.6437058452797255,0.8036347331486722,1.0,0.2037824458872472,0.519345899337734,30
twomode,fifteen,0,force,lawgp,0.92252200293376,0.8980391467146084,0.9347064269828195,1.0,0.2037824458872472,0.7283181101044708,30
twomode,fifteen,0,frequency,gp,-1.004469021968151,-1.27265394750691,-0.7202659927191903,0.03333333333333333,-1.7096996535256017,-1.0994419167157736,30
twomode,fifteen,0,frequency,lawgp,-2.71520887056886,-3.1346467604776524,-2.134076109495136,0.03333333333333333,-1.7096996535256017,-2.840648947104766,30
twomode,one,10,composition,gp,0.8278773605525259,0.7508025148799359,0.8675350371372317,0.6666666666666666,0.025619333642184883,0.7117454655603047,30
twomode,one,10,composition,lawgp,0.8553198531871407,0.7505070024073097,0.9110179455591907,0.6666666666666666,0.025619333642184883,0.11255244093519012,30
twomode,one,10,composition,product,0.8718044624923621,0.7984388576210901,0.9130046064264243,0.6666666666666666,0.025619333642184883,0.7963444201579053,30
twomode,one,10,force,gp,0.7495265331493333,0.6431806970792358,0.8235441463030919,1.0,0.14956395674226175,0.519345899337734,30
twomode,one,10,force,lawgp,0.9175300843376168,0.8917321584161624,0.9323793103623392,1.0,0.14956395674226175,0.7283181101044708,30
twomode,one,10,force,product,0.7078777041249851,0.6617712602864865,0.7680572398792311,1.0,0.14956395674226175,0.34957648684335785,30
twomode,one,10,frequency,gp,-1.1995754877049154,-1.3757313761127061,-0.8592873918522527,0.03333333333333333,-1.3524069316133072,-1.0994419167157736,30
twomode,one,10,frequency,lawgp,-2.6872010686625836,-3.1846836269762706,-2.030353281392543,0.03333333333333333,-1.3524069316133072,-2.840648947104766,30
twomode,one,10,frequency,product,-0.9554395450282829,-1.1114697836246843,-0.7595045226489087,0.03333333333333333,-1.3524069316133072,-0.6784400390225649,30
twomode,three,10,composition,gp,0.8084764557114775,0.7779674189624108,0.8831161240206862,0.7666666666666667,0.03611174765863362,0.7117454655603047,30
twomode,three,10,composition,lawgp,0.8815735308845513,0.7381755295656971,0.9177828964736496,0.7666666666666667,0.03611174765863362,0.11255244093519012,30
twomode,three,10,force,gp,0.5386487364085076,0.4542122895454515,0.7349800984230791,1.0,0.3406233881511221,0.519345899337734,30
twomode,three,10,force,lawgp,0.8775443029397121,0.8559987516243233,0.9065142119110753,1.0,0.3406233881511221,0.7283181101044708,30
twomode,three,10,frequency,gp,-1.076486564791627,-1.259879574648294,-0.6565715558333862,0.0,-1.5454622231894704,-1.0994419167157736,30
twomode,three,10,frequency,lawgp,-2.6165847238239923,-3.2732672929896993,-2.0188724667460614,0.0,-1.5454622231894704,-2.840648947104766,30
twomode,fifteen,10,composition,gp,0.7789355882133995,0.7418264800277103,0.8611424359067013,0.7666666666666667,0.05371489187459527,0.7117454655603047,30
twomode,fifteen,10,composition,lawgp,0.8634756181526275,0.7815701191629054,0.8968498537592305,0.7666666666666667,0.05371489187459527,0.11255244093519012,30
twomode,fifteen,10,force,gp,0.5788029045466978,0.4747921352652633,0.6439100482477325,1.0,0.30923040490006015,0.519345899337734,30
twomode,fifteen,10,force,lawgp,0.8751680664916848,0.8417001269992959,0.89933978344165,1.0,0.30923040490006015,0.7283181101044708,30
twomode,fifteen,10,frequency,gp,-0.9419261478831727,-1.151710208101401,-0.6461378028501177,0.03333333333333333,-1.5079031224717476,-1.0994419167157736,30
twomode,fifteen,10,frequency,lawgp,-2.5555570765823097,-3.195339717684091,-2.010995415771866,0.03333333333333333,-1.5079031224717476,-2.840648947104766,30
twomode,one,20,composition,gp,0.763066636855833,0.5725479888239027,0.8134108978188822,0.4666666666666667,-0.005337769725784813,0.7117454655603047,30
twomode,one,20,composition,lawgp,0.7345280045878393,0.35572040493882084,0.8684570381046545,0.4666666666666667,-0.005337769725784813,0.11255244093519012,30
twomode,one,20,composition,product,0.7990357134320785,0.5965511250468167,0.8565200262909646,0.4666666666666667,-0.005337769725784813,0.7963444201579053,30
twomode,one,20,force,gp,0.8064842142933057,0.7469425302058832,0.8437707743982612,1.0,0.11190565368765953,0.519345899337734,30
twomode,one,20,force,lawgp,0.9171577787353753,0.8924413497334825,0.9281487920139327,1.0,0.11190565368765953,0.7283181101044708,30
twomode,one,20,force,product,0.7147167571085447,0.6726335405127369,0.7604371410565618,1.0,0.11190565368765953,0.34957648684335785,30
twomode,one,20,frequency,gp,-1.2084080494307918,-1.391381449312803,-0.76765480098358,0.03333333333333333,-1.3094620632340628,-1.0994419167157736,30
twomode,one,20,frequency,lawgp,-2.5714613130151944,-3.1882534838635554,-1.826086129824181,0.03333333333333333,-1.3094620632340628,-2.840648947104766,30
twomode,one,20,frequency,product,-0.9677415340715253,-1.0552759873717772,-0.682426247184765,0.03333333333333333,-1.3094620632340628,-0.6784400390225649,30
twomode,three,20,composition,gp,0.7492495230987805,0.6684365383478834,0.8107720780776488,0.5333333333333333,0.007732869991734059,0.7117454655603047,30
twomode,three,20,composition,lawgp,0.7658216358119319,0.5622775905378975,0.8608052619550118,0.5333333333333333,0.007732869991734059,0.11255244093519012,30
twomode,three,20,force,gp,0.35724518849330855,0.22728081021879998,0.48705825612631426,1.0,0.42197507245977134,0.519345899337734,30
twomode,three,20,force,lawgp,0.8000782196966084,0.7407930654307399,0.843588682859427,1.0,0.42197507245977134,0.7283181101044708,30
twomode,three,20,frequency,gp,-0.8714305969139655,-1.0538641138155496,-0.24922860633681004,0.0,-1.3660816393851256,-1.0994419167157736,30
twomode,three,20,frequency,lawgp,-2.4207174370328834,-3.2997255916018906,-1.5630043396187872,0.0,-1.3660816393851256,-2.840648947104766,30
twomode,fifteen,20,composition,gp,0.6841756921821543,0.6169752793607566,0.7487735698531633,0.5,0.003408172250486563,0.7117454655603047,30
twomode,fifteen,20,composition,lawgp,0.719884615893875,0.5519244883344783,0.7654137436811883,0.5,0.003408172250486563,0.11255244093519012,30
twomode,fifteen,20,force,gp,0.3664595259465864,0.2538184505905815,0.5068100451073188,1.0,0.3798341430618073,0.519345899337734,30
twomode,fifteen,20,force,lawgp,0.7639538951704431,0.7028451457851675,0.807846991269073,1.0,0.3798341430618073,0.7283181101044708,30
twomode,fifteen,20,frequency,gp,-0.6564809384526594,-0.909097864032649,-0.29635875158816827,0.03333333333333333,-1.4229826133116448,-1.0994419167157736,30
twomode,fifteen,20,frequency,lawgp,-2.1271309246249643,-2.827251884337113,-1.6853355247067723,0.03333333333333333,-1.4229826133116448,-2.840648947104766,30
twomode,one,30,composition,gp,0.6901233193275143,0.30167074132663496,0.7773560850610515,0.4,-0.0661976896689559,0.7117454655603047,30
twomode,one,30,composition,lawgp,0.6701329368349178,0.05593662041904146,0.7921962532325081,0.4,-0.0661976896689559,0.11255244093519012,30
twomode,one,30,composition,product,0.6873906855607993,0.4179271033722446,0.8111302125593159,0.4,-0.0661976896689559,0.7963444201579053,30
twomode,one,30,force,gp,0.8216431513912958,0.7263490600723543,0.865978520898752,1.0,0.09267924098061031,0.519345899337734,30
twomode,one,30,force,lawgp,0.9140397078831608,0.8942496237249372,0.9293841809871661,1.0,0.09267924098061031,0.7283181101044708,30
twomode,one,30,force,product,0.7286109124579854,0.6845378119946259,0.75380452890754,1.0,0.09267924098061031,0.34957648684335785,30
twomode,one,30,frequency,gp,-1.186549041427422,-1.4162351997857723,-0.7394884288905927,0.1,-1.206237506964366,-1.0994419167157736,30
twomode,one,30,frequency,lawgp,-2.3950072785152954,-3.0114593757653685,-1.5664631566570002,0.1,-1.206237506964366,-2.840648947104766,30
twomode,one,30,frequency,product,-0.7769570318043549,-1.04328352531599,-0.5261995140539248,0.1,-1.206237506964366,-0.6784400390225649,30
twomode,three,30,composition,gp,0.6592015072166466,0.49159088131468476,0.6967687509227808,0.3333333333333333,-0.0765598351418953,0.7117454655603047,30
twomode,three,30,composition,lawgp,0.5639395676396832,0.18161657939374912,0.7408803134177149,0.3333333333333333,-0.0765598351418953,0.11255244093519012,30
twomode,three,30,force,gp,0.14630842540362315,0.016715402830614207,0.2688407493577274,1.0,0.49694997636338545,0.519345899337734,30
twomode,three,30,force,lawgp,0.6952061468266937,0.6114965299243559,0.7851382923588756,1.0,0.49694997636338545,0.7283181101044708,30
twomode,three,30,frequency,gp,-0.453215225002492,-0.8311142952369078,-0.16453876091353642,0.06666666666666667,-1.8234265563889358,-1.0994419167157736,30
twomode,three,30,frequency,lawgp,-2.2178340025468164,-3.073422441592827,-1.459000262934032,0.06666666666666667,-1.8234265563889358,-2.840648947104766,30
twomode,fifteen,30,composition,gp,0.5635220892663838,0.48175445424913443,0.6224329330914479,0.43333333333333335,-0.03879366429463099,0.7117454655603047,30
twomode,fifteen,30,composition,lawgp,0.5077520689243346,0.23788247498336543,0.6084366487615371,0.43333333333333335,-0.03879366429463099,0.11255244093519012,30
twomode,fifteen,30,force,gp,0.11740094935774825,0.018062867147036726,0.2581031715666098,0.9666666666666667,0.44468926688309585,0.519345899337734,30
twomode,fifteen,30,force,lawgp,0.6340849618932771,0.5199385451169876,0.683560999257965,0.9666666666666667,0.44468926688309585,0.7283181101044708,30
twomode,fifteen,30,frequency,gp,-0.38845268908545305,-0.7386234904598756,-0.16575573112377595,0.1,-1.1050607798296057,-1.0994419167157736,30
twomode,fifteen,30,frequency,lawgp,-1.6519607193154702,-2.6823131158986664,-1.1338101843527533,0.1,-1.1050607798296057,-2.840648947104766,30
