generator,design,cv_pct,scheme,model,nominal_pct,coverage_mean,coverage_se,coverage_p2_5,coverage_p97_5,n_rep
law,one,0,within_rec,gp,95,0.9506666666666668,0.001709413498338361,0.9333333333333333,0.96,30
law,one,0,within_rep,gp,95,0.9484444444444445,0.004275724739963624,0.8933333333333333,0.977,30
law,one,0,within_new,gp,95,0.9453333333333335,0.004756121282639083,0.9029999999999999,0.9866666666666667,30
law,one,0,group_comp,gp,95,0.9146666666666667,0.00588002658528668,0.863,0.954,30
law,one,0,uns_comp_new,gp,95,0.9555555555555555,0.0064810253442852735,0.8827777777777778,1.0,30
law,one,0,group_force,gp,95,0.8293333333333333,0.009404219047194283,0.703,0.8933333333333333,30
law,one,0,uns_force_new,gp,95,0.9713333333333334,0.005224463528161349,0.9,1.0,30
law,one,0,uns_force_exist,gp,95,0.9766666666666667,0.003468522933612545,0.9345,1.0,30
law,one,0,group_freq,gp,95,0.7057777777777777,0.016583650208438584,0.5466666666666666,0.8776666666666666,30
law,one,0,uns_freq_new,gp,95,0.9427777777777778,0.006765707486012977,0.8741666666666666,1.0,30
law,one,0,uns_freq_exist,gp,95,0.9433333333333332,0.007521786152377274,0.8741666666666666,1.0,30
law,one,0,group_comp,lawgp,95,0.9297777777777777,0.006702839285800673,0.8496666666666667,0.977,30
law,one,0,uns_comp_new,lawgp,95,0.9577777777777778,0.005673086289311754,0.905,1.0,30
law,one,0,group_force,lawgp,95,0.8911111111111112,0.006737806892445108,0.8133333333333334,0.9333333333333333,30
law,one,0,uns_force_new,lawgp,95,0.9706666666666667,0.003922623252375463,0.94,1.0,30
law,one,0,uns_force_exist,lawgp,95,0.9706666666666667,0.0034218141767980922,0.9345,1.0,30
law,one,0,group_freq,lawgp,95,0.9297777777777778,0.006454345677010819,0.84,0.9733333333333334,30
law,one,0,uns_freq_new,lawgp,95,0.9461111111111111,0.006812735675951242,0.8954166666666666,1.0,30
law,one,0,uns_freq_exist,lawgp,95,0.9472222222222221,0.0061423790810074385,0.8833333333333333,1.0,30
law,three,0,within_rec,gp,95,0.9506666666666668,0.001709413498338361,0.9333333333333333,0.96,30
law,three,0,within_rep,gp,95,0.9484444444444445,0.004275724739963624,0.8933333333333333,0.977,30
law,three,0,within_new,gp,95,0.9453333333333335,0.004756121282639083,0.9029999999999999,0.9866666666666667,30
law,three,0,group_comp,gp,95,0.9146666666666667,0.00588002658528668,0.863,0.954,30
law,three,0,uns_comp_new,gp,95,0.9555555555555555,0.0064810253442852735,0.8827777777777778,1.0,30
law,three,0,group_force,gp,95,0.8293333333333333,0.009404219047194283,0.703,0.8933333333333333,30
law,three,0,uns_force_new,gp,95,0.9713333333333334,0.005224463528161349,0.9,1.0,30
law,three,0,uns_force_exist,gp,95,0.9766666666666667,0.003468522933612545,0.9345,1.0,30
law,three,0,group_freq,gp,95,0.7057777777777777,0.016583650208438584,0.5466666666666666,0.8776666666666666,30
law,three,0,uns_freq_new,gp,95,0.9427777777777778,0.006765707486012977,0.8741666666666666,1.0,30
law,three,0,uns_freq_exist,gp,95,0.9433333333333332,0.007521786152377274,0.8741666666666666,1.0,30
law,fifteen,0,within_rec,gp,95,0.9506666666666668,0.001709413498338361,0.9333333333333333,0.96,30
law,fifteen,0,within_rep,gp,95,0.9484444444444445,0.004275724739963624,0.8933333333333333,0.977,30
law,fifteen,0,within_new,gp,95,0.9453333333333335,0.004756121282639083,0.9029999999999999,0.9866666666666667,30
law,fifteen,0,group_comp,gp,95,0.9146666666666667,0.00588002658528668,0.863,0.954,30
law,fifteen,0,uns_comp_new,gp,95,0.9555555555555555,0.0064810253442852735,0.8827777777777778,1.0,30
law,fifteen,0,group_force,gp,95,0.8293333333333333,0.009404219047194283,0.703,0.8933333333333333,30
law,fifteen,0,uns_force_new,gp,95,0.9713333333333334,0.005224463528161349,0.9,1.0,30
law,fifteen,0,uns_force_exist,gp,95,0.9766666666666667,0.003468522933612545,0.9345,1.0,30
law,fifteen,0,group_freq,gp,95,0.7057777777777777,0.016583650208438584,0.5466666666666666,0.8776666666666666,30
law,fifteen,0,uns_freq_new,gp,95,0.9427777777777778,0.006765707486012977,0.8741666666666666,1.0,30
law,fifteen,0,uns_freq_exist,gp,95,0.9433333333333332,0.007521786152377274,0.8741666666666666,1.0,30
law,one,10,within_rec,gp,95,0.948,0.0023357950888975654,0.92,0.96,30
law,one,10,within_rep,gp,95,0.9448888888888889,0.005452062853376991,0.8896666666666666,1.0,30
law,one,10,within_new,gp,95,0.9071111111111112,0.009934309568286696,0.7926666666666667,0.9733333333333334,30
law,one,10,group_comp,gp,95,0.8884444444444444,0.01341710592397083,0.7173333333333334,0.9673333333333333,30
law,one,10,uns_comp_new,gp,95,0.9192592592592593,0.01244751528127385,0.7716666666666667,1.0,30
law,one,10,group_force,gp,95,0.863111111111111,0.009840273975426276,0.7416666666666667,0.9273333333333333,30
law,one,10,uns_force_new,gp,95,0.9466666666666668,0.00916431526790201,0.84,1.0,30
law,one,10,uns_force_exist,gp,95,0.9773333333333334,0.0032847027309410143,0.94,1.0,30
law,one,10,group_freq,gp,95,0.7191111111111111,0.014771943076531244,0.5733333333333334,0.8813333333333333,30
law,one,10,uns_freq_new,gp,95,0.9155555555555555,0.013153318645900584,0.7466666666666667,0.9833333333333333,30
law,one,10,uns_freq_exist,gp,95,0.9377777777777777,0.008678055195451837,0.83625,1.0,30
law,one,10,group_comp,lawgp,95,0.8848888888888891,0.0139692540817264,0.7016666666666667,0.977,30
law,one,10,uns_comp_new,lawgp,95,0.9237037037037037,0.01160747415750339,0.8038888888888889,1.0,30
law,one,10,group_force,lawgp,95,0.8995555555555556,0.007583899954972557,0.8133333333333334,0.9636666666666667,30
law,one,10,uns_force_new,lawgp,95,0.9326666666666666,0.01136574135850154,0.789,1.0,30
law,one,10,uns_force_exist,lawgp,95,0.9726666666666667,0.003773267535269704,0.92,1.0,30
law,one,10,group_freq,lawgp,95,0.9346666666666666,0.005694657037429591,0.8496666666666667,0.9733333333333334,30
law,one,10,uns_freq_new,lawgp,95,0.9166666666666666,0.011717186730554042,0.75,0.9833333333333333,30
law,one,10,uns_freq_exist,lawgp,95,0.9500000000000001,0.00663786883585329,0.87875,1.0,30
law,three,10,within_rec,gp,95,0.9542222222222224,0.0013834760424318755,0.943,0.96,30
law,three,10,within_rep,gp,95,0.9426666666666669,0.004958061665502679,0.886,0.9866666666666667,30
law,three,10,within_new,gp,95,0.9435555555555555,0.005181096727868863,0.8896666666666666,0.977,30
law,three,10,group_comp,gp,95,0.932888888888889,0.005770700056324152,0.8616666666666667,0.96,30
law,three,10,uns_comp_new,gp,95,0.9481481481481481,0.008479281058849465,0.8583333333333333,1.0,30
law,three,10,group_force,gp,95,0.8706666666666667,0.008412118000033513,0.7853333333333333,0.9503333333333333,30
law,three,10,uns_force_new,gp,95,0.9726666666666667,0.0060254886449118555,0.889,1.0,30
law,three,10,uns_force_exist,gp,95,0.9733333333333333,0.0057000369696992926,0.8945000000000001,1.0,30
law,three,10,group_freq,gp,95,0.7364444444444442,0.017209499688346588,0.5633333333333334,0.8789999999999999,30
law,three,10,uns_freq_new,gp,95,0.9455555555555555,0.007099607553655459,0.8666666666666667,1.0,30
law,three,10,uns_freq_exist,gp,95,0.9511111111111109,0.007407726685328608,0.8741666666666666,1.0,30
law,fifteen,10,within_rec,gp,95,0.9471111111111111,0.001861990128094713,0.9333333333333333,0.96,30
law,fifteen,10,within_rep,gp,95,0.9519999999999998,0.005017466299988453,0.9029999999999999,1.0,30
law,fifteen,10,within_new,gp,95,0.9537777777777777,0.0048574397739899544,0.8933333333333333,0.9866666666666667,30
law,fifteen,10,group_comp,gp,95,0.9315555555555556,0.004508352779565382,0.8896666666666666,0.977,30
law,fifteen,10,uns_comp_new,gp,95,0.9585185185185185,0.008303408737411248,0.8383333333333334,1.0,30
law,fifteen,10,group_force,gp,95,0.8715555555555556,0.010198206004222268,0.7416666666666667,0.9333333333333333,30
law,fifteen,10,uns_force_new,gp,95,0.9793333333333334,0.004339959566879119,0.92,1.0,30
law,fifteen,10,uns_force_exist,gp,95,0.9773333333333335,0.004768993082313822,0.909,1.0,30
law,fifteen,10,group_freq,gp,95,0.7524444444444444,0.01922836701111163,0.526,0.9213333333333332,30
law,fifteen,10,uns_freq_new,gp,95,0.9533333333333333,0.0057845524679227085,0.8833333333333333,1.0,30
law,fifteen,10,uns_freq_exist,gp,95,0.9588888888888886,0.005578496694674913,0.8954166666666666,1.0,30
law,one,20,within_rec,gp,95,0.9475555555555556,0.00220838604481778,0.92,0.96,30
law,one,20,within_rep,gp,95,0.948888888888889,0.0045241888086518176,0.9029999999999999,0.9903333333333333,30
law,one,20,within_new,gp,95,0.8573333333333333,0.015661163132134885,0.7076666666666667,0.977,30
law,one,20,group_comp,gp,95,0.8413333333333334,0.020866050937753153,0.5693333333333334,0.9503333333333333,30
law,one,20,uns_comp_new,gp,95,0.8666666666666668,0.018607703506116333,0.6261111111111112,0.9838888888888888,30
law,one,20,group_force,gp,95,0.8831111111111111,0.007582552624261963,0.8096666666666666,0.96,30
law,one,20,uns_force_new,gp,95,0.8873333333333332,0.01480861300585197,0.7345,1.0,30
law,one,20,uns_force_exist,gp,95,0.9806666666666667,0.0033880565525187356,0.949,1.0,30
law,one,20,group_freq,gp,95,0.7368888888888887,0.01603232154694882,0.606,0.9116666666666665,30
law,one,20,uns_freq_new,gp,95,0.8722222222222221,0.015168978673792114,0.7120833333333333,0.97125,30
law,one,20,uns_freq_exist,gp,95,0.9483333333333334,0.006606529530648892,0.8816666666666667,1.0,30
law,one,20,group_comp,lawgp,95,0.8173333333333332,0.021088150449950428,0.5973333333333334,0.9636666666666667,30
law,one,20,uns_comp_new,lawgp,95,0.8474074074074075,0.023554768374840263,0.5916666666666667,1.0,30
law,one,20,group_force,lawgp,95,0.9093333333333333,0.007272123509131031,0.8266666666666667,0.977,30
law,one,20,uns_force_new,lawgp,95,0.8713333333333335,0.01821161264822646,0.6635000000000001,0.9854999999999999,30
law,one,20,uns_force_exist,lawgp,95,0.9746666666666667,0.00317074752175939,0.94,1.0,30
law,one,20,group_freq,lawgp,95,0.9333333333333332,0.006230973593948238,0.84,0.9733333333333334,30
law,one,20,uns_freq_new,lawgp,95,0.8522222222222221,0.01770218603390227,0.65125,0.9833333333333333,30
law,one,20,uns_freq_exist,lawgp,95,0.9527777777777777,0.006397004673691586,0.8666666666666667,1.0,30
law,three,20,within_rec,gp,95,0.9502222222222222,0.0022990549079048754,0.92,0.96,30
law,three,20,within_rep,gp,95,0.9413333333333334,0.0046364649413081485,0.8896666666666666,0.977,30
law,three,20,within_new,gp,95,0.9377777777777777,0.006623101589895206,0.8726666666666667,0.9903333333333333,30
law,three,20,group_comp,gp,95,0.9404444444444444,0.0063199765049059145,0.8423333333333334,0.9733333333333334,30
law,three,20,uns_comp_new,gp,95,0.9503703703703704,0.010312738968109308,0.84,1.0,30
law,three,20,group_force,gp,95,0.8866666666666667,0.012209327924911889,0.715,0.9636666666666667,30
law,three,20,uns_force_new,gp,95,0.9733333333333333,0.007068358071274743,0.869,1.0,30
law,three,20,uns_force_exist,gp,95,0.9693333333333334,0.005569484454428669,0.8945000000000001,1.0,30
law,three,20,group_freq,gp,95,0.7911111111111111,0.01562436886762813,0.6193333333333334,0.9309999999999999,30
law,three,20,uns_freq_new,gp,95,0.9372222222222225,0.01461911774564841,0.7766666666666667,1.0,30
law,three,20,uns_freq_exist,gp,95,0.9455555555555556,0.014203711612972998,0.7766666666666667,1.0,30
law,fifteen,20,within_rec,gp,95,0.9497777777777776,0.0018838110697321224,0.9296666666666666,0.96,30
law,fifteen,20,within_rep,gp,95,0.952,0.002757087696655622,0.9296666666666666,0.977,30
law,fifteen,20,within_new,gp,95,0.9582222222222221,0.005261327458360235,0.9053333333333333,0.9903333333333333,30
law,fifteen,20,group_comp,gp,95,0.9413333333333332,0.003418826996676729,0.9066666666666666,0.977,30
law,fifteen,20,uns_comp_new,gp,95,0.9533333333333334,0.007560362080191387,0.8666666666666667,1.0,30
law,fifteen,20,group_force,gp,95,0.9022222222222224,0.007156940443314644,0.8,0.9503333333333333,30
law,fifteen,20,uns_force_new,gp,95,0.9813333333333334,0.003945995593770177,0.9345,1.0,30
law,fifteen,20,uns_force_exist,gp,95,0.9760000000000002,0.005110278126358254,0.8945000000000001,1.0,30
law,fifteen,20,group_freq,gp,95,0.8266666666666667,0.016535112992835086,0.6676666666666666,0.954,30
law,fifteen,20,uns_freq_new,gp,95,0.9655555555555556,0.005296649060763048,0.9120833333333334,1.0,30
law,fifteen,20,uns_freq_exist,gp,95,0.9666666666666667,0.005116771811167727,0.9075,1.0,30
law,one,30,within_rec,gp,95,0.9431111111111111,0.0029249153564652334,0.9126666666666667,0.96,30
law,one,30,within_rep,gp,95,0.9484444444444445,0.00530002369529712,0.8896666666666666,0.9903333333333333,30
law,one,30,within_new,gp,95,0.8008888888888888,0.017750170134513413,0.6216666666666667,0.9406666666666667,30
law,one,30,group_comp,gp,95,0.8084444444444444,0.021110748131584083,0.567,0.9503333333333333,30
law,one,30,uns_comp_new,gp,95,0.805925925925926,0.025369321602993114,0.525,0.9838888888888888,30
law,one,30,group_force,gp,95,0.8977777777777778,0.008608607966426709,0.7926666666666667,0.977,30
law,one,30,uns_force_new,gp,95,0.8260000000000001,0.01963225120449312,0.6435000000000001,0.9854999999999999,30
law,one,30,uns_force_exist,gp,95,0.9826666666666667,0.0038036078859671613,0.9435,1.0,30
law,one,30,group_freq,gp,95,0.7520000000000001,0.014431411745054608,0.629,0.9139999999999999,30
law,one,30,uns_freq_new,gp,95,0.8027777777777777,0.020421536808046155,0.5816666666666667,0.9591666666666666,30
law,one,30,uns_freq_exist,gp,95,0.9483333333333334,0.0074685376692486425,0.8454166666666667,1.0,30
law,one,30,group_comp,lawgp,95,0.7604444444444446,0.023983675447110275,0.5283333333333333,0.9369999999999999,30
law,one,30,uns_comp_new,lawgp,95,0.7911111111111112,0.029190876651678112,0.47444444444444445,0.9838888888888888,30
law,one,30,group_force,lawgp,95,0.9155555555555558,0.00665388301795936,0.8496666666666667,0.977,30
law,one,30,uns_force_new,lawgp,95,0.8053333333333335,0.022384997712873767,0.598,0.9709999999999999,30
law,one,30,uns_force_exist,lawgp,95,0.9746666666666667,0.003579421815935986,0.9435,1.0,30
law,one,30,group_freq,lawgp,95,0.9364444444444444,0.006414649050032184,0.8593333333333334,0.9733333333333334,30
law,one,30,uns_freq_new,lawgp,95,0.781111111111111,0.021438279541856252,0.55125,0.9349999999999998,30
law,one,30,uns_freq_exist,lawgp,95,0.9544444444444444,0.006963384134432132,0.8695833333333334,1.0,30
law,three,30,within_rec,gp,95,0.9497777777777776,0.0019893287041263096,0.9296666666666666,0.96,30
law,three,30,within_rep,gp,95,0.943111111111111,0.004285272332216486,0.9029999999999999,0.977,30
law,three,30,within_new,gp,95,0.9337777777777779,0.008022531064623167,0.852,1.0,30
law,three,30,group_comp,gp,95,0.9426666666666667,0.00586436736551362,0.8593333333333334,0.977,30
law,three,30,uns_comp_new,gp,95,0.9555555555555555,0.011622949167637437,0.8277777777777777,1.0,30
law,three,30,group_force,gp,95,0.9062222222222222,0.009578249803909257,0.7996666666666666,0.977,30
law,three,30,uns_force_new,gp,95,0.9566666666666668,0.011629662168162665,0.7979999999999999,1.0,30
law,three,30,uns_force_exist,gp,95,0.9606666666666668,0.012593862155219675,0.8375,1.0,30
law,three,30,group_freq,gp,95,0.8364444444444445,0.0157494213912517,0.6193333333333334,0.9369999999999999,30
law,three,30,uns_freq_new,gp,95,0.9411111111111112,0.010532845099181634,0.82875,1.0,30
law,three,30,uns_freq_exist,gp,95,0.9544444444444444,0.007277273241556142,0.8666666666666667,1.0,30
law,fifteen,30,within_rec,gp,95,0.9457777777777777,0.0028541978375492077,0.9066666666666666,0.96,30
law,fifteen,30,within_rep,gp,95,0.9497777777777776,0.0026111722500382724,0.9296666666666666,0.977,30
law,fifteen,30,within_new,gp,95,0.9564444444444447,0.00592618134826289,0.886,0.9903333333333333,30
law,fifteen,30,group_comp,gp,95,0.9488888888888891,0.0033269415089796773,0.92,0.977,30
law,fifteen,30,uns_comp_new,gp,95,0.9548148148148149,0.007936410630066986,0.8827777777777778,1.0,30
law,fifteen,30,group_force,gp,95,0.9142222222222223,0.006318359660167504,0.84,0.96,30
law,fifteen,30,uns_force_new,gp,95,0.9760000000000001,0.006019126602545528,0.8945000000000001,1.0,30
law,fifteen,30,uns_force_exist,gp,95,0.9713333333333334,0.005311737887638393,0.9,1.0,30
law,fifteen,30,group_freq,gp,95,0.8733333333333332,0.013421166637845507,0.732,0.96,30
law,fifteen,30,uns_freq_new,gp,95,0.9649999999999999,0.005076049992356676,0.9120833333333334,1.0,30
law,fifteen,30,uns_freq_exist,gp,95,0.9627777777777777,0.006121551513559537,0.8954166666666666,1.0,30
twomode,one,0,within_rec,gp,95,0.9524444444444443,0.0013834760424318753,0.943,0.96,30
twomode,one,0,within_rep,gp,95,0.9453333333333334,0.004445210661921812,0.8933333333333333,0.9866666666666667,30
twomode,one,0,within_new,gp,95,0.9444444444444445,0.004913903264805954,0.8896666666666666,0.977,30
twomode,one,0,group_comp,gp,95,0.9204444444444445,0.00544268483567801,0.8593333333333334,0.96,30
twomode,one,0,uns_comp_new,gp,95,0.9622222222222222,0.004782779763062003,0.9111111111111111,1.0,30
twomode,one,0,group_force,gp,95,0.8484444444444444,0.010297904079842317,0.7233333333333334,0.92,30
twomode,one,0,uns_force_new,gp,95,0.9753333333333334,0.00414488559894631,0.9345,1.0,30
twomode,one,0,uns_force_exist,gp,95,0.9800000000000001,0.003321819194149601,0.94,1.0,30
twomode,one,0,group_freq,gp,95,0.4528888888888888,0.03265037256200353,0.19633333333333333,0.7736666666666664,30
twomode,one,0,uns_freq_new,gp,95,0.9372222222222223,0.008018311312540225,0.8333333333333334,1.0,30
twomode,one,0,uns_freq_exist,gp,95,0.9388888888888889,0.008910414549361012,0.8408333333333333,1.0,30
twomode,one,0,group_comp,lawgp,95,0.9444444444444444,0.006459092877513109,0.8556666666666667,0.9866666666666667,30
twomode,one,0,uns_comp_new,lawgp,95,0.9629629629629631,0.004804488386023593,0.9111111111111111,1.0,30
twomode,one,0,group_force,lawgp,95,0.872,0.0069030875798715445,0.7963333333333333,0.9346666666666666,30
twomode,one,0,uns_force_new,lawgp,95,0.9740000000000001,0.004613822311472246,0.92,1.0,30
twomode,one,0,uns_force_exist,lawgp,95,0.978,0.003503692633346358,0.94,1.0,30
twomode,one,0,group_freq,lawgp,95,0.3915555555555556,0.015547671784354273,0.263,0.5346666666666666,30
twomode,one,0,uns_freq_new,lawgp,95,0.9183333333333334,0.010551521713598539,0.8120833333333334,1.0,30
twomode,one,0,uns_freq_exist,lawgp,95,0.9294444444444443,0.009970689270536268,0.8241666666666667,1.0,30
twomode,three,0,within_rec,gp,95,0.9524444444444443,0.0013834760424318753,0.943,0.96,30
twomode,three,0,within_rep,gp,95,0.9453333333333334,0.004445210661921812,0.8933333333333333,0.9866666666666667,30
twomode,three,0,within_new,gp,95,0.9444444444444445,0.004913903264805954,0.8896666666666666,0.977,30
twomode,three,0,group_comp,gp,95,0.9204444444444445,0.00544268483567801,0.8593333333333334,0.96,30
twomode,three,0,uns_comp_new,gp,95,0.9622222222222222,0.004782779763062003,0.9111111111111111,1.0,30
twomode,three,0,group_force,gp,95,0.8484444444444444,0.010297904079842317,0.7233333333333334,0.92,30
twomode,three,0,uns_force_new,gp,95,0.9753333333333334,0.00414488559894631,0.9345,1.0,30
twomode,three,0,uns_force_exist,gp,95,0.9800000000000001,0.003321819194149601,0.94,1.0,30
twomode,three,0,group_freq,gp,95,0.4528888888888888,0.03265037256200353,0.19633333333333333,0.7736666666666664,30
twomode,three,0,uns_freq_new,gp,95,0.9372222222222223,0.008018311312540225,0.8333333333333334,1.0,30
twomode,three,0,uns_freq_exist,gp,95,0.9388888888888889,0.008910414549361012,0.8408333333333333,1.0,30
twomode,fifteen,0,within_rec,gp,95,0.9524444444444443,0.0013834760424318753,0.943,0.96,30
twomode,fifteen,0,within_rep,gp,95,0.9453333333333334,0.004445210661921812,0.8933333333333333,0.9866666666666667,30
twomode,fifteen,0,within_new,gp,95,0.9444444444444445,0.004913903264805954,0.8896666666666666,0.977,30
twomode,fifteen,0,group_comp,gp,95,0.9204444444444445,0.00544268483567801,0.8593333333333334,0.96,30
twomode,fifteen,0,uns_comp_new,gp,95,0.9622222222222222,0.004782779763062003,0.9111111111111111,1.0,30
twomode,fifteen,0,group_force,gp,95,0.8484444444444444,0.010297904079842317,0.7233333333333334,0.92,30
twomode,fifteen,0,uns_force_new,gp,95,0.9753333333333334,0.00414488559894631,0.9345,1.0,30
twomode,fifteen,0,uns_force_exist,gp,95,0.9800000000000001,0.003321819194149601,0.94,1.0,30
twomode,fifteen,0,group_freq,gp,95,0.4528888888888888,0.03265037256200353,0.19633333333333333,0.7736666666666664,30
twomode,fifteen,0,uns_freq_new,gp,95,0.9372222222222223,0.008018311312540225,0.8333333333333334,1.0,30
twomode,fifteen,0,uns_freq_exist,gp,95,0.9388888888888889,0.008910414549361012,0.8408333333333333,1.0,30
twomode,one,10,within_rec,gp,95,0.952888888888889,0.0021898018206273373,0.92,0.96,30
twomode,one,10,within_rep,gp,95,0.9462222222222222,0.005012712659603378,0.8933333333333333,0.9903333333333333,30
twomode,one,10,within_new,gp,95,0.9235555555555557,0.008503523923322424,0.8363333333333333,0.9866666666666667,30
twomode,one,10,group_comp,gp,95,0.9057777777777777,0.010187179649143159,0.7853333333333333,0.9673333333333333,30
twomode,one,10,uns_comp_new,gp,95,0.9251851851851852,0.015347387763034863,0.6888888888888889,1.0,30
twomode,one,10,group_force,gp,95,0.8662222222222221,0.010016249037689454,0.7536666666666666,0.9406666666666667,30
twomode,one,10,uns_force_new,gp,95,0.9573333333333333,0.008178094280065485,0.858,1.0,30
twomode,one,10,uns_force_exist,gp,95,0.9806666666666667,0.003388056552518736,0.9345,1.0,30
twomode,one,10,group_freq,gp,95,0.4413333333333334,0.02871340749745566,0.183,0.6839999999999998,30
twomode,one,10,uns_freq_new,gp,95,0.9177777777777776,0.010719139770928124,0.7833333333333333,0.9879166666666666,30
twomode,one,10,uns_freq_exist,gp,95,0.9422222222222222,0.009875771574795094,0.82875,1.0,30
twomode,one,10,group_comp,lawgp,95,0.904888888888889,0.01322149777467381,0.7403333333333333,0.9866666666666667,30
twomode,one,10,uns_comp_new,lawgp,95,0.9214814814814816,0.014284241107388282,0.7272222222222222,1.0,30
twomode,one,10,group_force,lawgp,95,0.892,0.007600497395836168,0.8133333333333334,0.9636666666666667,30
twomode,one,10,uns_force_new,lawgp,95,0.9533333333333334,0.006937045867225087,0.8835000000000001,1.0,30
twomode,one,10,uns_force_exist,lawgp,95,0.9773333333333334,0.003922623252375459,0.92,1.0,30
twomode,one,10,group_freq,lawgp,95,0.40177777777777773,0.015927464358852342,0.2763333333333334,0.5649999999999998,30
twomode,one,10,uns_freq_new,lawgp,95,0.896111111111111,0.010918347047803492,0.8075,0.9833333333333333,30
twomode,one,10,uns_freq_exist,lawgp,95,0.9344444444444445,0.007620187836593254,0.8454166666666667,1.0,30
twomode,three,10,within_rec,gp,95,0.9533333333333335,0.0015329501436901272,0.9333333333333333,0.96,30
twomode,three,10,within_rep,gp,95,0.9471111111111111,0.004542219522983956,0.9029999999999999,0.9903333333333333,30
twomode,three,10,within_new,gp,95,0.9502222222222222,0.005533904169727515,0.8786666666666666,0.977,30
twomode,three,10,group_comp,gp,95,0.9355555555555556,0.004744650367456832,0.869,0.96,30
twomode,three,10,uns_comp_new,gp,95,0.9585185185185185,0.00766351635968293,0.8483333333333334,1.0,30
twomode,three,10,group_force,gp,95,0.8617777777777779,0.010137916554436046,0.755,0.9443333333333332,30
twomode,three,10,uns_force_new,gp,95,0.9780000000000001,0.004107744298077818,0.9345,1.0,30
twomode,three,10,uns_force_exist,gp,95,0.9753333333333334,0.005886538965824366,0.898,1.0,30
twomode,three,10,group_freq,gp,95,0.5564444444444444,0.02465958960987679,0.309,0.7349999999999998,30
twomode,three,10,uns_freq_new,gp,95,0.9483333333333331,0.007637626158259733,0.85,1.0,30
twomode,three,10,uns_freq_exist,gp,95,0.9505555555555556,0.008089668818447814,0.8483333333333334,1.0,30
twomode,fifteen,10,within_rec,gp,95,0.947111111111111,0.002432923039640928,0.9163333333333333,0.96,30
twomode,fifteen,10,within_rep,gp,95,0.9502222222222222,0.004907661623816202,0.9029999999999999,0.9903333333333333,30
twomode,fifteen,10,within_new,gp,95,0.9600000000000002,0.005033730414927486,0.9066666666666666,1.0,30
twomode,fifteen,10,group_comp,gp,95,0.9337777777777778,0.005945115799808907,0.8653333333333333,0.977,30
twomode,fifteen,10,uns_comp_new,gp,95,0.9585185185185185,0.007737229339165143,0.8644444444444445,1.0,30
twomode,fifteen,10,group_force,gp,95,0.8697777777777779,0.010955539235103215,0.7186666666666667,0.9466666666666667,30
twomode,fifteen,10,uns_force_new,gp,95,0.9793333333333333,0.0038932105160914936,0.94,1.0,30
twomode,fifteen,10,uns_force_exist,gp,95,0.9773333333333335,0.004150428127295635,0.9289999999999999,1.0,30
twomode,fifteen,10,group_freq,gp,95,0.56,0.026366122464122465,0.19866666666666669,0.7433333333333332,30
twomode,fifteen,10,uns_freq_new,gp,95,0.9605555555555555,0.004339027597725919,0.9166666666666666,1.0,30
twomode,fifteen,10,uns_freq_exist,gp,95,0.9533333333333333,0.007120563640927278,0.8770833333333333,1.0,30
twomode,one,20,within_rec,gp,95,0.9506666666666667,0.00203670030886926,0.9296666666666666,0.9636666666666667,30
twomode,one,20,within_rep,gp,95,0.9515555555555556,0.004451335653682549,0.8933333333333333,0.9866666666666667,30
twomode,one,20,within_new,gp,95,0.8733333333333333,0.015564310617768645,0.6966666666666667,0.977,30
twomode,one,20,group_comp,gp,95,0.8506666666666667,0.01646576230317857,0.675,0.96,30
twomode,one,20,uns_comp_new,gp,95,0.8703703703703703,0.023125531735717873,0.5411111111111111,0.9838888888888888,30
twomode,one,20,group_force,gp,95,0.8951111111111112,0.00827949402352906,0.8096666666666666,0.9636666666666667,30
twomode,one,20,uns_force_new,gp,95,0.9046666666666667,0.015600864501048542,0.707,1.0,30
twomode,one,20,uns_force_exist,gp,95,0.9826666666666667,0.0026666666666666683,0.9545,1.0,30
twomode,one,20,group_freq,gp,95,0.47244444444444444,0.028594551246779218,0.20600000000000002,0.6913333333333331,30
twomode,one,20,uns_freq_new,gp,95,0.8727777777777775,0.013619611857923625,0.7316666666666667,0.9833333333333333,30
twomode,one,20,uns_freq_exist,gp,95,0.9477777777777777,0.0069999695918575655,0.87875,1.0,30
twomode,one,20,group_comp,lawgp,95,0.8377777777777778,0.019921514797054982,0.6106666666666667,0.96,30
twomode,one,20,uns_comp_new,lawgp,95,0.8577777777777779,0.023551555119470994,0.5472222222222222,1.0,30
twomode,one,20,group_force,lawgp,95,0.9106666666666668,0.007728469867177279,0.8266666666666667,0.9733333333333334,30
twomode,one,20,uns_force_new,lawgp,95,0.8933333333333334,0.014521750102988267,0.718,0.9854999999999999,30
twomode,one,20,uns_force_exist,lawgp,95,0.978,0.003369914218356376,0.9345,1.0,30
twomode,one,20,group_freq,lawgp,95,0.43066666666666664,0.01637554167842437,0.30666666666666664,0.5953333333333333,30
twomode,one,20,uns_freq_new,lawgp,95,0.852777777777778,0.014094266955208523,0.7241666666666666,0.9833333333333333,30
twomode,one,20,uns_freq_exist,lawgp,95,0.9394444444444444,0.0069885572106056955,0.8695833333333334,1.0,30
twomode,three,20,within_rec,gp,95,0.9502222222222224,0.0023862812106239858,0.92,0.96,30
twomode,three,20,within_rep,gp,95,0.9440000000000002,0.004671590177795141,0.8896666666666666,0.977,30
twomode,three,20,within_new,gp,95,0.9386666666666666,0.006903087579871542,0.8726666666666667,0.9903333333333333,30
twomode,three,20,group_comp,gp,95,0.9444444444444444,0.005965703026559977,0.881,0.977,30
twomode,three,20,uns_comp_new,gp,95,0.9518518518518521,0.010659178583516832,0.8338888888888889,1.0,30
twomode,three,20,group_force,gp,95,0.8822222222222222,0.011239109482061551,0.7343333333333333,0.9503333333333333,30
twomode,three,20,uns_force_new,gp,95,0.9760000000000001,0.004736747999334079,0.92,1.0,30
twomode,three,20,uns_force_exist,gp,95,0.9666666666666668,0.0070683580712747425,0.8835000000000001,1.0,30
twomode,three,20,group_freq,gp,95,0.6551111111111112,0.023338112993402133,0.4166666666666667,0.8643333333333333,30
twomode,three,20,uns_freq_new,gp,95,0.9433333333333335,0.011733524902650689,0.7966666666666667,1.0,30
twomode,three,20,uns_freq_exist,gp,95,0.9466666666666667,0.010400658197071547,0.8104166666666667,1.0,30
twomode,fifteen,20,within_rec,gp,95,0.9511111111111111,0.0019530461084535124,0.9296666666666666,0.96,30
twomode,fifteen,20,within_rep,gp,95,0.9497777777777779,0.0034238041823032054,0.9163333333333333,0.9866666666666667,30
twomode,fifteen,20,within_new,gp,95,0.9613333333333336,0.004924979983881635,0.9163333333333333,1.0,30
twomode,fifteen,20,group_comp,gp,95,0.9426666666666665,0.0038436891601888487,0.9029999999999999,0.977,30
twomode,fifteen,20,uns_comp_new,gp,95,0.9614814814814815,0.007824768346020847,0.8766666666666666,1.0,30
twomode,fifteen,20,group_force,gp,95,0.8942222222222223,0.007425979272571557,0.8253333333333333,0.9636666666666667,30
twomode,fifteen,20,uns_force_new,gp,95,0.9780000000000001,0.0044308220352487614,0.92,1.0,30
twomode,fifteen,20,uns_force_exist,gp,95,0.9800000000000001,0.003032392174315616,0.9545,1.0,30
twomode,fifteen,20,group_freq,gp,95,0.6768888888888889,0.01877672354155941,0.452,0.8146666666666667,30
twomode,fifteen,20,uns_freq_new,gp,95,0.9683333333333334,0.005440376930822466,0.9,1.0,30
twomode,fifteen,20,uns_freq_exist,gp,95,0.9638888888888888,0.006397004673691586,0.8908333333333334,1.0,30
twomode,one,30,within_rec,gp,95,0.9502222222222222,0.0019107368429742435,0.9333333333333333,0.96,30
twomode,one,30,within_rep,gp,95,0.9520000000000001,0.0038143374076652805,0.9126666666666667,0.9866666666666667,30
twomode,one,30,within_new,gp,95,0.8128888888888888,0.01775650067735224,0.595,0.948,30
twomode,one,30,group_comp,gp,95,0.8080000000000002,0.02126617782500659,0.595,0.9503333333333333,30
twomode,one,30,uns_comp_new,gp,95,0.8074074074074075,0.03175636880903845,0.34944444444444445,0.9777777777777777,30
twomode,one,30,group_force,gp,95,0.9066666666666667,0.00899552890217607,0.7963333333333333,0.977,30
twomode,one,30,uns_force_new,gp,95,0.8479999999999998,0.01926464213998301,0.598,0.9854999999999999,30
twomode,one,30,uns_force_exist,gp,95,0.982,0.002416418933001917,0.96,1.0,30
twomode,one,30,group_freq,gp,95,0.49777777777777776,0.02897540831344071,0.24833333333333335,0.7263333333333332,30
twomode,one,30,uns_freq_new,gp,95,0.8105555555555555,0.020691792496385975,0.5483333333333333,0.9591666666666666,30
twomode,one,30,uns_freq_exist,gp,95,0.9488888888888888,0.007785983629658564,0.8620833333333333,1.0,30
twomode,one,30,group_comp,lawgp,95,0.7844444444444445,0.024242987338171772,0.515,0.9503333333333333,30
twomode,one,30,uns_comp_new,lawgp,95,0.8111111111111112,0.031223115297899368,0.4361111111111111,0.9838888888888888,30
twomode,one,30,group_force,lawgp,95,0.9231111111111111,0.006935081811164425,0.8556666666666667,0.977,30
twomode,one,30,uns_force_new,lawgp,95,0.8466666666666668,0.017897109079679927,0.609,0.98,30
twomode,one,30,uns_force_exist,lawgp,95,0.9826666666666668,0.0022960902968613855,0.96,1.0,30
twomode,one,30,group_freq,lawgp,95,0.4431111111111111,0.0169462627000073,0.3333333333333333,0.6436666666666666,30
twomode,one,30,uns_freq_new,lawgp,95,0.806111111111111,0.017841421042354158,0.6,0.97125,30
twomode,one,30,uns_freq_exist,lawgp,95,0.95,0.006827560406055716,0.8741666666666666,1.0,30
twomode,three,30,within_rec,gp,95,0.9471111111111111,0.002748427314534254,0.9163333333333333,0.96,30
twomode,three,30,within_rep,gp,95,0.9391111111111111,0.004077578894165493,0.8896666666666666,0.9733333333333334,30
twomode,three,30,within_new,gp,95,0.9373333333333335,0.00673982843671275,0.863,0.9903333333333333,30
twomode,three,30,group_comp,gp,95,0.9373333333333334,0.007208622621705974,0.8386666666666667,0.977,30
twomode,three,30,uns_comp_new,gp,95,0.9533333333333333,0.01336522367626372,0.8094444444444444,1.0,30
twomode,three,30,group_force,gp,95,0.9,0.010711591219903997,0.773,0.977,30
twomode,three,30,uns_force_new,gp,95,0.9633333333333333,0.008309160342289087,0.849,1.0,30
twomode,three,30,uns_force_exist,gp,95,0.9700000000000001,0.005230327125436846,0.9145000000000001,1.0,30
twomode,three,30,group_freq,gp,95,0.7342222222222223,0.01885545835876483,0.5526666666666668,0.9006666666666666,30
twomode,three,30,uns_freq_new,gp,95,0.9450000000000002,0.009889233279981835,0.8270833333333334,1.0,30
twomode,three,30,uns_freq_exist,gp,95,0.9600000000000001,0.007174169644593008,0.8741666666666666,1.0,30
twomode,fifteen,30,within_rec,gp,95,0.9484444444444445,0.0019944580518004486,0.9296666666666666,0.96,30
twomode,fifteen,30,within_rep,gp,95,0.9493333333333334,0.003524770945340089,0.9163333333333333,0.9866666666666667,30
twomode,fifteen,30,within_new,gp,95,0.9586666666666669,0.0069252531755408355,0.8763333333333333,1.0,30
twomode,fifteen,30,group_comp,gp,95,0.9480000000000002,0.003343280178198672,0.9163333333333333,0.977,30
twomode,fifteen,30,uns_comp_new,gp,95,0.9540740740740741,0.00903666016842887,0.8383333333333334,1.0,30
twomode,fifteen,30,group_force,gp,95,0.904888888888889,0.007225139404954773,0.8326666666666667,0.9636666666666667,30
twomode,fifteen,30,uns_force_new,gp,95,0.9733333333333333,0.006803199607847366,0.8745,1.0,30
twomode,fifteen,30,uns_force_exist,gp,95,0.9746666666666667,0.004592180593722767,0.92,1.0,30
twomode,fifteen,30,group_freq,gp,95,0.7671111111111111,0.017597553914929377,0.5586666666666666,0.8873333333333333,30
twomode,fifteen,30,uns_freq_new,gp,95,0.9677777777777777,0.0061345770297702475,0.8954166666666666,1.0,30
twomode,fifteen,30,uns_freq_exist,gp,95,0.9627777777777775,0.007133256943289425,0.87875,1.0,30
