subset,C_p_nF,f_lam_Hz,amplitude,spearman_pooled,mean_within_cell_rho,n_cells_concordant,n_cells_complete,ratio_2_1_gmean,ratio_3_1_gmean,beta,spearman_vs_primary_amplitude,spearman_vs_Vrms,median_tap_cv
all,0.19,0.25,pp,0.6170290862790561,0.82,19,25,1.7799466949755647,2.5904415589321763,0.8626702808156488,0.9997155049786628,0.9409672830725462,0.2219885069146166
all,0.19,0.25,rms,0.651727543453673,0.8,18,25,1.653868966566412,2.6405853331751783,0.8668293076559669,0.9997724039829302,0.9208250355618777,0.2219885069146166
all,0.19,0.5,pp,0.6170290862790561,0.82,19,25,1.7800277801590942,2.59046442734383,0.8626845279744603,0.9996870554765291,0.9414224751066855,0.22206946773867023
all,0.19,0.5,rms,0.651727543453673,0.8,18,25,1.6532474480725117,2.6403615471512967,0.8667020780893214,0.9998293029871977,0.9211948790896158,0.22206946773867023
all,0.19,1.0,pp,0.6170290862790561,0.82,19,25,1.7808129103573287,2.5912527728273638,0.863000178143179,0.9997155049786628,0.9415362731152204,0.22210544983667893
all,0.19,1.0,rms,0.6524818577400776,0.8,18,25,1.651766837585284,2.6396194476957455,0.8663345705020364,0.9997724039829302,0.9207396870554764,0.22210544983667893
all,0.19,2.0,pp,0.6170290862790561,0.82,19,25,1.7832509270275652,2.5938902617324784,0.8640390123362462,0.9997439544807964,0.9419061166429588,0.2200765541347313
all,0.19,2.0,rms,0.6554991148856966,0.84,20,25,1.6484935114195864,2.637697009568773,0.8654346430538364,0.9993172119487908,0.921963015647226,0.2200765541347313
all,0.19,4.0,pp,0.6192920291382703,0.84,20,25,1.7883440786757616,2.5947917585171187,0.8647643184175264,0.9993456614509245,0.9427311522048364,0.21937777616045698
all,0.19,4.0,rms,0.6524818577400776,0.84,20,25,1.6407012713434637,2.631644659312085,0.8628327350281312,0.9980369843527739,0.9251209103840682,0.21937777616045698
all,1.9000000000000001,0.25,pp,0.6125032005606278,0.82,19,25,1.7863848938368148,2.58472434451348,0.8614365966020464,0.9999715504978661,0.942076813655761,0.21810425381810858
all,1.9000000000000001,0.25,rms,0.6479559720216493,0.8,18,25,1.6589639720831557,2.639281801549685,0.8669061046473309,0.9999146514935988,0.9234139402560456,0.21810425381810858
all,1.9000000000000001,0.5,pp,0.6125032005606278,0.82,19,25,1.7864828379959965,2.5848391738966177,0.8614811971891939,0.9999715504978661,0.942076813655761,0.21817699072110627
all,1.9000000000000001,0.5,rms,0.6487102863080542,0.8,18,25,1.6583548479740147,2.639066389121807,0.8667827586772211,0.9999715504978661,0.9233570412517781,0.21817699072110627
all,1.9000000000000001,1.0,pp,0.6125032005606278,0.82,19,25,1.7871901664391086,2.585779922269597,0.8618382477196931,0.9999999999999999,0.9421906116642957,0.21818586970287576
all,1.9000000000000001,1.0,rms,0.6494646005944588,0.8,18,25,1.656908917020732,2.638354796343369,0.8664282110961109,0.9999999999999999,0.9238122332859174,0.21818586970287576
all,1.9000000000000001,2.0,pp,0.6125032005606278,0.82,19,25,1.79020867846367,2.5889473907925193,0.8630947408771245,0.9998577524893314,0.9427311522048364,0.21564941714386981
all,1.9000000000000001,2.0,rms,0.651727543453673,0.84,20,25,1.6537340328608006,2.636514915278716,0.8655636386605469,0.9994594594594594,0.9241251778093883,0.21564941714386981
all,1.9000000000000001,4.0,pp,0.6170290862790561,0.84,20,25,1.7962243625878147,2.5897005727750813,0.8638521593762228,0.9994594594594594,0.9447226173541962,0.21650760327324184
all,1.9000000000000001,4.0,rms,0.6494646005944588,0.84,20,25,1.6462385570699565,2.6306735696945807,0.8630563892681663,0.9977524893314367,0.9273115220483642,0.21650760327324184
all,7.699999999999999,0.25,pp,0.6042057434101761,0.82,18,25,1.8798102102527063,2.597336434887179,0.8733095509007746,0.9918634423897581,0.9490469416785207,0.22896720803846735
all,7.699999999999999,0.25,rms,0.6426757720168165,0.84,20,25,1.7144646040854106,2.639598514962612,0.8721158308100333,0.9979516358463726,0.9397439544807965,0.22896720803846735
all,7.699999999999999,0.5,pp,0.6042057434101761,0.82,18,25,1.8799291387588557,2.5974703839543563,0.8733612657816715,0.9919487908961592,0.9495590327169275,0.22897391653008625
all,7.699999999999999,0.5,rms,0.6426757720168165,0.84,20,25,1.7140163957638554,2.6394728405655177,0.8720365403089436,0.9979516358463726,0.9397439544807965,0.22897391653008625
all,7.699999999999999,1.0,pp,0.6049600576965807,0.82,18,25,1.880536171310019,2.598149867630756,0.8736238663825677,0.9917496443812233,0.9495305832147937,0.22881739870981727
all,7.699999999999999,1.0,rms,0.6426757720168165,0.84,20,25,1.7130151369732012,2.6390590180487314,0.8718184111509953,0.9978662873399714,0.9403413940256045,0.22881739870981727
all,7.699999999999999,2.0,pp,0.6072230005557949,0.82,18,25,1.8830121664330637,2.6005110923050547,0.8745660964685679,0.991778093883357,0.9498150782361308,0.22876681329132106
all,7.699999999999999,2.0,rms,0.6419214577304116,0.84,20,25,1.7110707176543622,2.63804210735157,0.8713289379730804,0.9975248933143669,0.9408819345661451,0.22876681329132106
all,7.699999999999999,4.0,pp,0.6079773148421995,0.82,18,25,1.8888592705680711,2.602405305449241,0.8756391550517316,0.9902987197724039,0.9485348506401137,0.22832993664615278
all,7.699999999999999,4.0,rms,0.6456930291624353,0.86,21,25,1.7071156887879217,2.634406595044807,0.8698493310811838,0.9963584637268847,0.9420483641536274,0.22832993664615278
n72,0.19,0.25,pp,0.6102311611003599,0.7954545454545454,16,22,1.7425417107587018,2.5307995166470922,0.8460487856138197,0.9996784359122776,0.9354299311852853,0.21871200439072508
n72,0.19,0.25,rms,0.6445469635580565,0.7727272727272727,15,22,1.6088029657972078,2.624846577951988,0.8629977902150762,0.9998392179561387,0.916811370506142,0.21871200439072508
n72,0.19,0.5,pp,0.6102311611003599,0.7954545454545454,16,22,1.7426279948486505,2.530792499494209,0.8460587715305148,0.9996462795035052,0.9359122773168693,0.21883980000345044
n72,0.19,0.5,rms,0.6445299079902346,0.7727272727272727,15,22,1.6081458212751527,2.6248096509650796,0.8629285556363797,0.9999035307736834,0.9171972474114092,0.21883980000345044
n72,0.19,1.0,pp,0.6102311611003599,0.7954545454545454,16,22,1.7434634826017663,2.5315263666139756,0.8463720126925321,0.9996784359122776,0.9360409029519585,0.21907580285660064
n72,0.19,1.0,rms,0.6437112407347826,0.7727272727272727,15,22,1.6065804273509832,2.6246660895885574,0.8627452492380514,0.9998392179561387,0.916682744871053,0.21907580285660064
n72,0.19,2.0,pp,0.6102311611003599,0.7954545454545454,16,22,1.7460580756054065,2.534082512370593,0.8474095994571667,0.9997749051385942,0.9362338414045921,0.21845895414433414
n72,0.19,2.0,rms,0.6461160757976728,0.8181818181818182,17,22,1.603120095579532,2.62456060782979,0.8624050387016419,0.9993247154157826,0.9180654704482606,0.21845895414433414
n72,0.19,4.0,pp,0.6126359961632503,0.8181818181818182,17,22,1.7514793187526518,2.5346042203821173,0.8480564899731025,0.9993568718245548,0.9374879413467104,0.216453938559855
n72,0.19,4.0,rms,0.6420227395204128,0.8181818181818182,17,22,1.5948850895671043,2.6227887021238745,0.8611496088478217,0.9978776770210305,0.921474049778121,0.216453938559855
n72,1.9000000000000001,0.25,pp,0.6062060470943876,0.7954545454545454,16,22,1.7493937677122813,2.5244944377724376,0.8448442599194826,0.9999678435912278,0.9366840311274038,0.21518537838161847
n72,1.9000000000000001,0.25,rms,0.6413234612397142,0.7727272727272727,15,22,1.6141908307692032,2.6229090649332316,0.8629984534461245,0.9999035307736834,0.9185478165798445,0.21518537838161847
n72,1.9000000000000001,0.5,pp,0.6062060470943876,0.7954545454545454,16,22,1.7494980244875231,2.52458226223731,0.8448862969108767,0.9999678435912278,0.9366840311274038,0.21519825238016094
n72,1.9000000000000001,0.5,rms,0.6421250729273443,0.7727272727272727,15,22,1.6135466185627811,2.6228747973521758,0.8629313671602573,0.9999678435912278,0.9184835037623,0.21519825238016094
n72,1.9000000000000001,1.0,pp,0.6062060470943876,0.7954545454545454,16,22,1.7502509558336163,2.5254557558323816,0.8452396224831534,1.0,0.9368126567624928,0.21517074539558828
n72,1.9000000000000001,1.0,rms,0.6421080173595224,0.7727272727272727,15,22,1.612017478340841,2.622746296871487,0.8627564133335357,1.0,0.9189980063026563,0.21517074539558828
n72,1.9000000000000001,2.0,pp,0.6062060470943876,0.7954545454545454,16,22,1.7534643685978109,2.528489925208617,0.8464902598614068,0.9998392179561387,0.9373593157116216,0.21399446223619228
n72,1.9000000000000001,2.0,rms,0.6453315196778645,0.8181818181818182,17,22,1.6086602957386569,2.6226811561349086,0.8624393988758794,0.9993890282333271,0.9193517267991512,0.21399446223619228
n72,1.9000000000000001,4.0,pp,0.6078092704696478,0.8181818181818182,17,22,1.7598698808338982,2.5288492390529402,0.8471658692439002,0.9994533410508716,0.9394173258730466,0.21559064418831592
n72,1.9000000000000001,4.0,rms,0.6396008488897007,0.8181818181818182,17,22,1.6007366628298934,2.621023885637133,0.8612512368274685,0.9975561129333077,0.9238214676184966,0.21559064418831592
n72,7.699999999999999,0.25,pp,0.5845966426640191,0.7954545454545454,15,22,1.8490628327952623,2.5169375382896644,0.8515771682624328,0.9914463952665769,0.9444658820502927,0.22901048051169565
n72,7.699999999999999,0.25,rms,0.6309366204361668,0.8181818181818182,17,22,1.6729739938434258,2.618967259514403,0.8679655946266561,0.9978455206122582,0.9354620875940577,0.22901048051169565
n72,7.699999999999999,0.5,pp,0.5845966426640191,0.7954545454545454,15,22,1.8491899888357608,2.5170701447910657,0.851634293824555,0.9915428644928937,0.9450446974081935,0.22897603388795396
n72,7.699999999999999,0.5,rms,0.6309366204361668,0.8181818181818182,17,22,1.6724986062778153,2.6189701463646062,0.8679268309739987,0.9978455206122582,0.9354620875940577,0.22897603388795396
n72,7.699999999999999,1.0,pp,0.5853982543516492,0.7954545454545454,15,22,1.849839027102734,2.5177028509118315,0.8519009238255507,0.99134992604026,0.9450125409994213,0.22888674546795304
n72,7.699999999999999,1.0,rms,0.6301179531807148,0.8181818181818182,17,22,1.6714366704463026,2.6189865961638996,0.8678432630079408,0.9977490513859413,0.9360730593607307,0.22888674546795304
n72,7.699999999999999,2.0,pp,0.5878542561180051,0.7954545454545454,15,22,1.8524865459149036,2.5198463596646024,0.8528265863376191,0.9913820824490324,0.945334105087144,0.22914742986862202
n72,7.699999999999999,2.0,rms,0.630100897612893,0.8181818181818182,17,22,1.669374572049959,2.619304368165867,0.867774377834208,0.9973310180719019,0.9368769695800374,0.22914742986862202
n72,7.699999999999999,4.0,pp,0.5902932023165393,0.7954545454545454,15,22,1.858739907071357,2.5208479892388733,0.8537341699507617,0.990417390185864,0.9445945076853819,0.231948818842189
n72,7.699999999999999,4.0,rms,0.6325057326757832,0.8409090909090909,18,22,1.665180808053739,2.6187704424491582,0.8673063240701692,0.9960126053122389,0.9381632259309283,0.231948818842189
