condition_id,composition,force_N,freq_Hz,duplicate_excluded_in_n72,q_pp_norm_1p9nF,q_rms_norm_1p9nF,Vrms_norm
0,PVDF,1.0,5.0,False,0.6217122916018202,0.44878114228103727,0.328431724376493
1,PVDF,1.0,10.0,False,0.5869094960644122,0.5530189462842143,0.546657101344364
2,PVDF,1.0,15.0,False,1.1722082179991773,0.9681782800136799,1.1455161875948179
3,PVDF,1.0,20.0,False,1.3283139086360172,1.2151538012780232,1.4303591339103783
4,PVDF,1.0,25.0,False,0.6455797611650993,0.7293186947033996,0.7730692364632749
5,PVDF,2.0,5.0,False,0.6978515683801769,0.47499895213671695,0.5070157808133243
6,PVDF,2.0,10.0,False,0.7488787716124614,0.605146110672124,0.7224859111919234
7,PVDF,2.0,15.0,False,1.0130936993193054,0.8819118244047637,1.0177291738618715
8,PVDF,2.0,20.0,False,1.3510384227467922,1.3664140761349366,1.6618553608594355
9,PVDF,2.0,25.0,False,0.6112971356904487,0.561717228700562,0.7419844214350657
10,PVDF,3.0,5.0,False,0.810613707958744,1.0162275832109708,0.700405938760068
11,PVDF,3.0,10.0,False,1.2608724679404473,1.4062335714084988,1.1845104499078858
12,PVDF,3.0,15.0,False,1.426517301740267,1.9546781509467501,1.338091793300043
13,PVDF,3.0,20.0,False,2.2134231756742517,2.337424218524678,2.276763467377706
14,PVDF,3.0,25.0,False,0.5116900734705828,0.4807974192996437,0.62512431880335
15,PVDF+BaTiO3,1.0,5.0,False,0.6358939346276035,0.6350065752241019,0.49355731072592973
16,PVDF+BaTiO3,1.0,10.0,False,0.8572959955382847,0.9218439914700393,0.7208309373368983
17,PVDF+BaTiO3,1.0,15.0,False,1.278060187354743,1.137194528495454,1.0993693061208296
18,PVDF+BaTiO3,1.0,20.0,False,1.2971086903471272,1.3095666166409685,1.484197055234924
19,PVDF+BaTiO3,1.0,25.0,False,0.43633924170744603,0.4793487546435485,0.5718456599483859
20,PVDF+BaTiO3,2.0,5.0,False,0.7855165897578229,0.7016341839590141,0.6040222561404931
21,PVDF+BaTiO3,2.0,10.0,False,0.5527969338276345,0.47407541840431644,0.662983605656643
22,PVDF+BaTiO3,2.0,15.0,False,1.0474198671933679,1.065100213880658,1.1292276683115907
23,PVDF+BaTiO3,2.0,20.0,False,1.3743941085415137,1.3480454418660839,1.5084346300954272
24,PVDF+BaTiO3,2.0,25.0,False,0.48062807354102,0.49576983933429264,0.6259349810342165
25,PVDF+BaTiO3,3.0,5.0,False,0.8101848382839623,0.9362408784196514,0.6677029137941127
26,PVDF+BaTiO3,3.0,10.0,False,0.988273958127662,0.9967184952124533,0.9768355767462998
27,PVDF+BaTiO3,3.0,15.0,False,1.6975216090953225,1.6886462070897441,1.3389870055155069
28,PVDF+BaTiO3,3.0,20.0,False,1.7832982685671452,1.7078469836872519,2.2923038895212198
29,PVDF+BaTiO3,3.0,25.0,False,0.9752677034893427,1.1029618716724194,0.823767203817523
30,PVDF+BaTiO3+%1CNT,1.0,5.0,False,0.16812070057992085,0.15978180822122945,0.10443070481180738
31,PVDF+BaTiO3+%1CNT,1.0,10.0,False,0.1616464863187745,0.18538368065665015,0.15522199249092133
32,PVDF+BaTiO3+%1CNT,1.0,15.0,False,0.4150136225643164,0.410800760472695,0.3917104049344703
33,PVDF+BaTiO3+%1CNT,1.0,20.0,False,0.48262068705870403,0.5234598159530375,0.5534897125278734
34,PVDF+BaTiO3+%1CNT,1.0,25.0,False,0.33714962757445655,0.45103743490100123,0.3561544584737109
35,PVDF+BaTiO3+%1CNT,2.0,5.0,False,0.932291549677707,0.7543491480825588,0.6650124536047493
36,PVDF+BaTiO3+%1CNT,2.0,10.0,False,1.1857252670349756,1.1262256035699232,0.9019813097119415
37,PVDF+BaTiO3+%1CNT,2.0,15.0,False,1.4643583888869125,1.4086511728666564,1.4994635108959256
38,PVDF+BaTiO3+%1CNT,2.0,20.0,False,1.5413596341094142,1.5852801525135762,1.9914384435320007
39,PVDF+BaTiO3+%1CNT,2.0,25.0,False,0.4559409311940556,0.44322893582723244,0.6629302004145687
40,PVDF+BaTiO3+%1CNT,3.0,5.0,False,0.6793865833163218,0.7323586436558323,0.7015149975567554
41,PVDF+BaTiO3+%1CNT,3.0,10.0,False,1.4569424995693256,1.6166049902495085,1.3584697410667408
42,PVDF+BaTiO3+%1CNT,3.0,15.0,False,1.69394812559341,1.7834074706091911,1.8200551981699336
43,PVDF+BaTiO3+%1CNT,3.0,20.0,False,3.1112070237717204,2.749920029991148,2.9222642709146385
44,PVDF+BaTiO3+%1CNT,3.0,25.0,False,0.9142888727499843,1.0695103524297604,0.9158626008939607
45,PVDF+BaTiO3+%2CNT,1.0,5.0,False,0.3690609087956954,0.36855645602534637,0.2740348644596481
46,PVDF+BaTiO3+%2CNT,1.0,10.0,False,0.3019366295006158,0.3002249164773824,0.3181340572856088
47,PVDF+BaTiO3+%2CNT,1.0,15.0,False,0.3717617603046277,0.45118233594420426,0.3593163245808769
48,PVDF+BaTiO3+%2CNT,1.0,20.0,False,0.35844120150879005,0.3503933149001253,0.4520016740706474
49,PVDF+BaTiO3+%2CNT,1.0,25.0,False,0.3553576388695225,0.3749695384699798,0.40278481102758545
50,PVDF+BaTiO3+%2CNT,2.0,5.0,False,0.602880017773752,0.5720164343248095,0.4716571297964487
51,PVDF+BaTiO3+%2CNT,2.0,10.0,False,0.7075125550830632,0.806907524620362,0.7748268541169809
52,PVDF+BaTiO3+%2CNT,2.0,15.0,True,1.1017578052002788,1.3371296170636122,1.0648743561426752
53,PVDF+BaTiO3+%2CNT,2.0,20.0,False,1.9076040902611875,1.9478486308418463,2.3693085098992586
54,PVDF+BaTiO3+%2CNT,2.0,25.0,True,0.619164359931379,0.6533355383019505,0.7018000246268672
55,PVDF+BaTiO3+%2CNT,3.0,5.0,False,1.0108478046076392,1.0521444730386074,0.7391228459545989
56,PVDF+BaTiO3+%2CNT,3.0,10.0,False,1.3760524070732232,1.4100210320899005,1.1992582083145957
57,PVDF+BaTiO3+%2CNT,3.0,15.0,False,1.6107434637322577,1.727300907262972,1.703857356174649
58,PVDF+BaTiO3+%2CNT,3.0,20.0,False,3.4541389065237516,2.7730389523837626,3.165225087853091
59,PVDF+BaTiO3+%2CNT,3.0,25.0,False,0.8527404508342165,0.8749303282551392,1.0037978956964682
60,PVDF+BaTiO3+%3CNT,1.0,5.0,False,0.33803190505556135,0.33458013449930224,0.2353769232124796
61,PVDF+BaTiO3+%3CNT,1.0,10.0,False,0.3391173142262632,0.3808456387520417,0.2857771666000939
62,PVDF+BaTiO3+%3CNT,1.0,15.0,False,0.5629593719819855,0.6413090373099394,0.5478438681160245
63,PVDF+BaTiO3+%3CNT,1.0,20.0,False,0.7587895272765285,0.789695121453993,0.8375896476768077
64,PVDF+BaTiO3+%3CNT,1.0,25.0,False,0.36436941034501613,0.5153000265543457,0.27344216907026553
65,PVDF+BaTiO3+%3CNT,2.0,5.0,False,0.7449971850342377,0.7563548563893339,0.620729720537932
66,PVDF+BaTiO3+%3CNT,2.0,10.0,False,0.8285062977488844,0.746925567803024,0.7134948928440353
67,PVDF+BaTiO3+%3CNT,2.0,15.0,False,0.9498461982879585,0.9496332273324497,1.2177705972348112
68,PVDF+BaTiO3+%3CNT,2.0,20.0,False,1.7351617454097075,1.7852290930323713,2.296324597109591
69,PVDF+BaTiO3+%3CNT,2.0,25.0,False,0.5966914026752602,0.5811843949677293,0.7932272586000579
70,PVDF+BaTiO3+%3CNT,3.0,5.0,False,0.7263870686053097,0.7451243680869942,0.7377130578905817
71,PVDF+BaTiO3+%3CNT,3.0,10.0,False,1.2107994709733543,1.528117628267368,1.1410119798380427
72,PVDF+BaTiO3+%3CNT,3.0,15.0,False,1.4020467519462596,1.7155010431301059,1.5249576209866014
73,PVDF+BaTiO3+%3CNT,3.0,20.0,True,3.457450390402112,2.4023628967121504,2.7754261959981257
74,PVDF+BaTiO3+%3CNT,3.0,25.0,False,0.9848459600315592,1.127836965708853,0.9993143042845508
