composition,freq_Hz,ratio_2_1_q,ratio_3_1_q,ratio_2_1_Vrms,ratio_3_1_Vrms,contains_duplicate
PVDF,5.0,1.1224670604182307,1.3038405688750754,1.5437478878627269,2.132576991731675,False
PVDF,10.0,1.275969764732301,2.1483252126526655,1.3216436947679875,2.1668253224825653,False
PVDF,15.0,0.864260874274144,1.2169487296166253,0.8884459118807789,1.1681125136341952,False
PVDF,20.0,1.0171077890271507,1.6663404345040032,1.1618448272610968,1.5917425305303505,False
PVDF,25.0,0.946896375108198,0.7926055063236783,0.9597903867311814,0.8086265619147385,False
PVDF+BaTiO3,5.0,1.2352949870764887,1.2740880108542445,1.223813816580065,1.352837652859498,False
PVDF+BaTiO3,10.0,0.6448145526219805,1.1527803270644439,0.919749099707108,1.3551521253446859,False
PVDF+BaTiO3,15.0,0.8195387647284894,1.3282016182733594,1.027159537768175,1.2179592408670916,False
PVDF+BaTiO3,20.0,1.059582838947524,1.37482562705667,1.016330429153605,1.5444740854565204,False
PVDF+BaTiO3,25.0,1.1015009139683762,2.2351134398845427,1.0945872721858423,1.4405411486236956,False
PVDF+BaTiO3+%1CNT,5.0,5.545370358687723,4.041064431523449,6.367978218696845,6.717516642456282,False
PVDF+BaTiO3+%1CNT,10.0,7.335298737620992,9.01314054359441,5.810911812414061,8.751786517275864,False
PVDF+BaTiO3+%1CNT,15.0,3.528458607789374,4.0816687296352345,3.8279899946665257,4.64643056513756,False
PVDF+BaTiO3+%1CNT,20.0,3.193728896088388,6.446485008201246,3.597968306288463,5.2797083753701655,False
PVDF+BaTiO3+%1CNT,25.0,1.3523400113896464,2.711819316923527,1.8613558938881067,2.5715320392698775,False
PVDF+BaTiO3+%2CNT,5.0,1.6335515450309968,2.7389728375898623,1.7211573816582768,2.697185438108498,False
PVDF+BaTiO3+%2CNT,10.0,2.343248503016161,4.557421235539151,2.435535700666498,3.7696630739473043,False
PVDF+BaTiO3+%2CNT,15.0,2.96361251436264,4.3327303550865155,2.9636125143626404,4.74194251586567,True
PVDF+BaTiO3+%2CNT,20.0,5.3219442470103635,9.636556545353075,5.241813572418181,7.002684435541204,False
PVDF+BaTiO3+%2CNT,25.0,1.7423696361251404,2.399668270948072,1.7423696361251395,2.4921443614906353,True
PVDF+BaTiO3+%3CNT,5.0,2.203925646934968,2.148871327651499,2.6371732286498895,3.134177504838199,False
PVDF+BaTiO3+%3CNT,10.0,2.4431259124566402,3.5704442686329316,2.49668264729657,3.9926632117349428,False
PVDF+BaTiO3+%3CNT,15.0,1.6872375620000393,2.490493669214773,2.2228424339631507,2.7835624522562696,False
PVDF+BaTiO3+%3CNT,20.0,2.2867497283964964,4.556534145656574,2.7415866510275335,3.3135870335745263,True
PVDF+BaTiO3+%3CNT,25.0,1.6376001544977712,2.7028777171470644,2.9008958687576274,3.6545727664549075,False
