scenario,composition,eps_r,C_p_nF,C_p_nF_t140,C_p_nF_t170,corner_Hz,H_5Hz,H_25Hz
mat,PVDF,2.0,0.13995032258064513,0.15494499999999997,0.12760176470588233,7897.392731792368,0.0006331202167227275,0.0031655858568831203
mat,PVDF+BaTiO3,1.32,0.0923672129032258,0.1022637,0.08421716470588234,11965.746563321769,0.0004178593903041662,0.0020892925738774017
mat,PVDF+BaTiO3+%1CNT,1.26,0.08816870322580644,0.09761534999999999,0.08038911176470587,12535.544018718045,0.00039886578474769113,0.0019943251163222217
mat,PVDF+BaTiO3+%2CNT,1.96,0.13715131612903222,0.15184609999999998,0.12504972941176468,8058.564012033028,0.0006204578173126333,0.0031022747552817815
mat,PVDF+BaTiO3+%3CNT,3.14,0.21972200645161288,0.24326365000000003,0.20033477058823526,5030.186453370935,0.0009939984484206143,0.004969933316959931
dense,PVDF,14.0,0.9796522580645161,1.084615,0.8932123529411764,1128.198961684624,0.004431798882521256,0.022153773602752714
dense,PVDF+BaTiO3,9.24,0.6465704903225805,0.7158459,0.5895201529411764,1709.3923661888243,0.0029250034747660856,0.014623516087488306
dense,PVDF+BaTiO3+%1CNT,8.82,0.617180922580645,0.68330745,0.5627237823529411,1790.7920026740064,0.002792049832498912,0.013958943413165264
dense,PVDF+BaTiO3+%2CNT,13.719999999999999,0.9600592129032258,1.0629226999999999,0.8753481058823528,1151.2234302904326,0.004343164593878613,0.021710909110429534
dense,PVDF+BaTiO3+%3CNT,21.98,1.5380540451612903,1.70284555,1.4023433941176469,718.5980647672764,0.006957824151477674,0.0347689281058316
lit,PVDF,14.0,0.9796522580645161,1.084615,0.8932123529411764,1128.198961684624,0.004431798882521256,0.022153773602752714
lit,PVDF+BaTiO3,21.0,1.469478387096774,1.6269224999999998,1.3398185294117644,752.1326411230826,0.006647616721291937,0.03322047180098021
lit,PVDF+BaTiO3+%1CNT,59.0,4.128534516129031,4.5708775,3.764252058823529,267.70822819635146,0.018673793410338813,0.09298069750769969
lit,PVDF+BaTiO3+%2CNT,300.0,20.992548387096768,23.241749999999996,19.14026470588235,52.64928487861579,0.09454267160012318,0.4289390746261538
lit,PVDF+BaTiO3+%3CNT,300.0,20.992548387096768,23.241749999999996,19.14026470588235,52.64928487861579,0.09454267160012318,0.4289390746261538
