rows,cv_setting,draw,loo_r2_gp,force_1N_r2_physgp,force_2N_r2_physgp,force_3N_r2_physgp,force_pooled_r2_physgp,force_1N_r2_gp,force_2N_r2_gp,force_3N_r2_gp,force_pooled_r2_gp,m_0,m_1,m_2,m_3,m_4
n75,median,0,0.909872,-0.556004,0.859469,0.693489,0.730852,-1.114571,0.861025,0.137035,0.445357,1.010751,0.961192,1.027736,1.035067,0.929004
n75,median,1,0.910930,-0.516364,0.852211,0.686517,0.723786,-0.974083,0.873960,0.362193,0.553965,0.951816,1.004089,0.987556,0.998674,0.967934
n75,median,2,0.911195,-0.475884,0.854964,0.679757,0.723021,-0.966401,0.873292,0.321213,0.534760,1.032702,1.028787,1.001771,1.042316,1.016921
n75,median,3,0.909549,-0.533454,0.853954,0.679300,0.720452,-0.996464,0.877382,0.401720,0.571379,0.967708,1.013174,0.964111,1.032666,0.997438
n75,median,4,0.917638,-0.515685,0.858813,0.704964,0.738129,-1.086280,0.865635,0.131845,0.448607,0.992419,0.974182,1.046036,0.993545,0.983426
n75,median,5,0.913841,-0.506567,0.853716,0.691336,0.727835,-0.995823,0.873999,0.330696,0.540093,0.986232,1.019388,1.013048,1.014841,1.015528
n75,median,6,0.917330,-0.319772,0.803359,0.679509,0.716959,-0.883685,0.012445,0.131371,0.244873,1.082606,0.984232,0.980346,0.969356,1.022582
n75,median,7,0.916705,-0.354684,0.858285,0.680792,0.729026,-0.885658,0.865976,0.270404,0.513166,1.042384,0.995053,0.968400,0.968968,1.023906
n75,median,8,0.911583,-0.420367,0.854114,0.674600,0.721227,-0.896266,0.871351,0.337099,0.542705,1.027459,1.019801,0.974744,1.008013,1.003670
n75,median,9,0.911326,-0.476859,0.852794,0.681981,0.722824,-0.942825,0.872643,0.335905,0.542133,1.007505,1.032395,1.007690,1.024991,1.001829
n75,median,10,0.909807,-0.386574,0.851380,0.665624,0.715708,-0.822131,0.870435,0.387170,0.565735,1.010162,1.023167,0.946317,0.987429,0.981881
n75,median,11,0.923693,-0.487080,0.857994,0.711604,0.742520,-1.070915,0.868701,0.167299,0.467562,0.975715,0.989075,1.056744,0.967471,1.036140
n75,median,12,0.915547,-0.617304,0.856514,0.704690,0.734155,-1.147604,0.879470,0.344347,0.545758,0.938365,0.986868,1.005400,1.021445,1.026230
n75,median,13,0.910908,-0.481992,0.858407,0.681379,0.726091,-1.023675,0.869811,0.254585,0.502482,1.029385,0.986357,0.982176,1.031876,0.992180
n75,median,14,0.914078,-0.602080,0.858444,0.696980,0.731579,-1.153026,0.879255,0.312892,0.530219,0.952759,0.957845,0.965534,1.018049,1.004637
n75,median,15,0.912571,-0.489156,0.858693,0.688410,0.729745,-1.039599,0.867005,0.209290,0.482056,1.025434,0.983466,1.005242,1.022949,0.987810
n75,median,16,0.912342,-0.430055,0.857354,0.682930,0.727348,-0.953852,0.864476,0.207744,0.482635,1.016513,0.974875,0.985829,0.985141,0.955608
n75,median,17,0.914917,-0.494357,0.859293,0.692751,0.732500,-1.059608,0.869747,0.230136,0.492442,1.017662,0.981917,0.999768,1.017425,1.016124
n75,median,18,0.909223,-0.409744,0.854798,0.673521,0.721266,-0.893987,0.866841,0.256973,0.505315,1.024472,0.995629,0.983611,0.996327,0.938208
n75,median,19,0.911802,-0.604313,0.857593,0.692947,0.728674,-1.137624,0.878056,0.294308,0.521102,0.946673,0.951086,0.962729,1.014349,0.966038
n75,median,20,0.906463,-0.462143,0.849972,0.669264,0.714237,-0.870576,0.872071,0.411377,0.575995,0.985272,1.049040,0.986079,1.027239,0.965022
n75,median,21,0.908742,-0.548057,0.857746,0.685093,0.725856,-1.082391,0.872007,0.238349,0.493948,0.991655,0.964431,0.986715,1.031194,0.936807
n75,median,22,0.916787,-0.348454,0.854147,0.680145,0.726329,-0.831257,0.866752,0.306793,0.531092,1.015664,1.008223,0.977348,0.946710,1.002000
n75,median,23,0.909496,-0.593819,0.855590,0.686439,0.723849,-1.084880,0.878187,0.340021,0.542207,0.979714,1.008032,1.000118,1.060973,0.990399
n75,median,24,0.913144,-0.616225,0.856384,0.697422,0.729979,-1.130646,0.879850,0.360000,0.552324,0.961785,1.006022,1.007555,1.051394,1.030994
n75,median,25,0.907842,-0.332576,0.847230,0.657140,0.710326,-0.718347,0.866037,0.417737,0.580104,1.012724,1.055495,0.955861,0.975683,0.965276
n75,median,26,0.915087,-0.532073,0.859492,0.701863,0.736252,-1.104361,0.861969,0.111880,0.437097,0.984843,0.949168,1.023315,0.991033,0.945834
n75,median,27,0.918063,-0.675888,0.859757,0.712717,0.739272,-1.251358,0.884275,0.371146,0.558053,0.962070,1.011083,1.031110,1.076756,1.114317
n75,median,28,0.908813,-0.448306,0.856652,0.669575,0.720282,-0.978927,0.870558,0.295732,0.520808,1.014905,0.963007,0.922738,1.009353,0.969386
n75,median,29,0.912968,-0.589729,0.858344,0.694795,0.730571,-1.138707,0.876881,0.280276,0.514747,0.983903,0.976693,0.994055,1.039931,1.005186
n75,median,30,0.913978,-0.450115,0.858340,0.683819,0.728295,-0.992964,0.872549,0.300317,0.525172,0.993392,0.961348,0.938652,0.981297,0.997294
n75,median,31,0.913969,-0.354851,0.801443,0.681658,0.715064,-0.869575,0.848431,0.087021,0.428346,1.067584,1.004180,1.036700,0.980820,0.955997
n75,median,32,0.926032,-0.523643,0.860174,0.721027,0.748546,-1.159263,0.864865,0.071775,0.423155,0.963887,0.972570,1.082072,0.969080,1.031124
n75,median,33,0.912722,-0.470760,0.850590,0.687745,0.724898,-0.921908,0.871640,0.372018,0.559311,0.966130,1.034719,1.013787,0.993466,0.997780
n75,median,34,0.911817,-0.395192,0.849270,0.677382,0.720582,-0.824603,0.867296,0.343442,0.546933,0.975135,1.016107,0.982447,0.954545,0.952679
n75,median,35,0.911846,-0.398826,0.849253,0.676333,0.719995,-0.827062,0.868947,0.385827,0.565975,1.005770,1.060074,1.005297,0.994879,1.010037
n75,median,36,0.910978,-0.454134,0.857871,0.677436,0.724420,-0.985238,0.870845,0.283115,0.516187,1.049305,1.007531,0.984066,1.041500,1.015449
n75,median,37,0.920282,-0.293807,0.858696,0.679604,0.730498,-0.827129,0.867385,0.320611,0.537105,1.058358,1.006171,0.954586,0.949471,1.062925
n75,median,38,0.905935,-0.457064,0.855854,0.669105,0.719265,-0.985612,0.859130,0.217346,0.481824,1.065819,0.992617,0.985087,1.055421,0.958785
n75,median,39,0.911366,-0.477801,0.851441,0.682694,0.722370,-0.926569,0.873218,0.390690,0.567371,0.966427,1.023628,0.984667,0.999110,0.993214
n75,median,40,0.904867,-0.421298,0.848842,0.664089,0.711603,-0.813274,0.868499,0.359355,0.552270,1.011993,1.053294,1.002691,1.023651,0.925567
n75,median,41,0.914858,-0.421376,0.857393,0.684412,0.728722,-0.951899,0.869709,0.276038,0.514960,0.997483,0.968289,0.954787,0.967026,0.986896
n75,median,42,0.916485,-0.437443,0.804709,0.693812,0.721948,-1.034793,0.812615,0.040429,0.395210,1.034113,0.950955,1.000446,0.981375,0.987134
n75,median,43,0.914661,-0.408963,0.855538,0.688119,0.729427,-0.911756,0.863330,0.180054,0.472386,1.037476,1.019609,1.050538,0.993546,0.973636
n75,median,44,0.917253,-0.412973,0.853343,0.690075,0.729589,-0.905398,0.868699,0.287960,0.522385,0.990973,1.008402,1.005920,0.959598,1.002688
n75,median,45,0.913761,-0.336679,0.845143,0.677982,0.720604,-0.742892,0.861779,0.336092,0.544722,1.007865,1.097925,1.071941,0.967927,0.988622
n75,median,46,0.911363,-0.658961,0.856832,0.699228,0.730092,-1.177480,0.879059,0.304990,0.525901,0.946095,0.977474,1.011162,1.045384,0.972430
n75,median,47,0.919634,-0.508002,0.810051,0.706758,0.728767,-1.131591,0.849916,0.066945,0.415082,0.975158,0.922213,0.993242,0.960387,0.979716
n75,median,48,0.921339,-0.403283,0.856123,0.694058,0.733504,-0.923674,0.876529,0.439280,0.590889,0.967072,0.995786,0.935742,0.945967,1.082104
n75,median,49,0.910357,-0.838842,0.861695,0.713217,0.736954,-1.426801,0.881330,0.217478,0.481495,0.952341,0.959153,1.070341,1.113950,0.956475
n75,median,50,0.919774,-0.444760,0.854179,0.701138,0.735169,-0.959439,0.865742,0.179674,0.473806,0.985638,1.012144,1.066020,0.963103,0.990179
n75,median,51,0.910550,-0.387643,0.852791,0.670228,0.718960,-0.846356,0.867252,0.294637,0.523365,1.028769,1.015677,0.985346,0.994314,0.949232
n75,median,52,0.918100,-0.468162,0.856625,0.697399,0.734018,-1.005142,0.870949,0.253786,0.505876,0.990442,0.989398,1.008013,0.978768,1.017075
n75,median,53,0.914348,-0.420904,0.857112,0.685604,0.729020,-0.946270,0.866270,0.224872,0.491632,1.037863,1.005125,1.012530,1.001289,0.999305
n75,median,54,0.912734,-0.641834,0.858142,0.694832,0.729041,-1.169635,0.882759,0.383250,0.562566,0.972704,1.011196,0.995673,1.080645,1.059846
n75,median,55,0.911007,-0.529945,0.859962,0.682695,0.726769,-1.095889,0.873991,0.283332,0.514787,1.013821,0.971196,0.958593,1.044809,1.009166
n75,median,56,0.914309,-0.554375,0.803632,0.703830,0.724366,-1.177535,0.771499,-0.022833,0.352217,1.017402,0.936202,1.034559,1.016424,0.958664
n75,median,57,0.914146,-0.469685,0.853025,0.689019,0.727142,-0.951483,0.871814,0.314441,0.533204,0.981839,1.009203,1.001263,0.988445,0.995442
n75,median,58,0.926253,-0.324146,0.855559,0.696945,0.738126,-0.874842,0.858585,0.114442,0.446708,0.989931,1.005017,1.055818,0.907866,0.990491
n75,median,59,0.918890,-0.344246,0.853741,0.684059,0.728529,-0.832736,0.866670,0.307833,0.532101,1.005918,1.010421,0.985502,0.935778,1.011631
n75,median,60,0.921083,-0.447523,0.808741,0.698905,0.725609,-1.055900,-0.011743,-0.320856,0.035673,1.065966,0.943607,1.032101,0.987102,0.997013
n75,median,61,0.920789,-0.612836,0.858865,0.716955,0.742889,-1.206764,0.877670,0.249638,0.503142,0.960728,0.986884,1.049072,1.021309,1.066164
n75,median,62,0.918139,-0.457250,0.858653,0.698936,0.736286,-1.019529,0.863886,0.148079,0.456938,1.044273,1.015841,1.066627,1.015838,1.030719
n75,median,63,0.907601,-0.525498,0.853816,0.675432,0.718557,-0.993113,0.875314,0.334507,0.539694,0.988282,1.001791,0.973582,1.036965,0.956235
n75,median,64,0.919952,-0.515421,0.861443,0.706402,0.740858,-1.128967,0.867081,0.172038,0.466251,1.028962,0.992204,1.044032,1.027752,1.069691
n75,median,65,0.918969,-0.406031,0.807900,0.695074,0.724494,-1.010236,-0.000641,-0.030041,0.168067,1.026980,0.942261,0.996803,0.956460,0.980124
n75,median,66,0.914315,-0.300434,0.854999,0.669481,0.722545,-0.777947,0.864382,0.303208,0.529081,1.057388,1.023406,0.973527,0.962137,1.000527
n75,median,67,0.915041,-0.654989,0.858575,0.705697,0.735212,-1.215547,0.879985,0.290843,0.520115,0.954868,0.974539,1.011027,1.043411,1.022306
n75,median,68,0.916270,-0.594987,0.855642,0.705554,0.734402,-1.108099,0.880373,0.430161,0.585635,0.917261,1.010738,1.001996,1.014885,1.061546
n75,median,69,0.926934,-0.498542,0.856629,0.715642,0.744074,-1.084734,0.874793,0.274770,0.516821,0.925115,0.977459,1.021624,0.941925,1.055994
n75,median,70,0.912374,-0.469625,0.854308,0.679767,0.722846,-0.950457,0.875338,0.380358,0.562363,1.013159,1.031436,0.978196,1.030171,1.040028
n75,median,71,0.916274,-0.406135,0.854288,0.687557,0.728741,-0.900253,0.867344,0.260700,0.509738,1.008040,1.008097,1.009453,0.967561,0.993805
n75,median,72,0.918314,-0.418034,0.853480,0.694215,0.731731,-0.916758,0.866629,0.233392,0.498071,0.993619,1.013728,1.037363,0.960526,0.994642
n75,median,73,0.914578,-0.421648,0.798598,0.684259,0.715591,-1.004185,0.851011,0.195906,0.472997,1.056211,0.971903,0.969049,1.006888,1.031352
n75,median,74,0.912224,-0.491055,0.851964,0.687074,0.724747,-0.952691,0.872924,0.354264,0.550857,0.999728,1.050207,1.031830,1.031253,1.020220
n75,median,75,0.902981,-0.404320,0.855888,0.651480,0.711961,-0.933860,0.855817,0.269477,0.503913,1.090160,0.991666,0.927183,1.061072,0.982347
n75,median,76,0.907011,-0.302475,0.845782,0.652221,0.707821,-0.671167,0.863836,0.425143,0.583606,1.003340,1.049445,0.941197,0.953616,0.941232
n75,median,77,0.909937,-0.511431,0.851625,0.686615,0.723347,-0.959679,0.871847,0.319770,0.534451,0.970068,1.015862,1.019079,1.009677,0.947889
n75,median,78,0.913376,-0.597790,0.855138,0.698026,0.729750,-1.089161,0.879956,0.430488,0.585251,0.916616,1.001334,0.981830,1.016613,1.025874
n75,median,79,0.909969,-0.470392,0.852097,0.679515,0.721067,-0.923226,0.871340,0.322847,0.535992,1.004480,1.028108,1.007902,1.019303,0.973318
n75,median,80,0.918006,-0.469347,0.855195,0.698191,0.733590,-0.991940,0.870499,0.253546,0.506159,0.992613,1.006680,1.030432,0.984699,1.018964
n75,median,81,0.919384,-0.375594,0.854366,0.691545,0.731529,-0.868933,0.861399,0.164347,0.467711,0.989419,0.994920,1.030778,0.927546,0.952019
n75,median,82,0.914707,-0.679868,0.862664,0.707150,0.738435,-1.311873,0.875519,0.215268,0.482331,0.945432,0.915811,0.974279,1.027697,0.988714
n75,median,83,0.918481,-0.448800,0.853543,0.696809,0.732573,-0.955760,0.870738,0.286780,0.521878,1.006718,1.040835,1.050157,0.996722,1.051174
n75,median,84,0.916323,-0.386201,0.857331,0.686262,0.730441,-0.913320,0.863652,0.204766,0.483532,1.002749,0.968500,0.977339,0.945490,0.966665
n75,median,85,0.921974,-0.401155,0.852635,0.698643,0.734591,-0.910336,0.865490,0.218679,0.492442,0.986015,1.029779,1.065704,0.948973,1.014086
n75,median,86,0.920805,-0.388150,0.851665,0.693103,0.731419,-0.879054,0.870027,0.357479,0.554538,0.961172,1.017195,0.994416,0.933186,1.034592
n75,median,87,0.916169,-0.465797,0.856107,0.690323,0.729912,-0.985799,0.874261,0.331340,0.540654,0.976952,0.979552,0.960123,0.975153,1.015416
n75,median,88,0.910242,-0.561663,0.854980,0.687355,0.724771,-1.051919,0.875759,0.309886,0.528820,0.992256,1.011656,1.012915,1.049881,0.986576
n75,median,89,0.909045,-0.551196,0.852984,0.683356,0.721302,-1.003594,0.877578,0.455580,0.595711,0.945620,1.039980,0.986993,1.041823,1.013728
n75,median,90,0.912553,-0.650507,0.857182,0.703871,0.733009,-1.183250,0.876451,0.242042,0.496985,0.994414,1.012417,1.074917,1.079991,1.001897
n75,median,91,0.909534,-0.426193,0.851135,0.669822,0.716634,-0.859657,0.872051,0.396294,0.569757,1.005304,1.040330,0.968201,1.011823,0.998336
n75,median,92,0.915174,-0.322410,0.856467,0.674887,0.725621,-0.823280,0.863088,0.256383,0.507487,1.011098,0.968646,0.941644,0.924778,0.958415
n75,median,93,0.913807,-0.621746,0.857415,0.707314,0.735480,-1.160664,0.872141,0.174931,0.466493,0.982311,0.988407,1.074363,1.041488,0.963996
n75,median,94,0.915586,-0.475240,0.858641,0.691576,0.732009,-1.031510,0.871495,0.260788,0.507315,1.012377,0.984208,0.988734,1.006249,1.022704
n75,median,95,0.917043,-0.437060,0.854602,0.687582,0.727930,-0.922357,0.877264,0.469439,0.604065,0.986706,1.039849,0.957536,0.999538,1.101222
n75,median,96,0.909654,-0.440688,0.850397,0.674672,0.718347,-0.870760,0.871088,0.379966,0.562436,1.007671,1.054308,1.002726,1.021237,0.997182
n75,median,97,0.921226,-0.461059,0.859773,0.704057,0.739927,-1.049809,0.866824,0.173785,0.469246,0.992955,0.970600,1.015508,0.967988,1.024480
n75,median,98,0.910791,-0.417698,0.855495,0.675261,0.722688,-0.916463,0.869273,0.285525,0.518541,1.040682,1.013090,0.988664,1.016407,0.987835
n75,median,99,0.919036,-0.352739,0.807217,0.688286,0.721584,-0.929603,-0.011383,-0.306930,0.048965,1.034873,0.933168,0.986841,0.927624,0.944977
n75,median,100,0.907091,-0.259323,0.849372,0.651643,0.709947,-0.641966,0.858426,0.302208,0.528797,1.051578,1.033312,0.972779,0.944714,0.894461
n75,median,101,0.911057,-0.361481,0.845826,0.673656,0.717767,-0.764785,0.866414,0.456381,0.597344,0.979201,1.093948,1.015682,0.978612,1.016829
n75,median,102,0.917229,-0.562167,0.855665,0.704226,0.734852,-1.091235,0.877276,0.332419,0.541155,0.942652,0.988255,1.003025,0.996090,1.029288
n75,median,103,0.913910,-0.484077,0.855873,0.683965,0.725719,-0.987477,0.877098,0.383956,0.564026,1.012261,1.024585,0.973911,1.033414,1.062051
n75,median,104,0.923602,-0.572607,0.860677,0.719792,0.746629,-1.201306,0.872202,0.165202,0.464771,0.963705,0.966681,1.050475,0.992178,1.053150
n75,median,105,0.914424,-0.457514,0.851767,0.687379,0.725819,-0.919552,0.873925,0.425070,0.583651,0.982904,1.055169,1.004226,1.008996,1.059504
n75,median,106,0.909937,-0.530819,0.857137,0.686151,0.726530,-1.059570,0.872112,0.246798,0.498826,0.985876,0.964752,0.982682,1.016345,0.942483
n75,median,107,0.924562,-0.295664,0.813626,0.694433,0.728972,-0.884423,0.838613,-0.457589,0.193046,1.023404,0.979374,1.043118,0.913737,0.970343
n75,median,108,0.916224,-0.586099,0.856100,0.705459,0.735131,-1.120844,0.875878,0.272756,0.513288,0.938239,0.968905,1.008597,0.992628,0.989880
n75,median,109,0.912145,-0.503101,0.855472,0.681763,0.723758,-0.998343,0.876958,0.371522,0.557870,0.993372,1.006929,0.962323,1.026062,1.024368
n75,median,110,0.908691,-0.567873,0.855954,0.681938,0.722326,-1.064794,0.876845,0.312680,0.529233,1.013791,1.020312,1.010437,1.078301,0.996053
n75,median,111,0.914573,-0.410249,0.855582,0.683745,0.727533,-0.918608,0.868677,0.273582,0.514517,0.987894,0.971542,0.961470,0.953872,0.966641
n75,median,112,0.918210,-0.423264,0.854461,0.692022,0.731103,-0.931371,0.870997,0.313492,0.533756,0.996664,1.011869,1.001214,0.971106,1.033505
n75,median,113,0.912176,-0.457119,0.857660,0.680933,0.726115,-0.989437,0.871463,0.284575,0.517438,1.027312,0.993355,0.975203,1.020003,1.006349
n75,median,114,0.917472,-0.492403,0.853261,0.699802,0.732843,-0.996587,0.872854,0.311950,0.532742,0.946637,0.996765,1.009139,0.966247,1.006419
n75,median,115,0.914342,-0.480961,0.849887,0.695272,0.728461,-0.942320,0.871414,0.376030,0.561217,0.946400,1.050490,1.047031,0.989911,1.012973
n75,median,116,0.920737,-0.562770,0.856933,0.712201,0.740243,-1.126352,0.877680,0.311956,0.532419,0.913202,0.957020,0.988386,0.960038,1.026351
n75,median,117,0.918105,-0.429192,0.802543,0.688962,0.719358,-1.033850,-0.003900,0.122970,0.228820,1.076779,0.956295,0.968498,1.008137,1.061344
n75,median,118,0.919222,-0.438231,0.851794,0.701200,0.733947,-0.928414,0.864394,0.175023,0.472119,0.954660,1.008649,1.069717,0.939457,0.952568
n75,median,119,0.911918,-0.539823,0.855874,0.695041,0.729648,-1.046153,0.869843,0.204135,0.480589,0.983600,0.980040,1.030127,1.008371,0.935140
n75,median,120,0.918434,-0.442647,0.808806,0.699764,0.725115,-1.010202,0.854183,0.057438,0.414804,1.018744,0.977955,1.048068,0.976127,0.975798
n75,median,121,0.920396,-0.329432,0.853574,0.685482,0.729684,-0.819573,0.864491,0.275339,0.518080,1.019724,1.028215,1.016184,0.938269,1.019606
n75,median,122,0.908044,-0.503562,0.852724,0.673002,0.716986,-0.945801,0.875798,0.407918,0.574179,0.961396,1.008130,0.947500,1.016116,0.969616
n75,median,123,0.918254,-0.470887,0.852730,0.698358,0.732320,-0.966911,0.874282,0.389175,0.567954,0.952512,1.026329,1.008370,0.976624,1.055016
n75,median,124,0.917615,-0.463537,0.854781,0.695992,0.732336,-0.979152,0.871540,0.285658,0.520717,0.982973,1.000502,1.009399,0.976416,1.017059
n75,median,125,0.915000,-0.463197,0.854850,0.697315,0.731822,-0.951911,0.863254,0.136510,0.452471,0.979569,0.984040,1.051530,0.961171,0.913104
n75,median,126,0.912432,-0.197950,0.844177,0.650318,0.709930,-0.560373,0.856728,0.419646,0.582809,1.061337,1.099233,0.984274,0.929497,0.987768
n75,median,127,0.912659,-0.513964,0.856458,0.684282,0.725525,-1.026283,0.877196,0.353383,0.549378,0.988665,0.992231,0.958558,1.021191,1.019091
n75,median,128,0.915189,-0.558727,0.852313,0.706045,0.733566,-1.048990,0.872523,0.283075,0.518546,0.945000,1.025768,1.079011,1.005747,0.986778
n75,median,129,0.909125,-0.428141,0.851823,0.665111,0.714418,-0.862123,0.873310,0.410036,0.575625,0.994010,1.022554,0.936690,1.005462,0.984819
n75,median,130,0.924552,-0.326250,0.813964,0.696956,0.729965,-0.944488,-0.011875,-0.400769,0.010067,1.070778,0.992815,1.063599,0.958904,1.021484
n75,median,131,0.911855,-0.566188,0.860250,0.693350,0.731605,-1.144929,0.868504,0.200680,0.475998,1.011306,0.967355,1.005951,1.045645,0.987277
n75,median,132,0.912818,-0.511685,0.852903,0.688668,0.725634,-0.980862,0.875631,0.401152,0.572144,0.938046,0.998645,0.966149,0.986593,0.996258
n75,median,133,0.913613,-0.591238,0.856916,0.704691,0.734331,-1.119711,0.870578,0.172333,0.465702,0.937566,0.940726,1.017475,0.979962,0.907931
n75,median,134,0.918406,-0.333826,0.856143,0.681623,0.728916,-0.842711,0.867755,0.315178,0.534840,1.029058,1.009529,0.972983,0.951295,1.031021
n75,median,135,0.907863,-0.383362,0.846846,0.667088,0.713763,-0.774679,0.867230,0.424754,0.582802,1.012439,1.092402,1.015124,1.013892,0.993084
n75,median,136,0.916007,-0.400577,0.854757,0.688468,0.729266,-0.891804,0.863814,0.197494,0.481250,1.030287,1.022930,1.047178,0.980013,0.983166
n75,median,137,0.915583,-0.460690,0.851454,0.695301,0.729826,-0.934970,0.868247,0.260768,0.509724,0.981561,1.029287,1.056880,0.982305,0.983557
n75,median,138,0.922248,-0.328961,0.849348,0.692266,0.733621,-0.866834,0.855199,0.077571,0.429083,1.011105,0.990162,1.035511,0.918617,0.968887
n75,median,139,0.918547,-0.517892,0.861230,0.703608,0.739538,-1.141240,0.858210,0.144130,0.450617,0.970493,0.916265,0.963940,0.965689,0.991816
n75,median,140,0.915450,-0.403609,0.859514,0.682268,0.729241,-0.953326,0.868755,0.285757,0.518673,1.041760,0.990188,0.961522,0.997176,1.039278
n75,median,141,0.919710,-0.558924,0.858860,0.710140,0.740253,-1.142786,0.873636,0.217833,0.488498,0.963496,0.965854,1.020389,0.991059,1.023787
n75,median,142,0.910569,-0.424862,0.851598,0.671749,0.718035,-0.867351,0.871936,0.383583,0.564075,0.998792,1.025863,0.961369,0.998850,0.991461
n75,median,143,0.917255,-0.580427,0.859417,0.710070,0.739819,-1.166393,0.868895,0.140760,0.451504,0.954892,0.942563,1.025253,0.986275,0.961829
n75,median,144,0.908578,-0.298545,0.846747,0.652972,0.709022,-0.677193,0.865551,0.454783,0.597072,0.995714,1.042346,0.917623,0.944921,0.965410
n75,median,145,0.915580,-0.323814,0.803279,0.680023,0.715253,-0.822091,0.854820,0.130722,0.451088,1.055411,1.009915,1.028384,0.957599,0.958338
n75,median,146,0.916514,-0.444657,0.856760,0.692770,0.732204,-0.977919,0.868474,0.230168,0.494785,1.016173,1.001481,1.020014,0.992314,1.009747
n75,median,147,0.912851,-0.340429,0.849308,0.677382,0.721601,-0.759641,0.860513,0.242488,0.502712,1.005226,1.028786,1.029911,0.940578,0.918772
n75,median,148,0.915178,-0.264259,0.850097,0.664630,0.718363,-0.688977,0.863323,0.385917,0.567277,1.037437,1.044676,0.961888,0.932177,1.003008
n75,median,149,0.909913,-0.343145,0.847681,0.667692,0.715783,-0.744165,0.863826,0.337257,0.544445,1.034690,1.068769,1.018778,0.985510,0.966484
n75,upper,0,0.899552,-1.107400,0.876495,0.727694,0.744007,-1.680789,0.874200,0.193651,0.452420,1.044965,0.762017,1.160271,1.213243,0.615252
n75,upper,1,0.887677,-0.481117,0.805114,0.676540,0.704684,-0.875050,0.878276,0.565475,0.645246,0.716515,1.002452,0.903180,0.968975,0.796214
n75,upper,2,0.898754,-0.422818,0.856853,0.656313,0.711229,-0.903321,0.880479,0.393039,0.563863,1.195941,1.167744,0.988007,1.267610,1.085685
n75,upper,3,0.890800,-0.688748,0.870465,0.685895,0.719526,-1.048469,0.897953,0.615422,0.672435,0.795046,1.060797,0.776669,1.195675,0.961467
n75,upper,4,0.941331,-0.812597,0.833494,0.773040,0.770497,-1.766171,-0.015121,-0.543294,-0.083869,0.931479,0.829053,1.296298,0.938137,0.879718
n75,upper,5,0.908846,-0.586155,0.853582,0.697306,0.727958,-1.052812,0.879210,0.519943,0.625145,0.895600,1.102332,1.059974,1.071810,1.076372
n75,upper,6,0.923157,0.201955,0.845596,0.564822,0.687591,-0.048571,0.859584,0.613332,0.680517,1.608563,0.884257,0.862553,0.803590,1.124205
n75,upper,7,0.931519,0.055021,0.813697,0.640879,0.710348,-0.341091,0.868426,0.612645,0.673024,1.268125,0.947120,0.798627,0.801572,1.133380
n75,upper,8,0.900851,-0.132220,0.849997,0.612206,0.694547,-0.514436,0.867691,0.485498,0.609762,1.158312,1.105143,0.832061,1.027312,0.999829
n75,upper,9,0.895338,-0.408293,0.848268,0.664078,0.708356,-0.744678,0.871382,0.530835,0.629093,1.024067,1.193705,1.025248,1.140942,0.988366
n75,upper,10,0.892395,0.027821,0.840414,0.593574,0.681356,-0.200845,0.854690,0.608475,0.666590,1.041145,1.128254,0.690908,0.902453,0.871075
n75,upper,11,0.927087,-0.955605,0.853784,0.719361,0.740772,-1.747283,0.880250,0.355577,0.545871,0.837281,0.911939,1.381926,0.793826,1.221164
n75,upper,12,0.920596,-1.233635,0.876674,0.763891,0.766798,-1.968085,0.906952,0.556268,0.647057,0.655241,0.899235,1.010704,1.116377,1.149633
n75,upper,13,0.893593,-0.583313,0.862765,0.654630,0.709239,-1.104209,0.838007,0.271808,0.491629,1.172017,0.896317,0.872718,1.189940,0.930071
n75,upper,14,0.916071,-1.316244,0.880245,0.754508,0.763473,-2.164878,0.910408,0.431489,0.582902,0.720987,0.745503,0.783894,1.093271,1.005891
n75,upper,15,0.900141,-0.647683,0.856519,0.671996,0.717285,-1.198296,-0.010228,0.123561,0.217253,1.144047,0.879940,1.009704,1.126745,0.904644
n75,upper,16,0.899258,-0.268431,0.772691,0.642398,0.687266,-0.656045,-0.004509,0.123258,0.245290,1.082952,0.832761,0.893306,0.889396,0.734633
n75,upper,17,0.913287,-0.673366,0.796311,0.702401,0.721356,-1.372846,-0.011562,0.109761,0.206890,1.090659,0.871274,0.975664,1.089066,1.080350
n75,upper,18,0.887382,-0.112396,0.846926,0.591993,0.680479,-0.422172,-0.006562,0.243152,0.298858,1.137324,0.950565,0.880758,0.954764,0.654555
n75,upper,19,0.902254,-1.419515,0.878740,0.735040,0.748510,-2.144992,0.906719,0.371570,0.548745,0.692539,0.713071,0.769703,1.068553,0.786470
n75,upper,20,0.861143,-0.144491,0.814430,0.646922,0.688909,-0.344873,0.871162,0.602543,0.664077,0.890143,1.319853,0.894732,1.156752,0.781290
n75,upper,21,0.885409,-1.071708,0.875526,0.675903,0.715541,-1.630757,-0.007364,0.159865,0.203273,0.926989,0.778286,0.898359,1.185013,0.648437
n75,upper,22,0.938651,0.166127,0.815696,0.625379,0.711545,-0.339568,0.850265,0.559976,0.636440,1.077283,1.028658,0.846121,0.692711,0.989423
n75,upper,23,0.892469,-1.231584,0.879105,0.724949,0.738635,-1.670054,0.908067,0.500346,0.615383,0.859066,1.027436,0.977810,1.417035,0.919635
n75,upper,24,0.909160,-1.270770,0.877819,0.751760,0.757785,-1.911365,0.908907,0.587142,0.660835,0.764973,1.014633,1.024382,1.338568,1.183568
n75,upper,25,0.870933,0.266204,0.824028,0.462640,0.625760,0.147093,0.828679,0.682656,0.700740,1.057842,1.371698,0.735854,0.837109,0.782583
n75,upper,26,0.923531,-0.964252,0.832672,0.775213,0.764808,-1.762545,-0.013186,-0.287945,0.020227,0.887711,0.704088,1.129277,0.923343,0.688697
n75,upper,27,0.939667,-1.283100,0.895817,0.824320,0.807718,-2.170706,0.926234,0.715548,0.733669,0.766397,1.047126,1.184407,1.554745,1.928374
n75,upper,28,0.897952,-0.427212,0.869244,0.632775,0.696733,-0.782810,0.887913,0.385135,0.559546,1.072232,0.771098,0.589648,1.035924,0.803747
n75,upper,29,0.906551,-1.301381,0.876413,0.728809,0.748479,-2.137904,0.891054,0.272724,0.497717,0.882402,0.842563,0.941169,1.249505,1.009351
n75,upper,30,0.913164,-0.367760,0.864522,0.659727,0.721986,-0.973827,-0.009419,0.432735,0.352823,0.937233,0.762793,0.656502,0.867822,0.960596
n75,upper,31,0.915401,0.082875,0.796669,0.626647,0.694627,-0.159466,0.802528,-0.091429,0.366709,1.473415,1.003025,1.225318,0.865179,0.736515
n75,upper,32,0.922045,-1.496937,0.872413,0.715430,0.743304,-2.529166,0.888769,0.360213,0.544452,0.775533,0.820474,1.603593,0.802155,1.184507
n75,upper,33,0.900509,-0.241665,0.839302,0.669332,0.712078,-0.541008,0.861548,0.566116,0.646856,0.786941,1.210684,1.064840,0.937673,0.963538
n75,upper,34,0.897415,0.018471,0.821672,0.593237,0.677347,-0.175782,0.834336,0.556750,0.642528,0.834158,1.080234,0.874229,0.729516,0.720605
n75,upper,35,0.895494,0.027355,0.826766,0.612422,0.687205,-0.194684,0.843018,0.693112,0.699846,1.013041,1.409506,1.010049,0.946078,1.040340
n75,upper,36,0.894228,-0.407017,0.860298,0.635125,0.701921,-0.892200,0.852381,0.336771,0.529151,1.321954,1.024234,0.883320,1.261388,1.075850
n75,upper,37,0.946380,0.282414,0.845896,0.685961,0.750285,-0.216600,0.884304,0.839856,0.775835,1.395235,1.015577,0.729710,0.705499,1.433484
n75,upper,38,0.895986,-0.390770,0.872738,0.643579,0.698746,-0.601564,0.893530,0.421248,0.580670,1.458180,0.932648,0.889093,1.371099,0.750111
n75,upper,39,0.887861,-0.257481,0.800665,0.660396,0.699571,-0.612510,0.869879,0.662783,0.689473,0.788458,1.131448,0.886712,0.971636,0.936176
n75,upper,40,0.867231,-0.005936,0.849289,0.629126,0.689571,-0.147793,0.862422,0.549567,0.641138,1.053059,1.353834,0.993720,1.131610,0.601094
n75,upper,41,0.920775,-0.223942,0.797345,0.659258,0.707125,-0.731164,-0.009901,0.348858,0.333529,0.961739,0.798051,0.730680,0.791533,0.899396
n75,upper,42,0.919555,-0.280116,0.846320,0.670236,0.723919,-0.733775,0.850776,0.092662,0.439699,1.206237,0.712453,0.979828,0.868258,0.900759
n75,upper,43,0.929862,-0.056673,0.818478,0.688736,0.733208,-0.563603,0.397747,-0.610511,0.034884,1.231092,1.103836,1.331736,0.938143,0.826136
n75,upper,44,0.935059,-0.118184,0.849641,0.668450,0.727935,-0.687068,0.853345,0.292188,0.521454,0.922988,1.029809,1.013989,0.754113,0.993698
n75,upper,45,0.868216,0.207709,0.838221,0.560102,0.665673,0.070283,0.823997,0.343767,0.551603,1.026364,1.756978,1.511585,0.796176,0.909322
n75,upper,46,0.900757,-1.797047,0.882946,0.765548,0.761961,-2.413493,0.912807,0.468008,0.599375,0.689889,0.846805,1.047641,1.291228,0.819731
n75,upper,47,0.941787,-0.536200,0.833344,0.762061,0.777425,-1.706111,-0.015442,-0.189017,0.077797,0.834284,0.587541,0.936347,0.758014,0.859077
n75,upper,48,0.953270,-0.007139,0.897711,0.802830,0.811780,-0.810863,0.909143,0.918375,0.817736,0.791773,0.951508,0.643824,0.689305,1.603886
n75,upper,49,0.901837,-3.180051,0.908461,0.810451,0.795275,-4.050155,0.930593,0.389552,0.554232,0.719002,0.751921,1.497478,1.924395,0.738832
n75,upper,50,0.919084,-0.576620,0.823352,0.675639,0.708194,-1.015169,0.845467,0.054879,0.408574,0.892217,1.054044,1.459904,0.771583,0.918357
n75,upper,51,0.887009,0.011488,0.844603,0.570209,0.673339,-0.252787,0.849296,0.362131,0.555808,1.167619,1.077370,0.890562,0.942710,0.704384
n75,upper,52,0.945629,-0.244359,0.827959,0.729060,0.760556,-1.190233,0.838316,0.099830,0.429254,0.919890,0.913816,1.027314,0.853870,1.086713
n75,upper,53,0.915288,-0.215545,0.798019,0.659390,0.706741,-0.683132,-0.010361,-0.006723,0.192612,1.233974,1.008967,1.056572,0.985024,0.972824
n75,upper,54,0.912595,-1.485286,0.889947,0.758115,0.763177,-2.117930,0.921082,0.618053,0.679846,0.821181,1.047859,0.950833,1.590355,1.407608
n75,upper,55,0.899032,-0.978055,0.877562,0.681138,0.722620,-1.616547,0.862151,0.324575,0.514188,1.065064,0.813218,0.749167,1.286775,1.034718
n75,upper,56,0.922498,-1.130763,0.871900,0.759309,0.760560,-1.683531,0.881337,0.191376,0.466275,1.088911,0.645814,1.209509,1.082354,0.749515
n75,upper,57,0.912498,-0.383277,0.845111,0.682124,0.721349,-0.794603,0.866635,0.458252,0.598056,0.870840,1.034953,0.984865,0.908300,0.949449
n75,upper,58,0.899917,-0.230451,0.849318,0.589440,0.682104,-0.629321,0.851755,0.324211,0.533428,0.916914,1.008288,1.374338,0.532439,0.920176
n75,upper,59,0.935227,0.131217,0.810993,0.636374,0.713119,-0.317095,0.850330,0.569666,0.647238,1.013975,1.042827,0.891450,0.643976,1.050693
n75,upper,60,0.923123,-0.159535,0.753005,0.644060,0.691033,-0.522294,0.841532,0.093235,0.443326,1.459442,0.678575,1.191576,0.900579,0.958897
n75,upper,61,0.955177,-0.956550,0.882388,0.813275,0.811499,-2.405086,0.884138,0.288928,0.515158,0.759710,0.899326,1.320106,1.115442,1.461143
n75,upper,62,0.947358,-0.316375,0.823287,0.727748,0.756416,-1.192599,-0.014227,-0.596701,-0.077445,1.282632,1.078463,1.465137,1.078440,1.181590
n75,upper,63,0.885403,-0.732593,0.872087,0.685089,0.717117,-1.079110,0.897887,0.440776,0.583926,0.907362,0.988126,0.825848,1.227289,0.737664
n75,upper,64,0.952621,-0.504773,0.843131,0.775401,0.787850,-1.815885,-0.014712,-0.064289,0.119105,1.168995,0.930214,1.280777,1.160385,1.491768
n75,upper,65,0.930761,-0.110586,0.787670,0.659678,0.713419,-0.613103,0.797328,0.026417,0.405228,1.154922,0.672518,0.957630,0.738755,0.861331
n75,upper,66,0.918095,0.232282,0.797594,0.556720,0.671326,0.029971,0.839982,0.612260,0.674771,1.387222,1.129910,0.825556,0.766732,0.980323
n75,upper,67,0.919147,-1.801334,0.882054,0.785401,0.776451,-2.639821,0.913040,0.441360,0.589478,0.731067,0.830961,1.046756,1.275993,1.122301
n75,upper,68,0.931992,-0.640507,0.881749,0.792209,0.789086,-1.343673,0.908832,0.776839,0.755146,0.568006,1.044879,0.989400,1.072101,1.421845
n75,upper,69,0.924291,-0.744677,0.881066,0.755712,0.767621,-1.501458,0.905215,0.758925,0.738603,0.599253,0.846727,1.117605,0.671011,1.375777
n75,upper,70,0.908048,-0.383398,0.861094,0.683503,0.725260,-0.804495,0.887412,0.640900,0.683936,1.060699,1.186761,0.850744,1.177650,1.250236
n75,upper,71,0.933735,-0.020443,0.810107,0.662529,0.722729,-0.602365,0.814489,0.086346,0.430466,1.027485,1.027853,1.036565,0.794290,0.939681
n75,upper,72,0.924789,-0.292342,0.782867,0.665931,0.701167,-0.727710,0.829656,-0.005228,0.390988,0.938580,1.064451,1.230244,0.758705,0.944663
n75,upper,73,0.925608,-0.244729,0.864500,0.663949,0.720710,-0.603966,0.888613,0.590328,0.666814,1.377557,0.816944,0.801992,1.020135,1.186149
n75,upper,74,0.896351,-0.403552,0.847092,0.663592,0.709721,-0.766919,0.870335,0.570101,0.646915,0.975419,1.329100,1.189610,1.185434,1.107992
n75,upper,75,0.903421,-0.132055,0.884315,0.601864,0.682897,-0.277458,0.902775,0.518853,0.635073,1.680381,0.927049,0.607715,1.417859,0.873671
n75,upper,76,0.866957,0.349456,0.820630,0.508792,0.646692,0.264601,0.821808,0.683049,0.704282,0.997764,1.323056,0.667763,0.725068,0.667917
n75,upper,77,0.888222,-0.506179,0.854473,0.686138,0.717016,-0.812578,0.875890,0.456052,0.593950,0.807304,1.078603,1.100232,1.038009,0.698148
n75,upper,78,0.906510,-0.737555,0.835973,0.750482,0.752219,-1.364187,0.905695,0.715830,0.724230,0.565502,0.985301,0.870788,1.083616,1.147132
n75,upper,79,0.889263,-0.348751,0.846676,0.650986,0.700377,-0.633221,0.867561,0.485468,0.607951,1.004903,1.162912,1.026601,1.101751,0.824444
n75,upper,80,0.941529,-0.352269,0.854476,0.720755,0.755211,-1.114309,0.839870,0.050851,0.410898,0.932628,1.018811,1.179522,0.886892,1.099452
n75,upper,81,0.918669,-0.172452,0.759027,0.632408,0.679990,-0.509484,0.804397,-0.122364,0.336854,0.913934,0.946321,1.182015,0.609210,0.717476
n75,upper,82,0.911846,-2.160916,0.889691,0.754211,0.765433,-3.322555,-0.011988,0.174002,0.191112,0.686859,0.562388,0.829572,1.159994,0.909856
n75,upper,83,0.934220,-0.321913,0.856623,0.697046,0.738113,-0.978151,0.868884,0.340033,0.539804,1.019054,1.256342,1.328702,0.957139,1.336808
n75,upper,84,0.932300,0.015896,0.810898,0.652067,0.720042,-0.578980,-0.010690,-0.080023,0.171465,0.994080,0.799144,0.846071,0.687125,0.789680
n75,upper,85,0.905104,-0.352528,0.839924,0.606364,0.683205,-0.731913,0.855034,0.339511,0.540730,0.894364,1.174838,1.457188,0.703180,1.066812
n75,upper,86,0.917059,-0.091607,0.863396,0.660526,0.722821,-0.536250,0.871556,0.702768,0.704195,0.761917,1.087520,0.943316,0.632855,1.209753
n75,upper,87,0.929847,-0.389614,0.866146,0.712880,0.747975,-0.994683,0.889381,0.597581,0.663938,0.843968,0.858177,0.756709,0.834257,1.075632
n75,upper,88,0.894312,-0.998758,0.868849,0.716985,0.734175,-1.445700,0.897304,0.444553,0.587358,0.930521,1.050858,1.059097,1.326512,0.897568
n75,upper,89,0.875701,-0.492814,0.816195,0.715201,0.722595,-0.848406,0.895507,0.664133,0.696597,0.687719,1.249870,0.899953,1.263850,1.064447
n75,upper,90,0.908615,-1.886149,0.880237,0.775177,0.767188,-2.572583,0.906533,0.328590,0.528543,0.943305,1.055833,1.538143,1.584321,0.988784
n75,upper,91,0.885105,-0.099986,0.845153,0.623695,0.691645,-0.348483,0.864086,0.653458,0.686191,1.010096,1.252519,0.797595,1.051946,0.966915
n75,upper,92,0.921401,0.171617,0.797955,0.579199,0.681135,-0.101871,0.841355,0.496361,0.623221,1.047223,0.799901,0.669756,0.597883,0.748292
n75,upper,93,0.922546,-1.629296,0.883088,0.816736,0.793921,-2.450678,0.887847,0.083723,0.404442,0.873471,0.908082,1.533173,1.261301,0.776084
n75,upper,94,0.924747,-0.530931,0.806757,0.703691,0.727194,-1.207149,-0.011387,0.210497,0.255280,1.055568,0.884119,0.909967,1.016076,1.125048
n75,upper,95,0.941131,-0.076013,0.888216,0.793641,0.798851,-0.682388,0.906933,0.920320,0.822403,0.898312,1.248881,0.743990,0.974254,1.790380
n75,upper,96,0.878775,-0.111676,0.787267,0.579236,0.658855,-0.368342,0.857872,0.631202,0.674392,1.025124,1.362040,0.993938,1.114950,0.959920
n75,upper,97,0.948818,-0.448462,0.828433,0.744193,0.762298,-1.446246,-0.014976,-0.135963,0.103402,0.934646,0.810087,1.076241,0.796495,1.137377
n75,upper,98,0.894532,-0.161959,0.847718,0.588725,0.682216,-0.549456,-0.007488,0.294652,0.315586,1.255183,1.060244,0.909564,1.082238,0.904787
n75,upper,99,0.911679,0.088520,0.741522,0.574506,0.661445,-0.137655,0.830590,0.110654,0.463933,1.211814,0.632780,0.899082,0.609532,0.684786
n75,upper,100,0.893975,0.394163,0.784239,0.511350,0.642396,0.385122,0.824620,0.561245,0.669204,1.340038,1.200383,0.821582,0.683590,0.484946
n75,upper,101,0.884687,0.244751,0.823995,0.655693,0.706017,0.180344,0.840792,0.732096,0.732322,0.856246,1.717386,1.077400,0.853019,1.085066
n75,upper,102,0.935951,-0.788421,0.870828,0.765155,0.772740,-1.576226,0.898886,0.524555,0.632086,0.674271,0.907202,0.995797,0.953334,1.171318
n75,upper,103,0.920214,-0.459507,0.871745,0.727815,0.752466,-1.023982,0.900116,0.666790,0.698315,1.054809,1.138109,0.827606,1.201125,1.426101
n75,upper,104,0.944899,-1.288636,0.830058,0.796334,0.777695,-2.542264,0.886779,0.335289,0.534893,0.774617,0.789761,1.331232,0.930062,1.352671
n75,upper,105,0.917266,-0.169810,0.856105,0.711744,0.741125,-0.536009,0.877799,0.811119,0.761144,0.876788,1.369040,1.003310,1.033620,1.404756
n75,upper,106,0.888514,-0.913389,0.866921,0.674375,0.715694,-1.493127,-0.008777,0.142992,0.205585,0.893576,0.779915,0.875548,1.081823,0.673511
n75,upper,107,0.906389,-0.113345,0.702932,0.571946,0.645469,-0.521744,-0.009916,0.116532,0.250578,1.129893,0.857196,1.273748,0.554436,0.808741
n75,upper,108,0.926434,-1.167520,0.868418,0.774958,0.771370,-1.955978,0.891777,0.207064,0.479181,0.654688,0.801243,1.031059,0.932712,0.916612
n75,upper,109,0.908678,-0.605651,0.868486,0.700723,0.732899,-1.100708,0.897639,0.582432,0.656693,0.937112,1.020394,0.767665,1.148452,1.136598
n75,upper,110,0.889450,-1.095069,0.878658,0.705517,0.729661,-1.595374,0.905080,0.387863,0.554934,1.064862,1.108621,1.042931,1.568807,0.953112
n75,upper,111,0.919363,-0.143717,0.801511,0.651623,0.706033,-0.610786,0.812938,0.206485,0.478951,0.905125,0.815039,0.763400,0.726291,0.789557
n75,upper,112,0.945643,-0.114725,0.857911,0.699303,0.748976,-0.847410,0.871492,0.555844,0.634165,0.956792,1.052249,0.984558,0.812745,1.201793
n75,upper,113,0.897286,-0.392693,0.858216,0.634258,0.705219,-0.955244,-0.008779,0.317161,0.304448,1.157267,0.937010,0.834525,1.106513,1.016708
n75,upper,114,0.934246,-0.431266,0.857640,0.716337,0.747143,-1.106998,0.874588,0.329752,0.537512,0.692374,0.957399,1.034544,0.787539,1.017154
n75,upper,115,0.903142,-0.183153,0.845830,0.692635,0.727698,-0.517471,0.865219,0.289881,0.526578,0.691287,1.331357,1.304055,0.916797,1.059479
n75,upper,116,0.955244,-0.690251,0.881659,0.789894,0.795180,-1.828371,0.906926,0.599802,0.663997,0.552400,0.741477,0.907957,0.756286,1.150489
n75,upper,117,0.929796,-0.078255,0.877684,0.670287,0.735427,-0.488612,0.900917,0.697188,0.722138,1.554951,0.737957,0.799132,1.028105,1.420145
n75,upper,118,0.905190,-0.477450,0.852089,0.640475,0.696246,-0.831646,0.861715,0.180838,0.461337,0.730069,1.031391,1.491997,0.660046,0.720076
n75,upper,119,0.910216,-0.885575,0.871302,0.758059,0.760042,-1.453776,0.870069,0.056634,0.395721,0.880694,0.860864,1.177328,1.029606,0.641223
n75,upper,120,0.934547,-0.447105,0.812880,0.722253,0.739632,-1.100466,-0.006071,-0.500302,-0.033515,1.097967,0.849428,1.312195,0.839503,0.837725
n75,upper,121,0.917316,0.039238,0.783427,0.606696,0.682756,-0.305583,0.843107,0.413522,0.579881,1.104618,1.163675,1.080748,0.654822,1.103815
n75,upper,122,0.881793,-0.480200,0.866116,0.659340,0.704733,-0.760045,0.891004,0.603364,0.665793,0.763034,1.028064,0.696352,1.080297,0.804945
n75,upper,123,0.941177,-0.233544,0.866727,0.725514,0.755901,-0.825066,0.885351,0.740910,0.726198,0.719811,1.150333,1.029602,0.842191,1.367798
n75,upper,124,0.940760,-0.277252,0.857078,0.716095,0.755012,-1.089945,0.870225,0.296842,0.521463,0.877176,0.980168,1.036217,0.841066,1.086611
n75,upper,125,0.930564,-0.512509,0.820926,0.751773,0.745127,-0.911001,0.797164,-0.205858,0.266881,0.858267,0.883173,1.339654,0.761910,0.552030
n75,upper,126,0.896269,0.479064,0.819182,0.468055,0.639627,0.453149,0.822823,0.686832,0.720822,1.420086,1.770169,0.884495,0.617306,0.904402
n75,upper,127,0.911441,-0.689435,0.871016,0.705898,0.737639,-1.287138,0.900820,0.506797,0.619870,0.909570,0.930372,0.748995,1.114632,1.100315
n75,upper,128,0.922619,-0.751653,0.876968,0.745963,0.757149,-1.269191,0.840070,-0.097462,0.324207,0.684891,1.146390,1.575308,1.012892,0.898720
n75,upper,129,0.887471,-0.144757,0.854077,0.627473,0.692420,-0.380068,0.874287,0.626887,0.676427,0.940901,1.124014,0.647927,1.011093,0.887575
n75,upper,130,0.917415,-0.140900,0.733577,0.596994,0.664012,-0.500326,0.835726,0.282856,0.523295,1.501320,0.933820,1.439205,0.750694,1.116649
n75,upper,131,0.898288,-1.251321,0.873386,0.713976,0.737975,-1.981103,0.819458,0.184905,0.434727,1.048575,0.793227,1.014185,1.293250,0.901581
n75,upper,132,0.899586,-0.441123,0.859313,0.701396,0.732922,-0.884127,0.884406,0.703761,0.711320,0.653844,0.968801,0.787035,0.897662,0.954345
n75,upper,133,0.923401,-1.310190,0.874079,0.809503,0.789260,-2.080285,0.876329,0.016929,0.372164,0.651745,0.665665,1.089403,0.860433,0.532678
n75,upper,134,0.948928,0.180950,0.831966,0.658081,0.731675,-0.312403,0.866793,0.695267,0.704783,1.169679,1.037058,0.822664,0.714054,1.183762
n75,upper,135,0.864380,0.186294,0.781015,0.581814,0.662942,0.044000,0.836071,0.684188,0.699813,1.055975,1.702204,1.073688,1.065529,0.935410
n75,upper,136,0.932408,0.001465,0.808675,0.668767,0.725140,-0.526227,0.558044,-0.361519,0.185742,1.178483,1.126611,1.305212,0.860716,0.878257
n75,upper,137,0.921000,-0.346881,0.856393,0.688243,0.726106,-0.745533,0.826436,-0.086521,0.346753,0.869291,1.171317,1.383041,0.873437,0.880453
n75,upper,138,0.908815,-0.102488,0.732764,0.593732,0.662424,-0.502034,-0.012032,-0.075571,0.174581,1.047265,0.918253,1.216521,0.573300,0.801154
n75,upper,139,0.935952,-0.793050,0.872052,0.756857,0.771438,-1.658675,0.835894,0.142767,0.440535,0.809529,0.564142,0.775802,0.784685,0.927933
n75,upper,140,0.924603,-0.178516,0.868985,0.659773,0.724728,-0.626740,0.887152,0.586101,0.662360,1.263368,0.918404,0.763660,0.959881,1.244584
n75,upper,141,0.950224,-0.699867,0.869283,0.790558,0.800640,-2.101323,0.782534,-0.030277,0.344381,0.773561,0.785529,1.109146,0.923491,1.132553
n75,upper,142,0.890715,-0.113321,0.844250,0.622253,0.692321,-0.384248,0.863426,0.641427,0.680373,0.969693,1.147054,0.762896,0.970048,0.925847
n75,upper,143,0.938130,-1.294603,0.845557,0.805958,0.788606,-2.480630,-0.015419,-0.490543,-0.086218,0.731182,0.673872,1.142775,0.895849,0.765192
n75,upper,144,0.885656,0.338523,0.828128,0.453403,0.627109,0.228516,0.833686,0.732926,0.725900,0.951080,1.267842,0.569415,0.684532,0.783262
n75,upper,145,0.926443,0.198905,0.803183,0.605910,0.696491,-0.114105,-0.007961,-0.177972,0.166689,1.371014,1.039549,1.164875,0.744301,0.747914
n75,upper,146,0.935219,-0.184914,0.820131,0.704164,0.745356,-0.967734,-0.012512,-0.473129,-0.018170,1.080676,0.986209,1.106593,0.930865,1.038465
n75,upper,147,0.913694,0.144333,0.787351,0.618731,0.682315,-0.033213,0.823471,0.036906,0.420139,1.009605,1.167737,1.175783,0.665007,0.573908
n75,upper,148,0.922461,0.324618,0.841232,0.547748,0.676677,0.232340,0.829784,0.736534,0.733611,1.230799,1.285743,0.765490,0.628570,0.995694
n75,upper,149,0.890981,0.201438,0.814868,0.545131,0.657450,0.079136,0.817396,0.572449,0.651342,1.210475,1.483715,1.098195,0.891491,0.788754
n72,median,0,0.901137,-0.476557,0.849304,0.659367,0.710097,-1.386972,0.880850,0.384123,0.535677,1.010751,0.961192,1.027736,1.035067,0.929004
n72,median,1,0.902022,-0.442855,0.837578,0.639602,0.696017,-1.196629,0.886461,0.510305,0.598429,0.951816,1.004089,0.987556,0.998674,0.967934
n72,median,2,0.900639,-0.375059,0.839006,0.630285,0.696349,-1.221726,0.883793,0.490048,0.585464,1.032702,1.028787,1.001771,1.042316,1.016921
n72,median,3,0.897798,-0.429960,0.834831,0.630890,0.692836,-1.265121,0.886136,0.541148,0.607698,0.967708,1.013174,0.964111,1.032666,0.997438
n72,median,4,0.910038,-0.448009,0.847918,0.657916,0.711069,-1.290639,0.885173,0.351708,0.531584,0.992419,0.974182,1.046036,0.993545,0.983426
n72,median,5,0.904900,-0.422704,0.839501,0.639448,0.698975,-1.219893,0.886538,0.488937,0.589387,0.986232,1.019388,1.013048,1.014841,1.015528
n72,median,6,0.903227,-0.267187,0.788963,0.616136,0.681644,-1.084372,-0.027031,0.344223,0.280498,1.082606,0.984232,0.980346,0.969356,1.022582
n72,median,7,0.904954,-0.284693,0.840682,0.616806,0.695263,-1.095710,0.875654,0.438018,0.565945,1.042384,0.995053,0.968400,0.968968,1.023906
n72,median,8,0.900917,-0.354946,0.837559,0.620971,0.690602,-1.137215,0.880950,0.496634,0.588755,1.027459,1.019801,0.974744,1.008013,1.003670
n72,median,9,0.901948,-0.385271,0.837771,0.632994,0.695877,-1.177791,0.884490,0.500663,0.592404,1.007505,1.032395,1.007690,1.024991,1.001829
n72,median,10,0.898983,-0.291815,0.832952,0.611089,0.686930,-1.058533,0.878692,0.531753,0.603523,1.010162,1.023167,0.946317,0.987429,0.981881
n72,median,11,0.915756,-0.438052,0.845420,0.651825,0.708619,-1.221774,0.885863,0.354516,0.540119,0.975715,0.989075,1.056744,0.967471,1.036140
n72,median,12,0.905914,-0.531511,0.842251,0.653352,0.704493,-1.388447,0.891906,0.490014,0.590539,0.938365,0.986868,1.005400,1.021445,1.026230
n72,median,13,0.899551,-0.420445,0.843359,0.634431,0.697790,-1.297048,0.880822,0.445011,0.563093,1.029385,0.986357,0.982176,1.031876,0.992180
n72,median,14,0.902770,-0.536294,0.842683,0.647099,0.700981,-1.434262,0.889801,0.481533,0.582241,0.952759,0.957845,0.965534,1.018049,1.004637
n72,median,15,0.902509,-0.407248,0.845567,0.642188,0.703702,-1.293874,0.881552,0.413485,0.551630,1.025434,0.983466,1.005242,1.022949,0.987810
n72,median,16,0.902912,-0.356538,0.844334,0.635884,0.700976,-1.186271,0.879636,0.412579,0.552721,1.016513,0.974875,0.985829,0.985141,0.955608
n72,median,17,0.904305,-0.409464,0.845296,0.640979,0.704063,-1.308734,0.882884,0.419701,0.555923,1.017662,0.981917,0.999768,1.017425,1.016124
n72,median,18,0.900109,-0.334384,0.841456,0.630396,0.696757,-1.133392,0.880484,0.453563,0.569481,1.024472,0.995629,0.983611,0.996327,0.938208
n72,median,19,0.900748,-0.490816,0.842453,0.648752,0.703929,-1.423577,0.889670,0.480012,0.580610,0.946673,0.951086,0.962729,1.014349,0.966038
n72,median,20,0.896441,-0.388593,0.832274,0.625412,0.687474,-1.102049,0.882725,0.546694,0.612007,0.985272,1.049040,0.986079,1.027239,0.965022
n72,median,21,0.898532,-0.457780,0.844363,0.647820,0.703592,-1.369142,0.885784,0.449950,0.565026,0.991655,0.964431,0.986715,1.031194,0.936807
n72,median,22,0.906945,-0.277533,0.838909,0.616895,0.693585,-1.013597,0.878331,0.465746,0.581350,1.015664,1.008223,0.977348,0.946710,1.002000
n72,median,23,0.898516,-0.481730,0.839223,0.644732,0.699862,-1.368443,0.889250,0.510330,0.593860,0.979714,1.008032,1.000118,1.060973,0.990399
n72,median,24,0.902600,-0.514194,0.840640,0.648937,0.702262,-1.395975,0.891043,0.507674,0.595555,0.961785,1.006022,1.007555,1.051394,1.030994
n72,median,25,0.898261,-0.261039,0.829011,0.603555,0.680709,-0.927029,0.875376,0.552422,0.614213,1.012724,1.055495,0.955861,0.975683,0.965276
n72,median,26,0.907072,-0.458977,0.848781,0.660054,0.711738,-1.334591,0.882811,0.348674,0.526133,0.984843,0.949168,1.023315,0.991033,0.945834
n72,median,27,0.906809,-0.572808,0.843789,0.656495,0.707603,-1.517533,0.894559,0.503757,0.596014,0.962070,1.011083,1.031110,1.076756,1.114317
n72,median,28,0.895359,-0.360824,0.833846,0.620699,0.691271,-1.271424,0.876146,0.471366,0.571032,1.014905,0.963007,0.922738,1.009353,0.969386
n72,median,29,0.902244,-0.522034,0.843713,0.648445,0.702067,-1.418884,0.888803,0.463069,0.573531,0.983903,0.976693,0.994055,1.039931,1.005186
n72,median,30,0.902107,-0.361325,0.841766,0.626934,0.697839,-1.249068,0.881146,0.464871,0.574143,0.993392,0.961348,0.938652,0.981297,0.997294
n72,median,31,0.905613,-0.301493,0.791641,0.635337,0.687744,-1.056190,0.870133,0.335998,0.522116,1.067584,1.004180,1.036700,0.980820,0.955997
n72,median,32,0.918992,-0.488187,0.847328,0.664497,0.714666,-1.299534,0.885378,0.280706,0.509485,0.963887,0.972570,1.082072,0.969080,1.031124
n72,median,33,0.904590,-0.415920,0.836501,0.635405,0.693996,-1.123229,0.884607,0.507065,0.598815,0.966130,1.034719,1.013787,0.993466,0.997780
n72,median,34,0.904051,-0.337840,0.835494,0.625493,0.690951,-1.013273,0.880435,0.499359,0.595257,0.975135,1.016107,0.982447,0.954545,0.952679
n72,median,35,0.903069,-0.344192,0.833611,0.620460,0.687953,-1.022916,0.880380,0.525027,0.605575,1.005770,1.060074,1.005297,0.994879,1.010037
n72,median,36,0.899103,-0.367000,0.841592,0.627417,0.696673,-1.255896,0.879963,0.461214,0.570160,1.049305,1.007531,0.984066,1.041500,1.015449
n72,median,37,0.906637,-0.229821,0.787919,0.602487,0.677236,-1.018197,0.872802,0.464148,0.578569,1.058358,1.006171,0.954586,0.949471,1.062925
n72,median,38,0.893729,-0.380671,0.837665,0.630098,0.694781,-1.278245,0.869445,0.432224,0.551281,1.065819,0.992617,0.985087,1.055421,0.958785
n72,median,39,0.901941,-0.409803,0.835443,0.630746,0.692065,-1.143645,0.884460,0.526216,0.605289,0.966427,1.023628,0.984667,0.999110,0.993214
n72,median,40,0.896250,-0.341015,0.833621,0.626589,0.689221,-1.044790,0.880948,0.527776,0.603008,1.011993,1.053294,1.002691,1.023651,0.925567
n72,median,41,0.904067,-0.341554,0.842197,0.627659,0.698366,-1.182422,0.880860,0.448423,0.569488,0.997483,0.968289,0.954787,0.967026,0.986896
n72,median,42,0.905220,-0.374531,0.792986,0.641838,0.691532,-1.254811,-0.025610,0.296395,0.259072,1.034113,0.950955,1.000446,0.981375,0.987134
n72,median,43,0.907375,-0.347754,0.844275,0.641355,0.702897,-1.100262,0.881111,0.391542,0.548915,1.037476,1.019609,1.050538,0.993546,0.973636
n72,median,44,0.908752,-0.348588,0.839928,0.631170,0.697671,-1.082884,0.882358,0.453011,0.577650,0.990973,1.008402,1.005920,0.959598,1.002688
n72,median,45,0.907795,-0.317964,0.833188,0.624392,0.688016,-0.894449,0.876649,0.478488,0.589679,1.007865,1.097925,1.071941,0.967927,0.988622
n72,median,46,0.901746,-0.551151,0.843406,0.659775,0.706989,-1.456087,0.892555,0.482729,0.583533,0.946095,0.977474,1.011162,1.045384,0.972430
n72,median,47,0.909702,-0.439031,0.797093,0.654084,0.697498,-1.346253,-0.010340,0.303485,0.264356,0.975158,0.922213,0.993242,0.960387,0.979716
n72,median,48,0.908474,-0.326399,0.836567,0.613600,0.692608,-1.126804,0.881781,0.550203,0.616349,0.967072,0.995786,0.935742,0.945967,1.082104
n72,median,49,0.900465,-0.716394,0.851063,0.685751,0.719681,-1.762248,0.897475,0.448908,0.565200,0.952341,0.959153,1.070341,1.113950,0.956475
n72,upper,0,0.877591,-1.131951,0.873472,0.731103,0.739037,-2.151779,0.887013,0.519006,0.590473,1.044965,0.762017,1.160271,1.213243,0.615252
n72,upper,1,0.875898,-0.452601,0.834572,0.634159,0.686177,-1.128594,0.888107,0.669867,0.667951,0.716515,1.002452,0.903180,0.968975,0.796214
n72,upper,2,0.872219,-0.375863,0.839243,0.611809,0.681830,-1.267212,0.874017,0.563743,0.603981,1.195941,1.167744,0.988007,1.267610,1.085685
n72,upper,3,0.830719,-0.617159,0.855608,0.658004,0.697525,-1.419906,0.884051,0.688404,0.670499,0.795046,1.060797,0.776669,1.195675,0.961467
n72,upper,4,0.946011,-0.864503,0.828588,0.744678,0.745505,-2.041173,-0.027785,-0.356367,-0.032629,0.931479,0.829053,1.296298,0.938137,0.879718
n72,upper,5,0.900095,-0.501531,0.835545,0.645310,0.696983,-1.275027,0.890458,0.623237,0.648212,0.895600,1.102332,1.059974,1.071810,1.076372
n72,upper,6,0.914568,0.193615,0.840404,0.416605,0.631283,-0.097792,0.861705,0.600650,0.661356,1.608563,0.884257,0.862553,0.803590,1.124205
n72,upper,7,0.911734,0.060728,0.774694,0.487620,0.639634,-0.472640,0.848510,0.644792,0.652773,1.268125,0.947120,0.798627,0.801572,1.133380
n72,upper,8,0.879896,-0.075369,0.825983,0.531140,0.652944,-0.795328,0.852669,0.581293,0.610583,1.158312,1.105143,0.832061,1.027312,0.999829
n72,upper,9,0.880221,-0.368477,0.825773,0.621644,0.678306,-0.988785,0.878643,0.609765,0.637138,1.024067,1.193705,1.025248,1.140942,0.988366
n72,upper,10,0.866347,0.063066,0.812804,0.520892,0.641523,-0.409537,0.834238,0.646053,0.642555,1.041145,1.128254,0.690908,0.902453,0.871075
n72,upper,11,0.913309,-1.023080,0.758364,0.600305,0.649303,-2.238904,0.750183,0.373165,0.485958,0.837281,0.911939,1.381926,0.793826,1.221164
n72,upper,12,0.910203,-1.035749,0.858171,0.718079,0.738537,-2.329366,0.916513,0.666886,0.675016,0.655241,0.899235,1.010704,1.116377,1.149633
n72,upper,13,0.864347,-0.541691,0.855364,0.624707,0.687807,-1.540794,-0.011828,0.521529,0.343510,1.172017,0.896317,0.872718,1.189940,0.930071
n72,upper,14,0.884902,-1.199721,0.861117,0.680167,0.717551,-2.737694,0.903902,0.574830,0.617683,0.720987,0.745503,0.783894,1.093271,1.005891
n72,upper,15,0.889012,-0.608004,0.848291,0.649158,0.698991,-1.558865,-0.015563,0.422124,0.308888,1.144047,0.879940,1.009704,1.126745,0.904644
n72,upper,16,0.895138,-0.223803,0.770302,0.617477,0.671144,-0.872784,-0.017098,0.402729,0.326937,1.082952,0.832761,0.893306,0.889396,0.734633
n72,upper,17,0.896517,-0.572339,0.834075,0.651353,0.705239,-1.723235,-0.020437,0.318149,0.246386,1.090659,0.871274,0.975664,1.089066,1.080350
n72,upper,18,0.873532,-0.092063,0.840725,0.583642,0.670775,-0.671946,-0.009477,0.478960,0.367189,1.137324,0.950565,0.880758,0.954764,0.654555
n72,upper,19,0.855940,-1.349514,0.867296,0.715905,0.729824,-2.741203,0.907114,0.588307,0.623021,0.692539,0.713071,0.769703,1.068553,0.786470
n72,upper,20,0.815557,-0.085518,0.805705,0.602538,0.664418,-0.566894,0.870227,0.671422,0.667802,0.890143,1.319853,0.894732,1.156752,0.781290
n72,upper,21,0.827306,-1.068715,0.872429,0.679402,0.709926,-2.180460,-0.004916,0.486967,0.334928,0.926989,0.778286,0.898359,1.185013,0.648437
n72,upper,22,0.920554,0.129259,0.775522,0.483298,0.641539,-0.461701,0.826432,0.605577,0.619217,1.077283,1.028658,0.846121,0.692711,0.989423
n72,upper,23,0.818221,-1.180571,0.869558,0.715645,0.725514,-2.152727,0.908117,0.647532,0.659022,0.859066,1.027436,0.977810,1.417035,0.919635
n72,upper,24,0.881497,-1.136741,0.858712,0.715973,0.730991,-2.368349,0.910380,0.682893,0.676806,0.764973,1.014633,1.024382,1.338568,1.183568
n72,upper,25,0.853072,0.304224,0.796161,0.469899,0.623500,0.022078,0.818302,0.652141,0.657277,1.057842,1.371698,0.735854,0.837109,0.782583
n72,upper,26,0.922392,-0.974792,0.833651,0.764141,0.752547,-2.048690,-0.018300,0.056612,0.150141,0.887711,0.704088,1.129277,0.923343,0.688697
n72,upper,27,0.922396,-1.128625,0.868676,0.740856,0.754652,-2.593220,0.921187,0.762970,0.722709,0.766397,1.047126,1.184407,1.554745,1.928374
n72,upper,28,0.845883,-0.384718,0.861331,0.610233,0.678919,-1.209379,0.850145,0.590952,0.607864,1.072232,0.771098,0.589648,1.035924,0.803747
n72,upper,29,0.875062,-1.216567,0.864011,0.679405,0.715643,-2.728604,0.888642,0.512065,0.579745,0.882402,0.842563,0.941169,1.249505,1.009351
n72,upper,30,0.882358,-0.297818,0.838292,0.574585,0.677535,-1.348267,-0.023596,0.517926,0.313688,0.937233,0.762793,0.656502,0.867822,0.960596
n72,upper,31,0.929256,0.060785,0.798899,0.609948,0.679425,-0.207548,0.820552,0.060661,0.421900,1.473415,1.003025,1.225318,0.865179,0.736515
n72,upper,32,0.905189,-1.463870,0.787074,0.622928,0.670105,-3.142109,0.769825,0.417100,0.505986,0.775533,0.820474,1.603593,0.802155,1.184507
n72,upper,33,0.890750,-0.252894,0.821887,0.593097,0.665781,-0.687536,0.873449,0.679594,0.674724,0.786941,1.210684,1.064840,0.937673,0.963538
n72,upper,34,0.889556,0.009415,0.807393,0.547431,0.646935,-0.275074,0.847338,0.637976,0.657728,0.834158,1.080234,0.874229,0.729516,0.720605
n72,upper,35,0.880572,0.039709,0.797660,0.502954,0.630622,-0.310088,0.847070,0.711395,0.681307,1.013041,1.409506,1.010049,0.946078,1.040340
n72,upper,36,0.862309,-0.364451,0.850016,0.552909,0.657243,-1.301788,-0.013400,0.529499,0.342539,1.321954,1.024234,0.883320,1.261388,1.075850
n72,upper,37,0.917462,0.198233,0.764240,0.423671,0.628866,-0.433272,0.803560,0.765458,0.661941,1.395235,1.015577,0.729710,0.705499,1.433484
n72,upper,38,0.835631,-0.383970,0.867805,0.648828,0.694175,-0.920133,0.893073,0.610673,0.643816,1.458180,0.932648,0.889093,1.371099,0.750111
n72,upper,39,0.874664,-0.233169,0.819440,0.596327,0.669762,-0.825494,0.873179,0.713172,0.682015,0.788458,1.131448,0.886712,0.971636,0.936176
n72,upper,40,0.826152,0.000712,0.842428,0.615725,0.677970,-0.325758,0.868350,0.628106,0.655592,1.053059,1.353834,0.993720,1.131610,0.601094
n72,upper,41,0.899323,-0.160640,0.779612,0.572088,0.663914,-0.968166,-0.027809,0.457965,0.315714,0.961739,0.798051,0.730680,0.791533,0.899396
n72,upper,42,0.928927,-0.337922,0.846330,0.613840,0.687937,-0.834756,0.878861,0.264120,0.511032,1.206237,0.712453,0.979828,0.868258,0.900759
n72,upper,43,0.930839,-0.113549,0.819767,0.666769,0.712466,-0.636538,0.118960,-0.228933,0.117003,1.231092,1.103836,1.331736,0.938143,0.826136
n72,upper,44,0.924930,-0.261678,0.813772,0.563019,0.656586,-0.735910,0.840556,0.376045,0.545526,0.922988,1.029809,1.013989,0.754113,0.993698
n72,upper,45,0.861177,0.137298,0.799996,0.498346,0.614714,-0.049655,0.799505,0.451849,0.566701,1.026364,1.756978,1.511585,0.796176,0.909322
n72,upper,46,0.856454,-1.717953,0.873258,0.757207,0.750277,-2.972270,0.920599,0.620349,0.650954,0.689889,0.846805,1.047641,1.291228,0.819731
n72,upper,47,0.944432,-0.782378,0.808387,0.703692,0.723055,-1.877361,-0.035288,-0.156186,0.059799,0.834284,0.587541,0.936347,0.758014,0.859077
n72,upper,48,0.917394,-0.092267,0.828768,0.602777,0.702568,-1.169538,0.835817,0.844102,0.679031,0.791773,0.951508,0.643824,0.689305,1.603886
n72,upper,49,0.794077,-3.189607,0.904035,0.775490,0.769733,-4.930260,0.931917,0.603103,0.647692,0.719002,0.751921,1.497478,1.924395,0.738832
