rows,cv_setting,cv,composition,alpha_mean,alpha_lo95,alpha_hi95,p_best
n75,none,0.0000,PVDF,-0.08817,-0.37084,0.16490,0.00615
n75,none,0.0000,PVDF+BaTiO3,0.06704,-0.18777,0.34722,0.16985
n75,none,0.0000,PVDF+BaTiO3+%1CNT,-0.20028,-0.50012,0.04293,0.00105
n75,none,0.0000,PVDF+BaTiO3+%2CNT,0.15270,-0.09159,0.44613,0.66920
n75,none,0.0000,PVDF+BaTiO3+%3CNT,0.06194,-0.19997,0.33952,0.15375
n75,median,0.0374,PVDF,-0.07889,-0.35717,0.18313,0.00990
n75,median,0.0374,PVDF+BaTiO3,0.07088,-0.18990,0.36114,0.19230
n75,median,0.0374,PVDF+BaTiO3+%1CNT,-0.18459,-0.48837,0.06256,0.00220
n75,median,0.0374,PVDF+BaTiO3+%2CNT,0.15169,-0.09268,0.46200,0.62520
n75,median,0.0374,PVDF+BaTiO3+%3CNT,0.06511,-0.19253,0.36078,0.17040
n75,upper,0.2381,PVDF,-0.02767,-0.39806,0.30274,0.13450
n75,upper,0.2381,PVDF+BaTiO3,0.03283,-0.28606,0.42705,0.23090
n75,upper,0.2381,PVDF+BaTiO3+%1CNT,-0.07036,-0.49966,0.22410,0.09720
n75,upper,0.2381,PVDF+BaTiO3+%2CNT,0.06564,-0.22832,0.50282,0.31165
n75,upper,0.2381,PVDF+BaTiO3+%3CNT,0.02975,-0.29418,0.42735,0.22575
n72,none,0.0000,PVDF,-0.08285,-0.36386,0.16867,0.01020
n72,none,0.0000,PVDF+BaTiO3,0.06776,-0.18399,0.35026,0.19110
n72,none,0.0000,PVDF+BaTiO3+%1CNT,-0.19179,-0.49467,0.04876,0.00195
n72,none,0.0000,PVDF+BaTiO3+%2CNT,0.14504,-0.09739,0.44531,0.63165
n72,none,0.0000,PVDF+BaTiO3+%3CNT,0.05752,-0.20473,0.34068,0.16510
n72,median,0.0374,PVDF,-0.07432,-0.35066,0.18382,0.01325
n72,median,0.0374,PVDF+BaTiO3,0.07086,-0.18520,0.36024,0.21060
n72,median,0.0374,PVDF+BaTiO3+%1CNT,-0.17681,-0.48513,0.06459,0.00290
n72,median,0.0374,PVDF+BaTiO3+%2CNT,0.14354,-0.09948,0.46035,0.59660
n72,median,0.0374,PVDF+BaTiO3+%3CNT,0.06017,-0.19788,0.35382,0.17665
n72,upper,0.2381,PVDF,-0.02725,-0.39755,0.30543,0.13615
n72,upper,0.2381,PVDF+BaTiO3,0.03292,-0.28523,0.42518,0.23140
n72,upper,0.2381,PVDF+BaTiO3+%1CNT,-0.06975,-0.49968,0.22526,0.09840
n72,upper,0.2381,PVDF+BaTiO3+%2CNT,0.06440,-0.22864,0.50370,0.31095
n72,upper,0.2381,PVDF+BaTiO3+%3CNT,0.02802,-0.29809,0.42096,0.22310
