rows,target,variant,cv,p_rank,p_opt,p_best_PVDF,p_best_PVDF+BaTiO3,p_best_PVDF+BaTiO3+%1CNT,p_best_PVDF+BaTiO3+%2CNT,p_best_PVDF+BaTiO3+%3CNT
n75,rms_Voc,single,0.00,1.00000,1.00000,0.00000,0.00000,0.00000,1.00000,0.00000
n75,rms_Voc,single,0.01,1.00000,1.00000,0.00000,0.00000,0.00000,1.00000,0.00000
n75,rms_Voc,single,0.02,0.99500,1.00000,0.00000,0.00000,0.00000,1.00000,0.00000
n75,rms_Voc,single,0.03,0.94200,1.00000,0.00000,0.00000,0.00000,1.00000,0.00000
n75,rms_Voc,single,0.04,0.84450,0.99550,0.00000,0.00000,0.00000,0.99550,0.00450
n75,rms_Voc,single,0.05,0.72450,0.98150,0.00000,0.00000,0.00000,0.98150,0.01850
n75,rms_Voc,single,0.06,0.61350,0.96150,0.00000,0.00000,0.00000,0.96150,0.03850
n75,rms_Voc,single,0.07,0.51050,0.93700,0.00000,0.00150,0.00000,0.93700,0.06150
n75,rms_Voc,single,0.08,0.41650,0.89700,0.00000,0.00650,0.00000,0.89700,0.09650
n75,rms_Voc,single,0.09,0.35150,0.86700,0.00050,0.01000,0.00150,0.86700,0.12100
n75,rms_Voc,single,0.10,0.30100,0.83150,0.00050,0.01650,0.00250,0.83150,0.14900
n75,rms_Voc,single,0.11,0.26500,0.80350,0.00150,0.02600,0.00500,0.80350,0.16400
n75,rms_Voc,single,0.12,0.22600,0.77800,0.00150,0.03400,0.00850,0.77800,0.17800
n75,rms_Voc,single,0.13,0.19450,0.75350,0.00150,0.04250,0.01000,0.75350,0.19250
n75,rms_Voc,single,0.14,0.16900,0.72650,0.00300,0.05050,0.01350,0.72650,0.20650
n75,rms_Voc,single,0.15,0.15050,0.70600,0.00500,0.05450,0.01650,0.70600,0.21800
n75,rms_Voc,single,0.16,0.12950,0.68300,0.00550,0.06150,0.02200,0.68300,0.22800
n75,rms_Voc,single,0.17,0.11650,0.66200,0.00700,0.07250,0.02600,0.66200,0.23250
n75,rms_Voc,single,0.18,0.10550,0.63950,0.00950,0.07800,0.03150,0.63950,0.24150
n75,rms_Voc,single,0.19,0.10000,0.62550,0.01150,0.08250,0.03550,0.62550,0.24500
n75,rms_Voc,single,0.20,0.09200,0.61300,0.01150,0.09150,0.03750,0.61300,0.24650
n75,rms_Voc,single,0.21,0.08000,0.59450,0.01800,0.09550,0.04150,0.59450,0.25050
n75,rms_Voc,single,0.22,0.07150,0.57700,0.02100,0.10200,0.04550,0.57700,0.25450
n75,rms_Voc,single,0.23,0.06600,0.56150,0.02650,0.10700,0.04900,0.56150,0.25600
n75,rms_Voc,single,0.24,0.06300,0.54900,0.03050,0.11100,0.05150,0.54900,0.25800
n75,rms_Voc,single,0.25,0.06050,0.53800,0.03450,0.11400,0.05550,0.53800,0.25800
n75,rms_Voc,single,0.26,0.05700,0.52500,0.03800,0.11900,0.05900,0.52500,0.25900
n75,rms_Voc,single,0.27,0.05500,0.51450,0.04050,0.12500,0.06250,0.51450,0.25750
n75,rms_Voc,single,0.28,0.04950,0.50150,0.04200,0.13000,0.06500,0.50150,0.26150
n75,rms_Voc,single,0.29,0.04600,0.49000,0.04600,0.13300,0.06850,0.49000,0.26250
n75,rms_Voc,single,0.30,0.04550,0.47800,0.04950,0.13850,0.07250,0.47800,0.26150
n75,rms_Voc,single,0.31,0.04250,0.46900,0.05200,0.13950,0.07500,0.46900,0.26450
n75,rms_Voc,single,0.32,0.04000,0.45950,0.05600,0.14300,0.07750,0.45950,0.26400
n75,rms_Voc,single,0.33,0.03900,0.45050,0.05750,0.14750,0.08050,0.45050,0.26400
n75,rms_Voc,single,0.34,0.03700,0.44300,0.06050,0.15000,0.08250,0.44300,0.26400
n75,rms_Voc,single,0.35,0.03600,0.43600,0.06300,0.15200,0.08350,0.43600,0.26550
n75,rms_Voc,single,0.36,0.03450,0.43000,0.06650,0.15250,0.08750,0.43000,0.26350
n75,rms_Voc,single,0.37,0.03350,0.42450,0.07000,0.15400,0.08850,0.42450,0.26300
n75,rms_Voc,single,0.38,0.03300,0.42150,0.07050,0.15500,0.09100,0.42150,0.26200
n75,rms_Voc,single,0.39,0.03150,0.41700,0.07200,0.15700,0.09350,0.41700,0.26050
n75,rms_Voc,single,0.40,0.03150,0.41200,0.07450,0.15750,0.09550,0.41200,0.26050
n75,rms_Voc,single,0.41,0.03150,0.41000,0.07550,0.15850,0.09650,0.41000,0.25950
n75,rms_Voc,single,0.42,0.03100,0.40850,0.07600,0.15900,0.09700,0.40850,0.25950
n75,rms_Voc,single,0.43,0.03050,0.40350,0.07750,0.15950,0.09850,0.40350,0.26100
n75,rms_Voc,single,0.44,0.03000,0.40000,0.07850,0.15950,0.09950,0.40000,0.26250
n75,rms_Voc,single,0.45,0.02900,0.39450,0.07900,0.16100,0.10400,0.39450,0.26150
n75,rms_Voc,single,0.46,0.02900,0.38900,0.08000,0.16350,0.10600,0.38900,0.26150
n75,rms_Voc,single,0.47,0.02850,0.38600,0.08100,0.16350,0.10950,0.38600,0.26000
n75,rms_Voc,single,0.48,0.02800,0.38200,0.08600,0.16350,0.11100,0.38200,0.25750
n75,rms_Voc,single,0.49,0.02800,0.37650,0.08800,0.16550,0.11400,0.37650,0.25600
n75,rms_Voc,single,0.50,0.02800,0.37450,0.08950,0.16550,0.11500,0.37450,0.25550
n75,rms_Voc,single,0.51,0.02750,0.37250,0.09100,0.16650,0.11600,0.37250,0.25400
n75,rms_Voc,single,0.52,0.02700,0.36950,0.09200,0.16800,0.11750,0.36950,0.25300
n75,rms_Voc,single,0.53,0.02700,0.36700,0.09250,0.17050,0.11850,0.36700,0.25150
n75,rms_Voc,single,0.54,0.02650,0.36400,0.09400,0.17100,0.12000,0.36400,0.25100
n75,rms_Voc,single,0.55,0.02600,0.36150,0.09500,0.17100,0.12100,0.36150,0.25150
n75,rms_Voc,single,0.56,0.02550,0.35850,0.09600,0.17250,0.12200,0.35850,0.25100
n75,rms_Voc,single,0.57,0.02550,0.35800,0.09700,0.17350,0.12300,0.35800,0.24850
n75,rms_Voc,single,0.58,0.02550,0.35600,0.09800,0.17450,0.12400,0.35600,0.24750
n75,rms_Voc,single,0.59,0.02500,0.35200,0.10050,0.17500,0.12400,0.35200,0.24850
n75,rms_Voc,single,0.60,0.02500,0.34950,0.10200,0.17650,0.12400,0.34950,0.24800
n75,Vpp,single,0.00,1.00000,1.00000,0.00000,0.00000,0.00000,1.00000,0.00000
n75,Vpp,single,0.01,0.99250,0.99250,0.00000,0.00000,0.00000,0.99250,0.00750
n75,Vpp,single,0.02,0.87600,0.89000,0.00000,0.00000,0.00000,0.89000,0.11000
n75,Vpp,single,0.03,0.72850,0.79400,0.00000,0.00000,0.00000,0.79400,0.20600
n75,Vpp,single,0.04,0.61050,0.73150,0.00000,0.00000,0.00000,0.73150,0.26850
n75,Vpp,single,0.05,0.50900,0.68850,0.00000,0.00000,0.00000,0.68850,0.31150
n75,Vpp,single,0.06,0.42500,0.65300,0.00000,0.00000,0.00000,0.65300,0.34700
n75,Vpp,single,0.07,0.36450,0.62250,0.00000,0.00250,0.00000,0.62250,0.37500
n75,Vpp,single,0.08,0.31550,0.60150,0.00000,0.00600,0.00000,0.60150,0.39250
n75,Vpp,single,0.09,0.26950,0.58800,0.00050,0.00950,0.00050,0.58800,0.40150
n75,Vpp,single,0.10,0.24200,0.57600,0.00050,0.01500,0.00050,0.57600,0.40800
n75,Vpp,single,0.11,0.21800,0.56500,0.00050,0.02150,0.00250,0.56500,0.41050
n75,Vpp,single,0.12,0.19750,0.55300,0.00100,0.02900,0.00500,0.55300,0.41200
n75,Vpp,single,0.13,0.17300,0.54350,0.00150,0.03600,0.00700,0.54350,0.41200
n75,Vpp,single,0.14,0.15200,0.53600,0.00350,0.03850,0.00850,0.53600,0.41350
n75,Vpp,single,0.15,0.13750,0.52850,0.00350,0.04700,0.00950,0.52850,0.41150
n75,Vpp,single,0.16,0.12400,0.51850,0.00500,0.05250,0.01350,0.51850,0.41050
n75,Vpp,single,0.17,0.11800,0.51300,0.00700,0.05850,0.01700,0.51300,0.40450
n75,Vpp,single,0.18,0.10900,0.50550,0.00900,0.06550,0.02000,0.50550,0.40000
n75,Vpp,single,0.19,0.09700,0.49600,0.01100,0.07100,0.02400,0.49600,0.39800
n75,Vpp,single,0.20,0.09300,0.48600,0.01300,0.07800,0.02900,0.48600,0.39400
n75,Vpp,single,0.21,0.08800,0.47900,0.01500,0.08450,0.03300,0.47900,0.38850
n75,Vpp,single,0.22,0.08100,0.46850,0.01900,0.09000,0.03650,0.46850,0.38600
n75,Vpp,single,0.23,0.07300,0.46100,0.02150,0.09250,0.04000,0.46100,0.38500
n75,Vpp,single,0.24,0.06700,0.45100,0.02550,0.09850,0.04450,0.45100,0.38050
n75,Vpp,single,0.25,0.06300,0.44600,0.02700,0.10200,0.04700,0.44600,0.37800
n75,Vpp,single,0.26,0.06000,0.43850,0.02950,0.10700,0.05050,0.43850,0.37450
n75,Vpp,single,0.27,0.05600,0.43400,0.03300,0.11150,0.05350,0.43400,0.36800
n75,Vpp,single,0.28,0.05450,0.42350,0.03700,0.11800,0.05650,0.42350,0.36500
n75,Vpp,single,0.29,0.05200,0.41500,0.03900,0.12350,0.06000,0.41500,0.36250
n75,Vpp,single,0.30,0.04850,0.40550,0.04300,0.12650,0.06250,0.40550,0.36250
n75,Vpp,single,0.31,0.04600,0.40050,0.04550,0.12950,0.06650,0.40050,0.35800
n75,Vpp,single,0.32,0.04500,0.39400,0.05000,0.13250,0.07050,0.39400,0.35300
n75,Vpp,single,0.33,0.04400,0.39150,0.05350,0.13250,0.07250,0.39150,0.35000
n75,Vpp,single,0.34,0.04250,0.38650,0.05600,0.13500,0.07600,0.38650,0.34650
n75,Vpp,single,0.35,0.03950,0.38200,0.05950,0.13800,0.07800,0.38200,0.34250
n75,Vpp,single,0.36,0.03600,0.37900,0.06100,0.14000,0.08000,0.37900,0.34000
n75,Vpp,single,0.37,0.03550,0.37600,0.06300,0.14250,0.08300,0.37600,0.33550
n75,Vpp,single,0.38,0.03550,0.37400,0.06500,0.14350,0.08400,0.37400,0.33350
n75,Vpp,single,0.39,0.03450,0.37200,0.06850,0.14400,0.08600,0.37200,0.32950
n75,Vpp,single,0.40,0.03350,0.36950,0.06950,0.14500,0.08800,0.36950,0.32800
n75,Vpp,single,0.41,0.03350,0.36450,0.07250,0.14750,0.08900,0.36450,0.32650
n75,Vpp,single,0.42,0.03350,0.36050,0.07450,0.15000,0.09050,0.36050,0.32450
n75,Vpp,single,0.43,0.03300,0.35750,0.07550,0.15000,0.09400,0.35750,0.32300
n75,Vpp,single,0.44,0.03200,0.35400,0.07650,0.15150,0.09600,0.35400,0.32200
n75,Vpp,single,0.45,0.03100,0.35000,0.07800,0.15300,0.09800,0.35000,0.32100
n75,Vpp,single,0.46,0.03000,0.34750,0.08050,0.15250,0.10000,0.34750,0.31950
n75,Vpp,single,0.47,0.02950,0.34450,0.08350,0.15300,0.10150,0.34450,0.31750
n75,Vpp,single,0.48,0.02900,0.34200,0.08450,0.15550,0.10250,0.34200,0.31550
n75,Vpp,single,0.49,0.02650,0.33900,0.08600,0.15700,0.10300,0.33900,0.31500
n75,Vpp,single,0.50,0.02550,0.33650,0.08650,0.15800,0.10500,0.33650,0.31400
n75,Vpp,single,0.51,0.02550,0.33500,0.08750,0.16000,0.10450,0.33500,0.31300
n75,Vpp,single,0.52,0.02500,0.33200,0.08900,0.16100,0.10750,0.33200,0.31050
n75,Vpp,single,0.53,0.02500,0.33050,0.09000,0.16250,0.10950,0.33050,0.30750
n75,Vpp,single,0.54,0.02500,0.32900,0.09100,0.16250,0.11050,0.32900,0.30700
n75,Vpp,single,0.55,0.02450,0.32500,0.09350,0.16450,0.11100,0.32500,0.30600
n75,Vpp,single,0.56,0.02450,0.32350,0.09350,0.16600,0.11250,0.32350,0.30450
n75,Vpp,single,0.57,0.02350,0.32100,0.09450,0.16650,0.11450,0.32100,0.30350
n75,Vpp,single,0.58,0.02350,0.31750,0.09650,0.16800,0.11550,0.31750,0.30250
n75,Vpp,single,0.59,0.02300,0.31600,0.09700,0.16850,0.11700,0.31600,0.30150
n75,Vpp,single,0.60,0.02250,0.31400,0.09750,0.16900,0.11850,0.31400,0.30100
n75,Vmax,single,0.00,1.00000,1.00000,0.00000,0.00000,0.00000,1.00000,0.00000
n75,Vmax,single,0.01,1.00000,1.00000,0.00000,0.00000,0.00000,1.00000,0.00000
n75,Vmax,single,0.02,1.00000,1.00000,0.00000,0.00000,0.00000,1.00000,0.00000
n75,Vmax,single,0.03,0.99650,1.00000,0.00000,0.00000,0.00000,1.00000,0.00000
n75,Vmax,single,0.04,0.96800,1.00000,0.00000,0.00000,0.00000,1.00000,0.00000
n75,Vmax,single,0.05,0.90800,0.99750,0.00000,0.00000,0.00000,0.99750,0.00250
n75,Vmax,single,0.06,0.81850,0.98600,0.00000,0.00000,0.00000,0.98600,0.01400
n75,Vmax,single,0.07,0.72800,0.97250,0.00000,0.00000,0.00000,0.97250,0.02750
n75,Vmax,single,0.08,0.63850,0.95450,0.00000,0.00050,0.00000,0.95450,0.04500
n75,Vmax,single,0.09,0.56050,0.93600,0.00000,0.00150,0.00000,0.93600,0.06250
n75,Vmax,single,0.10,0.48900,0.90500,0.00000,0.00550,0.00000,0.90500,0.08950
n75,Vmax,single,0.11,0.42500,0.87950,0.00000,0.00850,0.00150,0.87950,0.11050
n75,Vmax,single,0.12,0.37300,0.85500,0.00050,0.01200,0.00300,0.85500,0.12950
n75,Vmax,single,0.13,0.32950,0.82650,0.00050,0.01750,0.00500,0.82650,0.15050
n75,Vmax,single,0.14,0.29400,0.80750,0.00100,0.02300,0.00600,0.80750,0.16250
n75,Vmax,single,0.15,0.25900,0.78550,0.00150,0.02850,0.00950,0.78550,0.17500
n75,Vmax,single,0.16,0.22850,0.76200,0.00150,0.03750,0.01100,0.76200,0.18800
n75,Vmax,single,0.17,0.20750,0.74550,0.00150,0.04450,0.01350,0.74550,0.19500
n75,Vmax,single,0.18,0.18950,0.72450,0.00200,0.05000,0.01700,0.72450,0.20650
n75,Vmax,single,0.19,0.17150,0.70950,0.00200,0.05400,0.02050,0.70950,0.21400
n75,Vmax,single,0.20,0.15450,0.68950,0.00350,0.05750,0.02650,0.68950,0.22300
n75,Vmax,single,0.21,0.14000,0.67200,0.00450,0.06300,0.02950,0.67200,0.23100
n75,Vmax,single,0.22,0.12850,0.65750,0.00500,0.07150,0.03400,0.65750,0.23200
n75,Vmax,single,0.23,0.11800,0.64100,0.00700,0.07650,0.03550,0.64100,0.24000
n75,Vmax,single,0.24,0.11050,0.63000,0.00750,0.07950,0.03800,0.63000,0.24500
n75,Vmax,single,0.25,0.10200,0.61950,0.00900,0.08350,0.04150,0.61950,0.24650
n75,Vmax,single,0.26,0.09500,0.60800,0.01050,0.09100,0.04600,0.60800,0.24450
n75,Vmax,single,0.27,0.08700,0.59750,0.01100,0.09450,0.04800,0.59750,0.24900
n75,Vmax,single,0.28,0.08050,0.58150,0.01400,0.09750,0.05100,0.58150,0.25600
n75,Vmax,single,0.29,0.07550,0.57300,0.01600,0.10300,0.05250,0.57300,0.25550
n75,Vmax,single,0.30,0.07300,0.56100,0.01800,0.10800,0.05450,0.56100,0.25850
n75,Vmax,single,0.31,0.06700,0.54950,0.02350,0.10950,0.05800,0.54950,0.25950
n75,Vmax,single,0.32,0.06600,0.54300,0.02600,0.11150,0.06050,0.54300,0.25900
n75,Vmax,single,0.33,0.06400,0.52950,0.02950,0.11500,0.06400,0.52950,0.26200
n75,Vmax,single,0.34,0.06250,0.52100,0.03150,0.11850,0.06650,0.52100,0.26250
n75,Vmax,single,0.35,0.06000,0.51300,0.03500,0.12350,0.06850,0.51300,0.26000
n75,Vmax,single,0.36,0.05550,0.50300,0.03650,0.12550,0.07200,0.50300,0.26300
n75,Vmax,single,0.37,0.05250,0.49150,0.03900,0.12950,0.07500,0.49150,0.26500
n75,Vmax,single,0.38,0.05100,0.48600,0.04100,0.13150,0.07750,0.48600,0.26400
n75,Vmax,single,0.39,0.04950,0.47850,0.04200,0.13500,0.08000,0.47850,0.26450
n75,Vmax,single,0.40,0.04800,0.47100,0.04200,0.13750,0.08150,0.47100,0.26800
n75,Vmax,single,0.41,0.04650,0.46250,0.04750,0.14050,0.08350,0.46250,0.26600
n75,Vmax,single,0.42,0.04400,0.45550,0.04950,0.14400,0.08500,0.45550,0.26600
n75,Vmax,single,0.43,0.04200,0.45200,0.05000,0.14650,0.08700,0.45200,0.26450
n75,Vmax,single,0.44,0.04100,0.44800,0.05050,0.14900,0.08850,0.44800,0.26400
n75,Vmax,single,0.45,0.04000,0.44000,0.05350,0.14950,0.09100,0.44000,0.26600
n75,Vmax,single,0.46,0.03950,0.43600,0.05500,0.15100,0.09350,0.43600,0.26450
n75,Vmax,single,0.47,0.03850,0.43100,0.05900,0.15150,0.09600,0.43100,0.26250
n75,Vmax,single,0.48,0.03850,0.42900,0.05950,0.15200,0.09700,0.42900,0.26250
n75,Vmax,single,0.49,0.03700,0.42500,0.06100,0.15200,0.09900,0.42500,0.26300
n75,Vmax,single,0.50,0.03600,0.42200,0.06300,0.15300,0.10000,0.42200,0.26200
n75,Vmax,single,0.51,0.03550,0.41700,0.06550,0.15400,0.10150,0.41700,0.26200
n75,Vmax,single,0.52,0.03500,0.41350,0.06700,0.15550,0.10250,0.41350,0.26150
n75,Vmax,single,0.53,0.03500,0.41050,0.06750,0.15700,0.10350,0.41050,0.26150
n75,Vmax,single,0.54,0.03450,0.40800,0.06850,0.15750,0.10600,0.40800,0.26000
n75,Vmax,single,0.55,0.03450,0.40750,0.06850,0.15900,0.10600,0.40750,0.25900
n75,Vmax,single,0.56,0.03450,0.40200,0.07000,0.15900,0.10900,0.40200,0.26000
n75,Vmax,single,0.57,0.03400,0.40000,0.07000,0.15950,0.11150,0.40000,0.25900
n75,Vmax,single,0.58,0.03300,0.39650,0.07050,0.16000,0.11400,0.39650,0.25900
n75,Vmax,single,0.59,0.03200,0.39400,0.07050,0.16150,0.11550,0.39400,0.25850
n75,Vmax,single,0.60,0.03200,0.39250,0.07100,0.16200,0.11650,0.39250,0.25800
n75,rms_Voc,replication,0.00,1.00000,1.00000,0.00000,0.00000,0.00000,1.00000,0.00000
n75,rms_Voc,replication,0.01,0.99950,1.00000,0.00000,0.00000,0.00000,1.00000,0.00000
n75,rms_Voc,replication,0.02,0.95200,1.00000,0.00000,0.00000,0.00000,1.00000,0.00000
n75,rms_Voc,replication,0.03,0.81550,0.99250,0.00000,0.00000,0.00000,0.99250,0.00750
n75,rms_Voc,replication,0.04,0.65500,0.97000,0.00000,0.00000,0.00000,0.97000,0.03000
n75,rms_Voc,replication,0.05,0.50150,0.93400,0.00000,0.00150,0.00000,0.93400,0.06450
n75,rms_Voc,replication,0.06,0.38500,0.88300,0.00000,0.00800,0.00000,0.88300,0.10900
n75,rms_Voc,replication,0.07,0.30650,0.83400,0.00050,0.01600,0.00250,0.83400,0.14700
n75,rms_Voc,replication,0.08,0.24850,0.79600,0.00150,0.02750,0.00550,0.79600,0.16950
n75,rms_Voc,replication,0.09,0.19750,0.75750,0.00150,0.04000,0.01000,0.75750,0.19100
n75,rms_Voc,replication,0.10,0.16500,0.72200,0.00350,0.05200,0.01400,0.72200,0.20850
n75,rms_Voc,replication,0.11,0.13550,0.69150,0.00500,0.05950,0.01900,0.69150,0.22500
n75,rms_Voc,replication,0.12,0.11600,0.66100,0.00700,0.07250,0.02650,0.66100,0.23300
n75,rms_Voc,replication,0.13,0.10250,0.63150,0.01100,0.08050,0.03350,0.63150,0.24350
n75,rms_Voc,replication,0.14,0.09250,0.61400,0.01150,0.09100,0.03750,0.61400,0.24600
n75,rms_Voc,replication,0.15,0.07650,0.58850,0.01900,0.09650,0.04350,0.58850,0.25250
n75,rms_Voc,replication,0.16,0.06650,0.56500,0.02500,0.10550,0.04900,0.56500,0.25550
n75,rms_Voc,replication,0.17,0.06300,0.54650,0.03150,0.11150,0.05250,0.54650,0.25800
n75,rms_Voc,replication,0.18,0.05850,0.52850,0.03700,0.11750,0.05800,0.52850,0.25900
n75,rms_Voc,replication,0.19,0.05450,0.51300,0.04100,0.12500,0.06300,0.51300,0.25800
n75,rms_Voc,replication,0.20,0.04850,0.49450,0.04500,0.13150,0.06700,0.49450,0.26200
n75,rms_Voc,replication,0.21,0.04550,0.47800,0.04950,0.13850,0.07250,0.47800,0.26150
n75,rms_Voc,replication,0.22,0.04200,0.46450,0.05350,0.14200,0.07550,0.46450,0.26450
n75,rms_Voc,replication,0.23,0.03900,0.45100,0.05750,0.14750,0.08050,0.45100,0.26350
n75,rms_Voc,replication,0.24,0.03650,0.44100,0.06050,0.15000,0.08350,0.44100,0.26500
n75,rms_Voc,replication,0.25,0.03450,0.43050,0.06600,0.15250,0.08700,0.43050,0.26400
n75,rms_Voc,replication,0.26,0.03350,0.42350,0.07050,0.15350,0.08950,0.42350,0.26300
n75,rms_Voc,replication,0.27,0.03150,0.41850,0.07150,0.15650,0.09350,0.41850,0.26000
n75,rms_Voc,replication,0.28,0.03150,0.41100,0.07500,0.15750,0.09600,0.41100,0.26050
n75,rms_Voc,replication,0.29,0.03100,0.40850,0.07600,0.15900,0.09700,0.40850,0.25950
n75,rms_Voc,replication,0.30,0.03050,0.40200,0.07800,0.15900,0.09950,0.40200,0.26150
n75,rms_Voc,replication,0.31,0.02900,0.39450,0.07900,0.16100,0.10400,0.39450,0.26150
n75,rms_Voc,replication,0.32,0.02900,0.38850,0.08000,0.16400,0.10650,0.38850,0.26100
n75,rms_Voc,replication,0.33,0.02800,0.38250,0.08600,0.16350,0.11050,0.38250,0.25750
n75,rms_Voc,replication,0.34,0.02800,0.37550,0.08850,0.16550,0.11450,0.37550,0.25600
n75,rms_Voc,replication,0.35,0.02750,0.37250,0.09100,0.16650,0.11600,0.37250,0.25400
n75,rms_Voc,replication,0.36,0.02700,0.36850,0.09200,0.17000,0.11800,0.36850,0.25150
n75,rms_Voc,replication,0.37,0.02600,0.36350,0.09400,0.17100,0.12000,0.36350,0.25150
n75,rms_Voc,replication,0.38,0.02550,0.35950,0.09600,0.17200,0.12150,0.35950,0.25100
n75,rms_Voc,replication,0.39,0.02550,0.35750,0.09800,0.17350,0.12300,0.35750,0.24800
n75,rms_Voc,replication,0.40,0.02500,0.35300,0.09950,0.17500,0.12400,0.35300,0.24850
n75,rms_Voc,replication,0.41,0.02500,0.34850,0.10250,0.17650,0.12500,0.34850,0.24750
n75,rms_Voc,replication,0.42,0.02450,0.34350,0.10400,0.17800,0.12700,0.34350,0.24750
n75,rms_Voc,replication,0.43,0.02400,0.33850,0.10550,0.17950,0.13050,0.33850,0.24600
n75,rms_Voc,replication,0.44,0.02300,0.33550,0.10650,0.17950,0.13200,0.33550,0.24650
n75,rms_Voc,replication,0.45,0.02250,0.33350,0.10750,0.18000,0.13250,0.33350,0.24650
n75,rms_Voc,replication,0.46,0.02150,0.33050,0.10900,0.18050,0.13250,0.33050,0.24750
n75,rms_Voc,replication,0.47,0.02150,0.32550,0.11150,0.18250,0.13400,0.32550,0.24650
n75,rms_Voc,replication,0.48,0.02150,0.32200,0.11450,0.18450,0.13400,0.32200,0.24500
n75,rms_Voc,replication,0.49,0.02150,0.32050,0.11550,0.18550,0.13500,0.32050,0.24350
n75,rms_Voc,replication,0.50,0.02150,0.31750,0.11700,0.18650,0.13600,0.31750,0.24300
n75,rms_Voc,replication,0.51,0.02150,0.31650,0.11750,0.18750,0.13650,0.31650,0.24200
n75,rms_Voc,replication,0.52,0.02150,0.31600,0.11750,0.18750,0.13700,0.31600,0.24200
n75,rms_Voc,replication,0.53,0.02050,0.31300,0.11750,0.18900,0.13900,0.31300,0.24150
n75,rms_Voc,replication,0.54,0.02050,0.31100,0.11850,0.18950,0.13950,0.31100,0.24150
n75,rms_Voc,replication,0.55,0.02000,0.30950,0.12000,0.18950,0.14000,0.30950,0.24100
n75,rms_Voc,replication,0.56,0.01900,0.30700,0.12050,0.19000,0.14150,0.30700,0.24100
n75,rms_Voc,replication,0.57,0.01900,0.30550,0.12200,0.19050,0.14150,0.30550,0.24050
n75,rms_Voc,replication,0.58,0.01900,0.30400,0.12250,0.19050,0.14250,0.30400,0.24050
n75,rms_Voc,replication,0.59,0.01900,0.30300,0.12400,0.19150,0.14250,0.30300,0.23900
n75,rms_Voc,replication,0.60,0.01850,0.30100,0.12450,0.19250,0.14300,0.30100,0.23900
n75,Vpp,replication,0.00,1.00000,1.00000,0.00000,0.00000,0.00000,1.00000,0.00000
n75,Vpp,replication,0.01,0.95900,0.96100,0.00000,0.00000,0.00000,0.96100,0.03900
n75,Vpp,replication,0.02,0.75150,0.80750,0.00000,0.00000,0.00000,0.80750,0.19250
n75,Vpp,replication,0.03,0.58050,0.71850,0.00000,0.00000,0.00000,0.71850,0.28150
n75,Vpp,replication,0.04,0.45700,0.66650,0.00000,0.00000,0.00000,0.66650,0.33350
n75,Vpp,replication,0.05,0.36150,0.62050,0.00000,0.00250,0.00000,0.62050,0.37700
n75,Vpp,replication,0.06,0.28550,0.59450,0.00000,0.00650,0.00050,0.59450,0.39850
n75,Vpp,replication,0.07,0.24550,0.57650,0.00050,0.01450,0.00050,0.57650,0.40800
n75,Vpp,replication,0.08,0.21100,0.56150,0.00050,0.02350,0.00350,0.56150,0.41100
n75,Vpp,replication,0.09,0.17900,0.54650,0.00150,0.03350,0.00700,0.54650,0.41150
n75,Vpp,replication,0.10,0.14900,0.53500,0.00350,0.03950,0.00850,0.53500,0.41350
n75,Vpp,replication,0.11,0.12850,0.52100,0.00500,0.05150,0.01200,0.52100,0.41050
n75,Vpp,replication,0.12,0.11800,0.51300,0.00700,0.05850,0.01750,0.51300,0.40400
n75,Vpp,replication,0.13,0.10500,0.50400,0.00900,0.06650,0.02150,0.50400,0.39900
n75,Vpp,replication,0.14,0.09300,0.48800,0.01300,0.07600,0.02900,0.48800,0.39400
n75,Vpp,replication,0.15,0.08650,0.47500,0.01600,0.08750,0.03450,0.47500,0.38700
n75,Vpp,replication,0.16,0.07450,0.46150,0.02150,0.09250,0.03900,0.46150,0.38550
n75,Vpp,replication,0.17,0.06650,0.44900,0.02600,0.10100,0.04450,0.44900,0.37950
n75,Vpp,replication,0.18,0.06150,0.44100,0.02850,0.10600,0.04950,0.44100,0.37500
n75,Vpp,replication,0.19,0.05600,0.43200,0.03300,0.11250,0.05450,0.43200,0.36800
n75,Vpp,replication,0.20,0.05250,0.41800,0.03850,0.11950,0.05850,0.41800,0.36550
n75,Vpp,replication,0.21,0.04850,0.40550,0.04300,0.12650,0.06250,0.40550,0.36250
n75,Vpp,replication,0.22,0.04600,0.39700,0.04850,0.13050,0.06900,0.39700,0.35500
n75,Vpp,replication,0.23,0.04400,0.39150,0.05350,0.13250,0.07250,0.39150,0.35000
n75,Vpp,replication,0.24,0.04150,0.38550,0.05750,0.13600,0.07700,0.38550,0.34400
n75,Vpp,replication,0.25,0.03600,0.37950,0.06100,0.13950,0.07950,0.37950,0.34050
n75,Vpp,replication,0.26,0.03550,0.37500,0.06400,0.14300,0.08350,0.37500,0.33450
n75,Vpp,replication,0.27,0.03450,0.37200,0.06800,0.14450,0.08600,0.37200,0.32950
n75,Vpp,replication,0.28,0.03350,0.36650,0.07050,0.14600,0.08850,0.36650,0.32850
n75,Vpp,replication,0.29,0.03350,0.36100,0.07400,0.15000,0.09050,0.36100,0.32450
n75,Vpp,replication,0.30,0.03200,0.35700,0.07550,0.15050,0.09400,0.35700,0.32300
n75,Vpp,replication,0.31,0.03100,0.35000,0.07800,0.15250,0.09800,0.35000,0.32150
n75,Vpp,replication,0.32,0.03000,0.34550,0.08150,0.15300,0.10100,0.34550,0.31900
n75,Vpp,replication,0.33,0.02900,0.34200,0.08450,0.15550,0.10250,0.34200,0.31550
n75,Vpp,replication,0.34,0.02650,0.33750,0.08650,0.15750,0.10400,0.33750,0.31450
n75,Vpp,replication,0.35,0.02550,0.33500,0.08750,0.16000,0.10450,0.33500,0.31300
n75,Vpp,replication,0.36,0.02500,0.33150,0.09000,0.16150,0.10800,0.33150,0.30900
n75,Vpp,replication,0.37,0.02500,0.32850,0.09100,0.16300,0.11050,0.32850,0.30700
n75,Vpp,replication,0.38,0.02450,0.32400,0.09350,0.16500,0.11150,0.32400,0.30600
n75,Vpp,replication,0.39,0.02350,0.32050,0.09500,0.16650,0.11450,0.32050,0.30350
n75,Vpp,replication,0.40,0.02300,0.31650,0.09700,0.16850,0.11650,0.31650,0.30150
n75,Vpp,replication,0.41,0.02250,0.31250,0.09900,0.16950,0.11850,0.31250,0.30050
n75,Vpp,replication,0.42,0.02250,0.31050,0.10050,0.17050,0.11850,0.31050,0.30000
n75,Vpp,replication,0.43,0.02250,0.30850,0.10350,0.17250,0.11850,0.30850,0.29700
n75,Vpp,replication,0.44,0.02200,0.30600,0.10500,0.17400,0.11950,0.30600,0.29550
n75,Vpp,replication,0.45,0.02200,0.30300,0.10750,0.17550,0.12150,0.30300,0.29250
n75,Vpp,replication,0.46,0.02150,0.30100,0.10950,0.17700,0.12200,0.30100,0.29050
n75,Vpp,replication,0.47,0.02150,0.30000,0.11050,0.17650,0.12400,0.30000,0.28900
n75,Vpp,replication,0.48,0.02050,0.29800,0.11100,0.17700,0.12750,0.29800,0.28650
n75,Vpp,replication,0.49,0.02050,0.29700,0.11150,0.17800,0.12800,0.29700,0.28550
n75,Vpp,replication,0.50,0.02050,0.29450,0.11250,0.17900,0.12950,0.29450,0.28450
n75,Vpp,replication,0.51,0.02050,0.29300,0.11400,0.17950,0.13100,0.29300,0.28250
n75,Vpp,replication,0.52,0.02050,0.29100,0.11500,0.18000,0.13250,0.29100,0.28150
n75,Vpp,replication,0.53,0.02050,0.28850,0.11700,0.18000,0.13500,0.28850,0.27950
n75,Vpp,replication,0.54,0.02050,0.28750,0.11750,0.18050,0.13550,0.28750,0.27900
n75,Vpp,replication,0.55,0.02000,0.28450,0.11800,0.18100,0.13650,0.28450,0.28000
n75,Vpp,replication,0.56,0.01900,0.28450,0.11850,0.18100,0.13650,0.28450,0.27950
n75,Vpp,replication,0.57,0.01850,0.28400,0.11900,0.18200,0.13750,0.28400,0.27750
n75,Vpp,replication,0.58,0.01750,0.28200,0.12000,0.18300,0.13850,0.28200,0.27650
n75,Vpp,replication,0.59,0.01750,0.28100,0.12050,0.18300,0.13900,0.28100,0.27650
n75,Vpp,replication,0.60,0.01750,0.27900,0.12200,0.18350,0.13950,0.27900,0.27600
n75,Vmax,replication,0.00,1.00000,1.00000,0.00000,0.00000,0.00000,1.00000,0.00000
n75,Vmax,replication,0.01,1.00000,1.00000,0.00000,0.00000,0.00000,1.00000,0.00000
n75,Vmax,replication,0.02,0.99750,1.00000,0.00000,0.00000,0.00000,1.00000,0.00000
n75,Vmax,replication,0.03,0.95700,1.00000,0.00000,0.00000,0.00000,1.00000,0.00000
n75,Vmax,replication,0.04,0.85800,0.99100,0.00000,0.00000,0.00000,0.99100,0.00900
n75,Vmax,replication,0.05,0.72500,0.97200,0.00000,0.00000,0.00000,0.97200,0.02800
n75,Vmax,replication,0.06,0.59900,0.94600,0.00000,0.00100,0.00000,0.94600,0.05300
n75,Vmax,replication,0.07,0.49150,0.90700,0.00000,0.00550,0.00000,0.90700,0.08750
n75,Vmax,replication,0.08,0.40850,0.87350,0.00000,0.00950,0.00150,0.87350,0.11550
n75,Vmax,replication,0.09,0.33850,0.83350,0.00050,0.01500,0.00400,0.83350,0.14700
n75,Vmax,replication,0.10,0.28750,0.80200,0.00100,0.02550,0.00650,0.80200,0.16500
n75,Vmax,replication,0.11,0.24100,0.77050,0.00150,0.03500,0.01050,0.77050,0.18250
n75,Vmax,replication,0.12,0.20650,0.74500,0.00150,0.04500,0.01350,0.74500,0.19500
n75,Vmax,replication,0.13,0.17950,0.71600,0.00200,0.05150,0.01900,0.71600,0.21150
n75,Vmax,replication,0.14,0.15600,0.69200,0.00300,0.05650,0.02600,0.69200,0.22250
n75,Vmax,replication,0.15,0.13450,0.66650,0.00450,0.06550,0.03150,0.66650,0.23200
n75,Vmax,replication,0.16,0.12050,0.64450,0.00700,0.07500,0.03550,0.64450,0.23800
n75,Vmax,replication,0.17,0.10850,0.62850,0.00850,0.08000,0.03850,0.62850,0.24450
n75,Vmax,replication,0.18,0.09700,0.61050,0.01000,0.08900,0.04400,0.61050,0.24650
n75,Vmax,replication,0.19,0.08550,0.59450,0.01100,0.09450,0.04900,0.59450,0.25100
n75,Vmax,replication,0.20,0.07800,0.57500,0.01450,0.10150,0.05200,0.57500,0.25700
n75,Vmax,replication,0.21,0.07300,0.56100,0.01800,0.10800,0.05450,0.56100,0.25850
n75,Vmax,replication,0.22,0.06700,0.54600,0.02400,0.11100,0.05900,0.54600,0.26000
n75,Vmax,replication,0.23,0.06400,0.53050,0.02950,0.11400,0.06400,0.53050,0.26200
n75,Vmax,replication,0.24,0.06150,0.51750,0.03250,0.12150,0.06700,0.51750,0.26150
n75,Vmax,replication,0.25,0.05650,0.50400,0.03600,0.12550,0.07200,0.50400,0.26250
n75,Vmax,replication,0.26,0.05250,0.48900,0.03950,0.13000,0.07600,0.48900,0.26550
n75,Vmax,replication,0.27,0.04950,0.48000,0.04150,0.13450,0.07950,0.48000,0.26450
n75,Vmax,replication,0.28,0.04800,0.46800,0.04450,0.13900,0.08200,0.46800,0.26650
n75,Vmax,replication,0.29,0.04450,0.45700,0.04900,0.14300,0.08500,0.45700,0.26600
n75,Vmax,replication,0.30,0.04200,0.45100,0.05050,0.14750,0.08750,0.45100,0.26350
n75,Vmax,replication,0.31,0.04000,0.44150,0.05250,0.14950,0.09050,0.44150,0.26600
n75,Vmax,replication,0.32,0.03900,0.43450,0.05650,0.15150,0.09400,0.43450,0.26350
n75,Vmax,replication,0.33,0.03850,0.42900,0.05950,0.15200,0.09700,0.42900,0.26250
n75,Vmax,replication,0.34,0.03650,0.42450,0.06150,0.15150,0.09950,0.42450,0.26300
n75,Vmax,replication,0.35,0.03550,0.41700,0.06550,0.15400,0.10150,0.41700,0.26200
n75,Vmax,replication,0.36,0.03500,0.41100,0.06750,0.15650,0.10350,0.41100,0.26150
n75,Vmax,replication,0.37,0.03450,0.40800,0.06850,0.15750,0.10600,0.40800,0.26000
n75,Vmax,replication,0.38,0.03450,0.40350,0.06900,0.15900,0.10850,0.40350,0.26000
n75,Vmax,replication,0.39,0.03400,0.39850,0.07000,0.15950,0.11300,0.39850,0.25900
n75,Vmax,replication,0.40,0.03250,0.39400,0.07050,0.16150,0.11550,0.39400,0.25850
n75,Vmax,replication,0.41,0.03200,0.39050,0.07150,0.16300,0.11700,0.39050,0.25800
n75,Vmax,replication,0.42,0.03200,0.38550,0.07400,0.16400,0.11950,0.38550,0.25700
n75,Vmax,replication,0.43,0.03050,0.38250,0.07550,0.16500,0.12100,0.38250,0.25600
n75,Vmax,replication,0.44,0.03050,0.37850,0.07700,0.16650,0.12200,0.37850,0.25600
n75,Vmax,replication,0.45,0.02900,0.37650,0.07800,0.16800,0.12200,0.37650,0.25550
n75,Vmax,replication,0.46,0.02850,0.37100,0.08000,0.16900,0.12400,0.37100,0.25600
n75,Vmax,replication,0.47,0.02750,0.36700,0.08200,0.17100,0.12650,0.36700,0.25350
n75,Vmax,replication,0.48,0.02750,0.36400,0.08450,0.17350,0.12650,0.36400,0.25150
n75,Vmax,replication,0.49,0.02600,0.36100,0.08450,0.17500,0.12750,0.36100,0.25200
n75,Vmax,replication,0.50,0.02550,0.35950,0.08800,0.17400,0.12800,0.35950,0.25050
n75,Vmax,replication,0.51,0.02550,0.35700,0.08900,0.17550,0.13000,0.35700,0.24850
n75,Vmax,replication,0.52,0.02500,0.35350,0.08950,0.17600,0.13150,0.35350,0.24950
n75,Vmax,replication,0.53,0.02500,0.35100,0.09000,0.17650,0.13400,0.35100,0.24850
n75,Vmax,replication,0.54,0.02450,0.34750,0.09150,0.17800,0.13500,0.34750,0.24800
n75,Vmax,replication,0.55,0.02400,0.34500,0.09300,0.17900,0.13500,0.34500,0.24800
n75,Vmax,replication,0.56,0.02350,0.34250,0.09500,0.17950,0.13600,0.34250,0.24700
n75,Vmax,replication,0.57,0.02250,0.33950,0.09850,0.17950,0.13550,0.33950,0.24700
n75,Vmax,replication,0.58,0.02250,0.33700,0.10000,0.17950,0.13700,0.33700,0.24650
n75,Vmax,replication,0.59,0.02250,0.33600,0.10100,0.17950,0.13800,0.33600,0.24550
n75,Vmax,replication,0.60,0.02150,0.33400,0.10200,0.18000,0.13800,0.33400,0.24600
n72,rms_Voc,single,0.00,1.00000,1.00000,0.00000,0.00000,0.00000,1.00000,0.00000
n72,rms_Voc,single,0.01,0.64700,1.00000,0.00000,0.00000,0.00000,1.00000,0.00000
n72,rms_Voc,single,0.02,0.56850,1.00000,0.00000,0.00000,0.00000,1.00000,0.00000
n72,rms_Voc,single,0.03,0.51800,1.00000,0.00000,0.00000,0.00000,1.00000,0.00000
n72,rms_Voc,single,0.04,0.45100,1.00000,0.00000,0.00000,0.00000,1.00000,0.00000
n72,rms_Voc,single,0.05,0.38550,1.00000,0.00000,0.00000,0.00000,1.00000,0.00000
n72,rms_Voc,single,0.06,0.32300,1.00000,0.00000,0.00000,0.00000,1.00000,0.00000
n72,rms_Voc,single,0.07,0.28350,0.99850,0.00000,0.00100,0.00000,0.99850,0.00050
n72,rms_Voc,single,0.08,0.24350,0.99100,0.00000,0.00600,0.00000,0.99100,0.00300
n72,rms_Voc,single,0.09,0.21200,0.97900,0.00050,0.01000,0.00150,0.97900,0.00900
n72,rms_Voc,single,0.10,0.18050,0.96150,0.00050,0.01700,0.00400,0.96150,0.01700
n72,rms_Voc,single,0.11,0.16300,0.94200,0.00100,0.02500,0.00700,0.94200,0.02500
n72,rms_Voc,single,0.12,0.14550,0.91900,0.00150,0.03650,0.01000,0.91900,0.03300
n72,rms_Voc,single,0.13,0.13100,0.89450,0.00200,0.04750,0.01450,0.89450,0.04150
n72,rms_Voc,single,0.14,0.11900,0.87300,0.00400,0.05800,0.01600,0.87300,0.04900
n72,rms_Voc,single,0.15,0.11000,0.84450,0.00650,0.06850,0.01950,0.84450,0.06100
n72,rms_Voc,single,0.16,0.10300,0.82450,0.00950,0.07150,0.02400,0.82450,0.07050
n72,rms_Voc,single,0.17,0.09700,0.79800,0.01250,0.07900,0.02950,0.79800,0.08100
n72,rms_Voc,single,0.18,0.08950,0.77600,0.01500,0.08900,0.03400,0.77600,0.08600
n72,rms_Voc,single,0.19,0.08200,0.75100,0.01800,0.09600,0.03900,0.75100,0.09600
n72,rms_Voc,single,0.20,0.07750,0.72750,0.02100,0.10200,0.04350,0.72750,0.10600
n72,rms_Voc,single,0.21,0.07200,0.70900,0.02450,0.10850,0.04800,0.70900,0.11000
n72,rms_Voc,single,0.22,0.06900,0.68900,0.02800,0.11400,0.05250,0.68900,0.11650
n72,rms_Voc,single,0.23,0.06450,0.67450,0.02950,0.11950,0.05500,0.67450,0.12150
n72,rms_Voc,single,0.24,0.06000,0.65600,0.03350,0.12500,0.05800,0.65600,0.12750
n72,rms_Voc,single,0.25,0.05650,0.63700,0.03700,0.13250,0.06100,0.63700,0.13250
n72,rms_Voc,single,0.26,0.05400,0.62100,0.04000,0.13600,0.06350,0.62100,0.13950
n72,rms_Voc,single,0.27,0.05150,0.60700,0.04300,0.13950,0.06800,0.60700,0.14250
n72,rms_Voc,single,0.28,0.04850,0.58950,0.04600,0.14600,0.07100,0.58950,0.14750
n72,rms_Voc,single,0.29,0.04650,0.57400,0.04900,0.14950,0.07450,0.57400,0.15300
n72,rms_Voc,single,0.30,0.04500,0.56200,0.05150,0.15250,0.07750,0.56200,0.15650
n72,rms_Voc,single,0.31,0.04350,0.54850,0.05750,0.15300,0.08200,0.54850,0.15900
n72,rms_Voc,single,0.32,0.04350,0.53500,0.05950,0.15700,0.08650,0.53500,0.16200
n72,rms_Voc,single,0.33,0.04250,0.52550,0.06100,0.15950,0.08800,0.52550,0.16600
n72,rms_Voc,single,0.34,0.04050,0.51250,0.06300,0.16300,0.09150,0.51250,0.17000
n72,rms_Voc,single,0.35,0.03850,0.50100,0.06700,0.16700,0.09450,0.50100,0.17050
n72,rms_Voc,single,0.36,0.03700,0.49200,0.07000,0.16950,0.09600,0.49200,0.17250
n72,rms_Voc,single,0.37,0.03700,0.48600,0.07250,0.17050,0.09700,0.48600,0.17400
n72,rms_Voc,single,0.38,0.03650,0.47600,0.07600,0.17200,0.10000,0.47600,0.17600
n72,rms_Voc,single,0.39,0.03600,0.46950,0.07750,0.17250,0.10150,0.46950,0.17900
n72,rms_Voc,single,0.40,0.03550,0.46500,0.07900,0.17250,0.10400,0.46500,0.17950
n72,rms_Voc,single,0.41,0.03350,0.46100,0.08050,0.17300,0.10550,0.46100,0.18000
n72,rms_Voc,single,0.42,0.03350,0.45700,0.08300,0.17300,0.10650,0.45700,0.18050
n72,rms_Voc,single,0.43,0.03300,0.45200,0.08300,0.17450,0.10850,0.45200,0.18200
n72,rms_Voc,single,0.44,0.03300,0.44650,0.08500,0.17450,0.11100,0.44650,0.18300
n72,rms_Voc,single,0.45,0.03300,0.44100,0.08750,0.17500,0.11200,0.44100,0.18450
n72,rms_Voc,single,0.46,0.03300,0.43550,0.08850,0.17500,0.11450,0.43550,0.18650
n72,rms_Voc,single,0.47,0.03300,0.43100,0.09000,0.17400,0.11850,0.43100,0.18650
n72,rms_Voc,single,0.48,0.03250,0.42500,0.09300,0.17450,0.12000,0.42500,0.18750
n72,rms_Voc,single,0.49,0.03150,0.41900,0.09400,0.17650,0.12200,0.41900,0.18850
n72,rms_Voc,single,0.50,0.03050,0.41300,0.09700,0.17700,0.12250,0.41300,0.19050
n72,rms_Voc,single,0.51,0.03050,0.40850,0.09800,0.17750,0.12450,0.40850,0.19150
n72,rms_Voc,single,0.52,0.02950,0.40500,0.10000,0.17800,0.12750,0.40500,0.18950
n72,rms_Voc,single,0.53,0.02900,0.40250,0.10050,0.17900,0.12900,0.40250,0.18900
n72,rms_Voc,single,0.54,0.02900,0.39800,0.10350,0.17850,0.12950,0.39800,0.19050
n72,rms_Voc,single,0.55,0.02900,0.39550,0.10350,0.17950,0.13050,0.39550,0.19100
n72,rms_Voc,single,0.56,0.02900,0.39300,0.10500,0.18050,0.13050,0.39300,0.19100
n72,rms_Voc,single,0.57,0.02850,0.39100,0.10550,0.18100,0.13150,0.39100,0.19100
n72,rms_Voc,single,0.58,0.02800,0.38750,0.10700,0.18250,0.13300,0.38750,0.19000
n72,rms_Voc,single,0.59,0.02800,0.38500,0.10700,0.18300,0.13450,0.38500,0.19050
n72,rms_Voc,single,0.60,0.02800,0.38150,0.10900,0.18400,0.13400,0.38150,0.19150
n72,Vpp,single,0.00,1.00000,1.00000,0.00000,0.00000,0.00000,1.00000,0.00000
n72,Vpp,single,0.01,0.95650,1.00000,0.00000,0.00000,0.00000,1.00000,0.00000
n72,Vpp,single,0.02,0.79350,1.00000,0.00000,0.00000,0.00000,1.00000,0.00000
n72,Vpp,single,0.03,0.65500,1.00000,0.00000,0.00000,0.00000,1.00000,0.00000
n72,Vpp,single,0.04,0.54700,1.00000,0.00000,0.00000,0.00000,1.00000,0.00000
n72,Vpp,single,0.05,0.45350,1.00000,0.00000,0.00000,0.00000,1.00000,0.00000
n72,Vpp,single,0.06,0.37150,0.99950,0.00000,0.00000,0.00000,0.99950,0.00050
n72,Vpp,single,0.07,0.32100,0.99100,0.00000,0.00200,0.00000,0.99100,0.00700
n72,Vpp,single,0.08,0.27250,0.97750,0.00000,0.00750,0.00000,0.97750,0.01500
n72,Vpp,single,0.09,0.23550,0.95850,0.00050,0.01400,0.00200,0.95850,0.02500
n72,Vpp,single,0.10,0.20600,0.93500,0.00100,0.02400,0.00500,0.93500,0.03500
n72,Vpp,single,0.11,0.17900,0.91000,0.00150,0.03550,0.00850,0.91000,0.04450
n72,Vpp,single,0.12,0.15300,0.88200,0.00150,0.04600,0.01200,0.88200,0.05850
n72,Vpp,single,0.13,0.13150,0.85300,0.00300,0.05650,0.01500,0.85300,0.07250
n72,Vpp,single,0.14,0.11950,0.82400,0.00450,0.06650,0.01850,0.82400,0.08650
n72,Vpp,single,0.15,0.10850,0.80700,0.00700,0.07000,0.02150,0.80700,0.09450
n72,Vpp,single,0.16,0.09500,0.77550,0.01050,0.07950,0.02650,0.77550,0.10800
n72,Vpp,single,0.17,0.08850,0.74800,0.01350,0.09000,0.03000,0.74800,0.11850
n72,Vpp,single,0.18,0.08350,0.72700,0.01700,0.09750,0.03450,0.72700,0.12400
n72,Vpp,single,0.19,0.07800,0.70750,0.02000,0.10300,0.03800,0.70750,0.13150
n72,Vpp,single,0.20,0.07400,0.68700,0.02400,0.10800,0.04450,0.68700,0.13650
n72,Vpp,single,0.21,0.06750,0.66500,0.02800,0.11400,0.04800,0.66500,0.14500
n72,Vpp,single,0.22,0.06250,0.64750,0.03100,0.12050,0.05250,0.64750,0.14850
n72,Vpp,single,0.23,0.05650,0.62500,0.03550,0.12850,0.05450,0.62500,0.15650
n72,Vpp,single,0.24,0.05250,0.60900,0.03850,0.13300,0.05650,0.60900,0.16300
n72,Vpp,single,0.25,0.05050,0.59550,0.04150,0.13700,0.05900,0.59550,0.16700
n72,Vpp,single,0.26,0.04650,0.57850,0.04300,0.14450,0.06350,0.57850,0.17050
n72,Vpp,single,0.27,0.04300,0.56300,0.04700,0.14900,0.06750,0.56300,0.17350
n72,Vpp,single,0.28,0.04200,0.54900,0.04900,0.15300,0.07050,0.54900,0.17850
n72,Vpp,single,0.29,0.03900,0.53800,0.05350,0.15500,0.07450,0.53800,0.17900
n72,Vpp,single,0.30,0.03850,0.52350,0.05750,0.15700,0.07950,0.52350,0.18250
n72,Vpp,single,0.31,0.03500,0.51200,0.05900,0.16100,0.08300,0.51200,0.18500
n72,Vpp,single,0.32,0.03400,0.50050,0.06250,0.16450,0.08450,0.50050,0.18800
n72,Vpp,single,0.33,0.03350,0.48850,0.06650,0.16800,0.08800,0.48850,0.18900
n72,Vpp,single,0.34,0.03250,0.48150,0.06900,0.16950,0.09200,0.48150,0.18800
n72,Vpp,single,0.35,0.03150,0.47600,0.07250,0.17050,0.09300,0.47600,0.18800
n72,Vpp,single,0.36,0.02950,0.46550,0.07550,0.17200,0.09500,0.46550,0.19200
n72,Vpp,single,0.37,0.02900,0.45900,0.07600,0.17250,0.09750,0.45900,0.19500
n72,Vpp,single,0.38,0.02900,0.45250,0.07700,0.17350,0.09950,0.45250,0.19750
n72,Vpp,single,0.39,0.02900,0.44650,0.08000,0.17300,0.10200,0.44650,0.19850
n72,Vpp,single,0.40,0.02850,0.44150,0.08100,0.17350,0.10350,0.44150,0.20050
n72,Vpp,single,0.41,0.02650,0.43650,0.08150,0.17450,0.10450,0.43650,0.20300
n72,Vpp,single,0.42,0.02650,0.43250,0.08350,0.17500,0.10600,0.43250,0.20300
n72,Vpp,single,0.43,0.02550,0.43000,0.08650,0.17500,0.10600,0.43000,0.20250
n72,Vpp,single,0.44,0.02500,0.42350,0.08700,0.17750,0.10850,0.42350,0.20350
n72,Vpp,single,0.45,0.02500,0.41700,0.08800,0.17900,0.11200,0.41700,0.20400
n72,Vpp,single,0.46,0.02450,0.41300,0.09050,0.17850,0.11350,0.41300,0.20450
n72,Vpp,single,0.47,0.02450,0.40850,0.09250,0.17900,0.11550,0.40850,0.20450
n72,Vpp,single,0.48,0.02400,0.40450,0.09400,0.17950,0.11800,0.40450,0.20400
n72,Vpp,single,0.49,0.02300,0.39850,0.09500,0.17950,0.12100,0.39850,0.20600
n72,Vpp,single,0.50,0.02250,0.39400,0.09600,0.18000,0.12200,0.39400,0.20800
n72,Vpp,single,0.51,0.02250,0.38900,0.09900,0.18050,0.12300,0.38900,0.20850
n72,Vpp,single,0.52,0.02250,0.38700,0.10050,0.18150,0.12400,0.38700,0.20700
n72,Vpp,single,0.53,0.02250,0.38300,0.10350,0.18200,0.12450,0.38300,0.20700
n72,Vpp,single,0.54,0.02200,0.38100,0.10400,0.18150,0.12500,0.38100,0.20850
n72,Vpp,single,0.55,0.02150,0.37650,0.10550,0.18200,0.12700,0.37650,0.20900
n72,Vpp,single,0.56,0.02150,0.37350,0.10650,0.18300,0.12750,0.37350,0.20950
n72,Vpp,single,0.57,0.02150,0.37050,0.10700,0.18350,0.12850,0.37050,0.21050
n72,Vpp,single,0.58,0.02150,0.36700,0.10950,0.18450,0.12850,0.36700,0.21050
n72,Vpp,single,0.59,0.02150,0.36450,0.10950,0.18600,0.12900,0.36450,0.21100
n72,Vpp,single,0.60,0.02150,0.36050,0.11200,0.18700,0.12900,0.36050,0.21150
n72,Vmax,single,0.00,1.00000,1.00000,0.00000,0.00000,0.00000,1.00000,0.00000
n72,Vmax,single,0.01,0.96000,1.00000,0.00000,0.00000,0.00000,1.00000,0.00000
n72,Vmax,single,0.02,0.80100,1.00000,0.00000,0.00000,0.00000,1.00000,0.00000
n72,Vmax,single,0.03,0.69900,1.00000,0.00000,0.00000,0.00000,1.00000,0.00000
n72,Vmax,single,0.04,0.60800,1.00000,0.00000,0.00000,0.00000,1.00000,0.00000
n72,Vmax,single,0.05,0.51800,1.00000,0.00000,0.00000,0.00000,1.00000,0.00000
n72,Vmax,single,0.06,0.45300,1.00000,0.00000,0.00000,0.00000,1.00000,0.00000
n72,Vmax,single,0.07,0.39650,1.00000,0.00000,0.00000,0.00000,1.00000,0.00000
n72,Vmax,single,0.08,0.34800,0.99950,0.00000,0.00050,0.00000,0.99950,0.00000
n72,Vmax,single,0.09,0.30800,0.99750,0.00000,0.00200,0.00000,0.99750,0.00050
n72,Vmax,single,0.10,0.27600,0.99150,0.00000,0.00600,0.00000,0.99150,0.00250
n72,Vmax,single,0.11,0.24650,0.97950,0.00000,0.01150,0.00200,0.97950,0.00700
n72,Vmax,single,0.12,0.22350,0.96550,0.00050,0.01700,0.00550,0.96550,0.01150
n72,Vmax,single,0.13,0.20300,0.94900,0.00050,0.02400,0.00800,0.94900,0.01850
n72,Vmax,single,0.14,0.18750,0.93400,0.00100,0.03100,0.01000,0.93400,0.02400
n72,Vmax,single,0.15,0.16600,0.91300,0.00150,0.04000,0.01500,0.91300,0.03050
n72,Vmax,single,0.16,0.15000,0.89550,0.00150,0.05000,0.01650,0.89550,0.03650
n72,Vmax,single,0.17,0.13900,0.87600,0.00150,0.05900,0.02000,0.87600,0.04350
n72,Vmax,single,0.18,0.12700,0.85600,0.00350,0.06650,0.02450,0.85600,0.04950
n72,Vmax,single,0.19,0.12000,0.83850,0.00350,0.07300,0.02700,0.83850,0.05800
n72,Vmax,single,0.20,0.10700,0.81650,0.00550,0.07700,0.03350,0.81650,0.06750
n72,Vmax,single,0.21,0.10000,0.79750,0.00700,0.08250,0.03750,0.79750,0.07550
n72,Vmax,single,0.22,0.09300,0.77550,0.00900,0.09250,0.04200,0.77550,0.08100
n72,Vmax,single,0.23,0.08800,0.76100,0.01250,0.09850,0.04500,0.76100,0.08300
n72,Vmax,single,0.24,0.08350,0.74300,0.01350,0.10350,0.05000,0.74300,0.09000
n72,Vmax,single,0.25,0.08150,0.72450,0.01650,0.10800,0.05300,0.72450,0.09800
n72,Vmax,single,0.26,0.07900,0.70700,0.01900,0.11400,0.05700,0.70700,0.10300
n72,Vmax,single,0.27,0.07600,0.69650,0.01950,0.11850,0.05900,0.69650,0.10650
n72,Vmax,single,0.28,0.07300,0.68150,0.02350,0.12200,0.06100,0.68150,0.11200
n72,Vmax,single,0.29,0.06850,0.66850,0.02500,0.12700,0.06300,0.66850,0.11650
n72,Vmax,single,0.30,0.06650,0.65450,0.02650,0.13200,0.06650,0.65450,0.12050
n72,Vmax,single,0.31,0.06350,0.64100,0.03100,0.13550,0.06900,0.64100,0.12350
n72,Vmax,single,0.32,0.06100,0.63050,0.03350,0.13650,0.07150,0.63050,0.12800
n72,Vmax,single,0.33,0.05700,0.61350,0.03600,0.14100,0.07450,0.61350,0.13500
n72,Vmax,single,0.34,0.05500,0.60200,0.03800,0.14500,0.07750,0.60200,0.13750
n72,Vmax,single,0.35,0.05350,0.58800,0.04100,0.14950,0.08000,0.58800,0.14150
n72,Vmax,single,0.36,0.05050,0.57850,0.04200,0.15050,0.08400,0.57850,0.14500
n72,Vmax,single,0.37,0.04850,0.56300,0.04450,0.15450,0.08800,0.56300,0.15000
n72,Vmax,single,0.38,0.04700,0.55400,0.04700,0.15600,0.09050,0.55400,0.15250
n72,Vmax,single,0.39,0.04650,0.54550,0.04850,0.15900,0.09300,0.54550,0.15400
n72,Vmax,single,0.40,0.04550,0.53600,0.05000,0.16200,0.09700,0.53600,0.15500
n72,Vmax,single,0.41,0.04450,0.52600,0.05450,0.16450,0.09800,0.52600,0.15700
n72,Vmax,single,0.42,0.04300,0.51600,0.05650,0.16750,0.10000,0.51600,0.16000
n72,Vmax,single,0.43,0.04100,0.50950,0.05750,0.17050,0.10200,0.50950,0.16050
n72,Vmax,single,0.44,0.04000,0.50200,0.05800,0.17350,0.10350,0.50200,0.16300
n72,Vmax,single,0.45,0.03900,0.49400,0.06100,0.17400,0.10650,0.49400,0.16450
n72,Vmax,single,0.46,0.03900,0.48950,0.06250,0.17500,0.10800,0.48950,0.16500
n72,Vmax,single,0.47,0.03800,0.48150,0.06600,0.17450,0.11050,0.48150,0.16750
n72,Vmax,single,0.48,0.03800,0.47600,0.06650,0.17500,0.11300,0.47600,0.16950
n72,Vmax,single,0.49,0.03750,0.47150,0.06800,0.17450,0.11550,0.47150,0.17050
n72,Vmax,single,0.50,0.03650,0.46750,0.06950,0.17450,0.11650,0.46750,0.17200
n72,Vmax,single,0.51,0.03500,0.46100,0.07250,0.17550,0.11800,0.46100,0.17300
n72,Vmax,single,0.52,0.03500,0.45750,0.07350,0.17650,0.11950,0.45750,0.17300
n72,Vmax,single,0.53,0.03450,0.45350,0.07450,0.17800,0.12100,0.45350,0.17300
n72,Vmax,single,0.54,0.03350,0.45050,0.07500,0.17850,0.12300,0.45050,0.17300
n72,Vmax,single,0.55,0.03350,0.44950,0.07500,0.17900,0.12300,0.44950,0.17350
n72,Vmax,single,0.56,0.03300,0.44350,0.07650,0.17900,0.12650,0.44350,0.17450
n72,Vmax,single,0.57,0.03200,0.43950,0.07650,0.17950,0.12800,0.43950,0.17650
n72,Vmax,single,0.58,0.03100,0.43450,0.07650,0.18000,0.12950,0.43450,0.17950
n72,Vmax,single,0.59,0.03050,0.43100,0.07650,0.18100,0.13100,0.43100,0.18050
n72,Vmax,single,0.60,0.02950,0.42650,0.07750,0.18150,0.13150,0.42650,0.18300
n72,rms_Voc,replication,0.00,1.00000,1.00000,0.00000,0.00000,0.00000,1.00000,0.00000
n72,rms_Voc,replication,0.01,0.60900,1.00000,0.00000,0.00000,0.00000,1.00000,0.00000
n72,rms_Voc,replication,0.02,0.52550,1.00000,0.00000,0.00000,0.00000,1.00000,0.00000
n72,rms_Voc,replication,0.03,0.43750,1.00000,0.00000,0.00000,0.00000,1.00000,0.00000
n72,rms_Voc,replication,0.04,0.34350,1.00000,0.00000,0.00000,0.00000,1.00000,0.00000
n72,rms_Voc,replication,0.05,0.27850,0.99850,0.00000,0.00100,0.00000,0.99850,0.00050
n72,rms_Voc,replication,0.06,0.22950,0.98550,0.00000,0.00750,0.00000,0.98550,0.00700
n72,rms_Voc,replication,0.07,0.18400,0.96250,0.00050,0.01650,0.00350,0.96250,0.01700
n72,rms_Voc,replication,0.08,0.15750,0.93550,0.00150,0.02800,0.00750,0.93550,0.02750
n72,rms_Voc,replication,0.09,0.13450,0.89900,0.00150,0.04550,0.01400,0.89900,0.04000
n72,rms_Voc,replication,0.10,0.11650,0.86700,0.00400,0.06150,0.01650,0.86700,0.05100
n72,rms_Voc,replication,0.11,0.10500,0.83150,0.00900,0.07150,0.02200,0.83150,0.06600
n72,rms_Voc,replication,0.12,0.09700,0.79700,0.01300,0.07900,0.02950,0.79700,0.08150
n72,rms_Voc,replication,0.13,0.08700,0.76350,0.01750,0.09100,0.03700,0.76350,0.09100
n72,rms_Voc,replication,0.14,0.07800,0.73050,0.02050,0.10100,0.04350,0.73050,0.10450
n72,rms_Voc,replication,0.15,0.07050,0.70150,0.02700,0.11050,0.05000,0.70150,0.11100
n72,rms_Voc,replication,0.16,0.06500,0.67750,0.02900,0.11850,0.05450,0.67750,0.12050
n72,rms_Voc,replication,0.17,0.05900,0.65250,0.03450,0.12650,0.05850,0.65250,0.12800
n72,rms_Voc,replication,0.18,0.05450,0.62500,0.03900,0.13500,0.06300,0.62500,0.13800
n72,rms_Voc,replication,0.19,0.05100,0.60500,0.04350,0.14050,0.06800,0.60500,0.14300
n72,rms_Voc,replication,0.20,0.04750,0.58050,0.04700,0.14750,0.07300,0.58050,0.15200
n72,rms_Voc,replication,0.21,0.04500,0.56150,0.05150,0.15250,0.07800,0.56150,0.15650
n72,rms_Voc,replication,0.22,0.04350,0.54150,0.05950,0.15450,0.08350,0.54150,0.16100
n72,rms_Voc,replication,0.23,0.04250,0.52650,0.06000,0.15950,0.08800,0.52650,0.16600
n72,rms_Voc,replication,0.24,0.03950,0.50650,0.06450,0.16450,0.09350,0.50650,0.17100
n72,rms_Voc,replication,0.25,0.03700,0.49300,0.06950,0.16950,0.09600,0.49300,0.17200
n72,rms_Voc,replication,0.26,0.03650,0.48200,0.07350,0.17150,0.09800,0.48200,0.17500
n72,rms_Voc,replication,0.27,0.03600,0.47100,0.07750,0.17250,0.10150,0.47100,0.17750
n72,rms_Voc,replication,0.28,0.03500,0.46300,0.07950,0.17250,0.10500,0.46300,0.18000
n72,rms_Voc,replication,0.29,0.03350,0.45750,0.08250,0.17300,0.10600,0.45750,0.18100
n72,rms_Voc,replication,0.30,0.03300,0.44900,0.08350,0.17450,0.11050,0.44900,0.18250
n72,rms_Voc,replication,0.31,0.03300,0.44150,0.08700,0.17450,0.11200,0.44150,0.18500
n72,rms_Voc,replication,0.32,0.03300,0.43500,0.08950,0.17450,0.11500,0.43500,0.18600
n72,rms_Voc,replication,0.33,0.03250,0.42600,0.09300,0.17450,0.11900,0.42600,0.18750
n72,rms_Voc,replication,0.34,0.03100,0.41600,0.09500,0.17650,0.12300,0.41600,0.18950
n72,rms_Voc,replication,0.35,0.03050,0.40850,0.09800,0.17750,0.12450,0.40850,0.19150
n72,rms_Voc,replication,0.36,0.02900,0.40300,0.10050,0.17850,0.12850,0.40300,0.18950
n72,rms_Voc,replication,0.37,0.02900,0.39800,0.10350,0.17850,0.12950,0.39800,0.19050
n72,rms_Voc,replication,0.38,0.02900,0.39350,0.10450,0.18050,0.13050,0.39350,0.19100
n72,rms_Voc,replication,0.39,0.02850,0.39000,0.10550,0.18150,0.13200,0.39000,0.19100
n72,rms_Voc,replication,0.40,0.02800,0.38550,0.10700,0.18300,0.13400,0.38550,0.19050
n72,rms_Voc,replication,0.41,0.02800,0.38100,0.10900,0.18400,0.13400,0.38100,0.19200
n72,rms_Voc,replication,0.42,0.02700,0.37400,0.11150,0.18500,0.13500,0.37400,0.19450
n72,rms_Voc,replication,0.43,0.02600,0.36950,0.11250,0.18600,0.13650,0.36950,0.19550
n72,rms_Voc,replication,0.44,0.02600,0.36400,0.11400,0.18700,0.13900,0.36400,0.19600
n72,rms_Voc,replication,0.45,0.02500,0.35800,0.11550,0.18850,0.14200,0.35800,0.19600
n72,rms_Voc,replication,0.46,0.02500,0.35300,0.11650,0.18950,0.14300,0.35300,0.19800
n72,rms_Voc,replication,0.47,0.02500,0.35050,0.11800,0.19000,0.14250,0.35050,0.19900
n72,rms_Voc,replication,0.48,0.02350,0.34700,0.12000,0.19050,0.14300,0.34700,0.19950
n72,rms_Voc,replication,0.49,0.02250,0.34450,0.12200,0.19050,0.14400,0.34450,0.19900
n72,rms_Voc,replication,0.50,0.02200,0.33950,0.12400,0.19250,0.14400,0.33950,0.20000
n72,rms_Voc,replication,0.51,0.02150,0.33550,0.12500,0.19400,0.14450,0.33550,0.20100
n72,rms_Voc,replication,0.52,0.02150,0.33250,0.12600,0.19450,0.14550,0.33250,0.20150
n72,rms_Voc,replication,0.53,0.02150,0.32900,0.12600,0.19500,0.14700,0.32900,0.20300
n72,rms_Voc,replication,0.54,0.02100,0.32900,0.12650,0.19500,0.14750,0.32900,0.20200
n72,rms_Voc,replication,0.55,0.02100,0.32700,0.12700,0.19500,0.14850,0.32700,0.20250
n72,rms_Voc,replication,0.56,0.02100,0.32500,0.12950,0.19500,0.14950,0.32500,0.20100
n72,rms_Voc,replication,0.57,0.02000,0.32300,0.13050,0.19600,0.15000,0.32300,0.20050
n72,rms_Voc,replication,0.58,0.02000,0.32150,0.13150,0.19650,0.15050,0.32150,0.20000
n72,rms_Voc,replication,0.59,0.01950,0.31800,0.13250,0.19700,0.15200,0.31800,0.20050
n72,rms_Voc,replication,0.60,0.01950,0.31700,0.13250,0.19750,0.15200,0.31700,0.20100
n72,Vpp,replication,0.00,1.00000,1.00000,0.00000,0.00000,0.00000,1.00000,0.00000
n72,Vpp,replication,0.01,0.88800,1.00000,0.00000,0.00000,0.00000,1.00000,0.00000
n72,Vpp,replication,0.02,0.67800,1.00000,0.00000,0.00000,0.00000,1.00000,0.00000
n72,Vpp,replication,0.03,0.52150,1.00000,0.00000,0.00000,0.00000,1.00000,0.00000
n72,Vpp,replication,0.04,0.40000,1.00000,0.00000,0.00000,0.00000,1.00000,0.00000
n72,Vpp,replication,0.05,0.31600,0.99000,0.00000,0.00250,0.00000,0.99000,0.00750
n72,Vpp,replication,0.06,0.25250,0.96850,0.00050,0.01100,0.00000,0.96850,0.02000
n72,Vpp,replication,0.07,0.20800,0.93800,0.00050,0.02300,0.00500,0.93800,0.03350
n72,Vpp,replication,0.08,0.17000,0.90350,0.00150,0.03800,0.00900,0.90350,0.04800
n72,Vpp,replication,0.09,0.13650,0.86050,0.00200,0.05400,0.01450,0.86050,0.06900
n72,Vpp,replication,0.10,0.11550,0.81900,0.00500,0.06750,0.01850,0.81900,0.09000
n72,Vpp,replication,0.11,0.09900,0.78950,0.00850,0.07700,0.02350,0.78950,0.10150
n72,Vpp,replication,0.12,0.08850,0.74700,0.01400,0.09000,0.03000,0.74700,0.11900
n72,Vpp,replication,0.13,0.08050,0.71750,0.01900,0.09850,0.03700,0.71750,0.12800
n72,Vpp,replication,0.14,0.07400,0.68800,0.02300,0.10800,0.04450,0.68800,0.13650
n72,Vpp,replication,0.15,0.06600,0.65900,0.02850,0.11550,0.05050,0.65900,0.14650
n72,Vpp,replication,0.16,0.05800,0.63050,0.03450,0.12600,0.05400,0.63050,0.15500
n72,Vpp,replication,0.17,0.05150,0.60550,0.03900,0.13350,0.05750,0.60550,0.16450
n72,Vpp,replication,0.18,0.04800,0.58450,0.04250,0.14200,0.06100,0.58450,0.17000
n72,Vpp,replication,0.19,0.04300,0.56150,0.04750,0.14950,0.06750,0.56150,0.17400
n72,Vpp,replication,0.20,0.03900,0.54250,0.05150,0.15350,0.07300,0.54250,0.17950
n72,Vpp,replication,0.21,0.03850,0.52350,0.05750,0.15700,0.07950,0.52350,0.18250
n72,Vpp,replication,0.22,0.03450,0.50650,0.06100,0.16200,0.08400,0.50650,0.18650
n72,Vpp,replication,0.23,0.03350,0.48900,0.06600,0.16800,0.08800,0.48900,0.18900
n72,Vpp,replication,0.24,0.03250,0.47950,0.06900,0.17100,0.09200,0.47950,0.18850
n72,Vpp,replication,0.25,0.02950,0.46600,0.07500,0.17200,0.09500,0.46600,0.19200
n72,Vpp,replication,0.26,0.02900,0.45650,0.07600,0.17300,0.09800,0.45650,0.19650
n72,Vpp,replication,0.27,0.02900,0.44750,0.07850,0.17350,0.10150,0.44750,0.19900
n72,Vpp,replication,0.28,0.02800,0.43950,0.08150,0.17400,0.10350,0.43950,0.20150
n72,Vpp,replication,0.29,0.02650,0.43350,0.08250,0.17500,0.10600,0.43350,0.20300
n72,Vpp,replication,0.30,0.02500,0.42750,0.08650,0.17550,0.10750,0.42750,0.20300
n72,Vpp,replication,0.31,0.02500,0.41750,0.08800,0.17900,0.11150,0.41750,0.20400
n72,Vpp,replication,0.32,0.02450,0.41200,0.09050,0.17850,0.11450,0.41200,0.20450
n72,Vpp,replication,0.33,0.02400,0.40450,0.09400,0.17950,0.11800,0.40450,0.20400
n72,Vpp,replication,0.34,0.02300,0.39700,0.09550,0.17900,0.12200,0.39700,0.20650
n72,Vpp,replication,0.35,0.02250,0.38900,0.09900,0.18050,0.12300,0.38900,0.20850
n72,Vpp,replication,0.36,0.02250,0.38450,0.10300,0.18100,0.12450,0.38450,0.20700
n72,Vpp,replication,0.37,0.02200,0.38050,0.10450,0.18150,0.12550,0.38050,0.20800
n72,Vpp,replication,0.38,0.02150,0.37500,0.10600,0.18250,0.12700,0.37500,0.20950
n72,Vpp,replication,0.39,0.02150,0.36950,0.10750,0.18400,0.12850,0.36950,0.21050
n72,Vpp,replication,0.40,0.02150,0.36500,0.10950,0.18550,0.12900,0.36500,0.21100
n72,Vpp,replication,0.41,0.02100,0.35950,0.11200,0.18700,0.13050,0.35950,0.21100
n72,Vpp,replication,0.42,0.02050,0.35300,0.11450,0.18800,0.13300,0.35300,0.21150
n72,Vpp,replication,0.43,0.02050,0.34650,0.11550,0.18900,0.13600,0.34650,0.21300
n72,Vpp,replication,0.44,0.02050,0.34450,0.11650,0.18900,0.13700,0.34450,0.21300
n72,Vpp,replication,0.45,0.02050,0.34150,0.11850,0.18950,0.13750,0.34150,0.21300
n72,Vpp,replication,0.46,0.02050,0.33900,0.12000,0.19100,0.13750,0.33900,0.21250
n72,Vpp,replication,0.47,0.02000,0.33450,0.12150,0.19250,0.13950,0.33450,0.21200
n72,Vpp,replication,0.48,0.01950,0.33150,0.12300,0.19300,0.14000,0.33150,0.21250
n72,Vpp,replication,0.49,0.01950,0.32950,0.12400,0.19350,0.14100,0.32950,0.21200
n72,Vpp,replication,0.50,0.01950,0.32800,0.12400,0.19400,0.14350,0.32800,0.21050
n72,Vpp,replication,0.51,0.01950,0.32700,0.12400,0.19400,0.14500,0.32700,0.21000
n72,Vpp,replication,0.52,0.01950,0.32500,0.12550,0.19450,0.14500,0.32500,0.21000
n72,Vpp,replication,0.53,0.01900,0.32150,0.12700,0.19500,0.14550,0.32150,0.21100
n72,Vpp,replication,0.54,0.01850,0.31950,0.12750,0.19500,0.14700,0.31950,0.21100
n72,Vpp,replication,0.55,0.01850,0.31750,0.12800,0.19650,0.14750,0.31750,0.21050
n72,Vpp,replication,0.56,0.01750,0.31600,0.12900,0.19650,0.14850,0.31600,0.21000
n72,Vpp,replication,0.57,0.01750,0.31500,0.13000,0.19700,0.14950,0.31500,0.20850
n72,Vpp,replication,0.58,0.01700,0.31350,0.13050,0.19750,0.15000,0.31350,0.20850
n72,Vpp,replication,0.59,0.01650,0.31050,0.13050,0.19850,0.15050,0.31050,0.21000
n72,Vpp,replication,0.60,0.01650,0.30950,0.13150,0.19850,0.15000,0.30950,0.21050
n72,Vmax,replication,0.00,1.00000,1.00000,0.00000,0.00000,0.00000,1.00000,0.00000
n72,Vmax,replication,0.01,0.88800,1.00000,0.00000,0.00000,0.00000,1.00000,0.00000
n72,Vmax,replication,0.02,0.70900,1.00000,0.00000,0.00000,0.00000,1.00000,0.00000
n72,Vmax,replication,0.03,0.58550,1.00000,0.00000,0.00000,0.00000,1.00000,0.00000
n72,Vmax,replication,0.04,0.47550,1.00000,0.00000,0.00000,0.00000,1.00000,0.00000
n72,Vmax,replication,0.05,0.39150,1.00000,0.00000,0.00000,0.00000,1.00000,0.00000
n72,Vmax,replication,0.06,0.32850,0.99900,0.00000,0.00100,0.00000,0.99900,0.00000
n72,Vmax,replication,0.07,0.27750,0.99150,0.00000,0.00600,0.00000,0.99150,0.00250
n72,Vmax,replication,0.08,0.23850,0.97650,0.00000,0.01250,0.00250,0.97650,0.00850
n72,Vmax,replication,0.09,0.20950,0.95350,0.00050,0.02150,0.00750,0.95350,0.01700
n72,Vmax,replication,0.10,0.18450,0.92950,0.00100,0.03400,0.01050,0.92950,0.02500
n72,Vmax,replication,0.11,0.15500,0.90150,0.00150,0.04750,0.01600,0.90150,0.03350
n72,Vmax,replication,0.12,0.13900,0.87450,0.00200,0.06000,0.02000,0.87450,0.04350
n72,Vmax,replication,0.13,0.12600,0.84700,0.00350,0.07000,0.02600,0.84700,0.05350
n72,Vmax,replication,0.14,0.10850,0.82000,0.00500,0.07650,0.03250,0.82000,0.06600
n72,Vmax,replication,0.15,0.09600,0.79050,0.00750,0.08500,0.04000,0.79050,0.07700
n72,Vmax,replication,0.16,0.08900,0.76600,0.01200,0.09650,0.04350,0.76600,0.08200
n72,Vmax,replication,0.17,0.08300,0.73800,0.01450,0.10450,0.05100,0.73800,0.09200
n72,Vmax,replication,0.18,0.08000,0.71200,0.01800,0.11250,0.05550,0.71200,0.10200
n72,Vmax,replication,0.19,0.07600,0.69550,0.01950,0.11800,0.05950,0.69550,0.10750
n72,Vmax,replication,0.20,0.07100,0.67150,0.02450,0.12600,0.06300,0.67150,0.11500
n72,Vmax,replication,0.21,0.06650,0.65400,0.02650,0.13200,0.06650,0.65400,0.12100
n72,Vmax,replication,0.22,0.06250,0.63700,0.03200,0.13600,0.07000,0.63700,0.12500
n72,Vmax,replication,0.23,0.05700,0.61400,0.03600,0.14050,0.07450,0.61400,0.13500
n72,Vmax,replication,0.24,0.05400,0.59700,0.03950,0.14750,0.07750,0.59700,0.13850
n72,Vmax,replication,0.25,0.05050,0.57850,0.04200,0.15050,0.08400,0.57850,0.14500
n72,Vmax,replication,0.26,0.04750,0.55900,0.04550,0.15550,0.08950,0.55900,0.15050
n72,Vmax,replication,0.27,0.04650,0.54700,0.04800,0.15850,0.09250,0.54700,0.15400
n72,Vmax,replication,0.28,0.04500,0.53250,0.05200,0.16250,0.09700,0.53250,0.15600
n72,Vmax,replication,0.29,0.04350,0.51800,0.05550,0.16650,0.10000,0.51800,0.16000
n72,Vmax,replication,0.30,0.04100,0.50700,0.05800,0.17200,0.10200,0.50700,0.16100
n72,Vmax,replication,0.31,0.03900,0.49500,0.06050,0.17400,0.10600,0.49500,0.16450
n72,Vmax,replication,0.32,0.03850,0.48750,0.06350,0.17450,0.10850,0.48750,0.16600
n72,Vmax,replication,0.33,0.03800,0.47700,0.06650,0.17500,0.11300,0.47700,0.16850
n72,Vmax,replication,0.34,0.03700,0.47100,0.06850,0.17400,0.11600,0.47100,0.17050
n72,Vmax,replication,0.35,0.03500,0.46100,0.07250,0.17550,0.11800,0.46100,0.17300
n72,Vmax,replication,0.36,0.03500,0.45450,0.07450,0.17750,0.12050,0.45450,0.17300
n72,Vmax,replication,0.37,0.03350,0.45050,0.07500,0.17850,0.12300,0.45050,0.17300
n72,Vmax,replication,0.38,0.03300,0.44550,0.07550,0.17900,0.12600,0.44550,0.17400
n72,Vmax,replication,0.39,0.03200,0.43850,0.07650,0.17950,0.12900,0.43850,0.17650
n72,Vmax,replication,0.40,0.03050,0.43100,0.07650,0.18100,0.13100,0.43100,0.18050
n72,Vmax,replication,0.41,0.02900,0.42450,0.07850,0.18250,0.13200,0.42450,0.18250
n72,Vmax,replication,0.42,0.02850,0.41900,0.08100,0.18300,0.13400,0.41900,0.18300
n72,Vmax,replication,0.43,0.02750,0.41350,0.08300,0.18350,0.13500,0.41350,0.18500
n72,Vmax,replication,0.44,0.02700,0.40950,0.08650,0.18450,0.13500,0.40950,0.18450
n72,Vmax,replication,0.45,0.02650,0.40600,0.08800,0.18500,0.13500,0.40600,0.18600
n72,Vmax,replication,0.46,0.02650,0.40000,0.09100,0.18600,0.13700,0.40000,0.18600
n72,Vmax,replication,0.47,0.02600,0.39550,0.09300,0.18700,0.13800,0.39550,0.18650
n72,Vmax,replication,0.48,0.02600,0.39150,0.09400,0.18800,0.13850,0.39150,0.18800
n72,Vmax,replication,0.49,0.02600,0.38850,0.09400,0.18950,0.13950,0.38850,0.18850
n72,Vmax,replication,0.50,0.02600,0.38550,0.09800,0.18800,0.14000,0.38550,0.18850
n72,Vmax,replication,0.51,0.02500,0.38250,0.09900,0.18900,0.14200,0.38250,0.18750
n72,Vmax,replication,0.52,0.02500,0.37900,0.10000,0.18950,0.14350,0.37900,0.18800
n72,Vmax,replication,0.53,0.02450,0.37450,0.10050,0.19000,0.14550,0.37450,0.18950
n72,Vmax,replication,0.54,0.02450,0.36900,0.10100,0.19150,0.14700,0.36900,0.19150
n72,Vmax,replication,0.55,0.02450,0.36400,0.10300,0.19200,0.14750,0.36400,0.19350
n72,Vmax,replication,0.56,0.02450,0.36150,0.10400,0.19250,0.14850,0.36150,0.19350
n72,Vmax,replication,0.57,0.02350,0.35900,0.10800,0.19200,0.14800,0.35900,0.19300
n72,Vmax,replication,0.58,0.02300,0.35600,0.11000,0.19200,0.14900,0.35600,0.19300
n72,Vmax,replication,0.59,0.02300,0.35350,0.11050,0.19200,0.15050,0.35350,0.19350
n72,Vmax,replication,0.60,0.02250,0.35150,0.11150,0.19250,0.15050,0.35150,0.19400
