doi,first_author,year,material,n_devices,quantity,mean,sd,cv,how_derived,note,replicate_type,electrospun
10.1021/acsaelm.5c00548,He,2025,electrospun PVDF-TrFE/BaTiO3 nanofiber mat (2 wt% BTO),3,"average peak voltage (V), 4 N, 7 Hz",2.6833,1.103,0.4109,"SI Table S1: 'Average Voltage' of Samples 1-3 = [3.9, 2.4, 1.75]; mean and sample SD (ddof=1) computed here",methods: 'Three samples were fabricated for each parameter',independently fabricated devices,yes
10.1021/acsaelm.5c00548,He,2025,electrospun PVDF-TrFE/BaTiO3 nanofiber mat (2 wt% BTO),3,"average peak voltage (V), 6 N, 7 Hz",3.0167,0.9305,0.3085,"SI Table S1: 'Average Voltage' of Samples 1-3 = [4.0, 2.9, 2.15]; mean and sample SD (ddof=1) computed here",methods: 'Three samples were fabricated for each parameter',independently fabricated devices,yes
10.1021/acsaelm.5c00548,He,2025,electrospun PVDF-TrFE/BaTiO3 nanofiber mat (2 wt% BTO),3,"average peak voltage (V), 8 N, 7 Hz",3.4333,0.8607,0.2507,"SI Table S1: 'Average Voltage' of Samples 1-3 = [4.4, 3.15, 2.75]; mean and sample SD (ddof=1) computed here",methods: 'Three samples were fabricated for each parameter',independently fabricated devices,yes
10.1021/acsaelm.5c00548,He,2025,electrospun PVDF-TrFE/BaTiO3 nanofiber mat (2 wt% BTO),3,"average peak voltage (V), 10 N, 7 Hz",3.8167,0.8607,0.2255,"SI Table S1: 'Average Voltage' of Samples 1-3 = [4.8, 3.45, 3.2]; mean and sample SD (ddof=1) computed here",methods: 'Three samples were fabricated for each parameter',independently fabricated devices,yes
10.1021/acsaelm.5c00548,He,2025,electrospun PVDF-TrFE/BaTiO3 nanofiber mat (3 wt% BTO),3,"average peak voltage (V), 4 N, 7 Hz",4.2333,1.405,0.3318,"SI Table S2: 'Average Voltage' of Samples 1-3 = [5.7, 2.9, 4.1]; mean and sample SD (ddof=1) computed here",methods: 'Three samples were fabricated for each parameter',independently fabricated devices,yes
10.1021/acsaelm.5c00548,He,2025,electrospun PVDF-TrFE/BaTiO3 nanofiber mat (3 wt% BTO),3,"average peak voltage (V), 6 N, 7 Hz",5.4833,1.225,0.2234,"SI Table S2: 'Average Voltage' of Samples 1-3 = [6.7, 4.25, 5.5]; mean and sample SD (ddof=1) computed here",methods: 'Three samples were fabricated for each parameter',independently fabricated devices,yes
10.1021/acsaelm.5c00548,He,2025,electrospun PVDF-TrFE/BaTiO3 nanofiber mat (3 wt% BTO),3,"average peak voltage (V), 8 N, 7 Hz",6.65,0.9042,0.1360,"SI Table S2: 'Average Voltage' of Samples 1-3 = [7.6, 5.8, 6.55]; mean and sample SD (ddof=1) computed here",methods: 'Three samples were fabricated for each parameter',independently fabricated devices,yes
10.1021/acsaelm.5c00548,He,2025,electrospun PVDF-TrFE/BaTiO3 nanofiber mat (3 wt% BTO),3,"average peak voltage (V), 10 N, 7 Hz",7.85,0.4924,0.0627,"SI Table S2: 'Average Voltage' of Samples 1-3 = [8.4, 7.45, 7.7]; mean and sample SD (ddof=1) computed here",methods: 'Three samples were fabricated for each parameter',independently fabricated devices,yes
10.1038/s41467-023-44065-6,Li,2023,electrospun PVDF-based fibers (Air-blowing fibers; PVDF/ZnO for composite and ferroelectret fibers),7,"ultrasound-induced output voltage (V), 1 MHz",0.38143,0.006901,0.0181,"Source Data sheet 'Fig. 2g', 7 values [0.38, 0.38, 0.37, 0.39, 0.38, 0.38, 0.39]; mean and sample SD computed here","caption Fig. 2f,g: 'n = 7 independent samples for each group'; values differ only in the second decimal, so the spread may be closer to repeat measurement than to fabrication",independent samples (as stated),yes
10.1038/s41467-023-44065-6,Li,2023,electrospun PVDF-based fibers (Composite fibers; PVDF/ZnO for composite and ferroelectret fibers),7,"ultrasound-induced output voltage (V), 1 MHz",0.74429,0.009759,0.0131,"Source Data sheet 'Fig. 2g', 7 values [0.74, 0.75, 0.76, 0.74, 0.73, 0.74, 0.75]; mean and sample SD computed here","caption Fig. 2f,g: 'n = 7 independent samples for each group'; values differ only in the second decimal, so the spread may be closer to repeat measurement than to fabrication",independent samples (as stated),yes
10.1038/s41467-023-44065-6,Li,2023,electrospun PVDF-based fibers (Ferroelectret fibers; PVDF/ZnO for composite and ferroelectret fibers),7,"ultrasound-induced output voltage (V), 1 MHz",1.6814,0.006901,0.0041,"Source Data sheet 'Fig. 2g', 7 values [1.68, 1.69, 1.68, 1.68, 1.67, 1.68, 1.69]; mean and sample SD computed here","caption Fig. 2f,g: 'n = 7 independent samples for each group'; values differ only in the second decimal, so the spread may be closer to repeat measurement than to fabrication",independent samples (as stated),yes
10.1038/s41467-025-67519-5,Qu,2026,"electrospun P(VDF-TrFE), ES membrane (x = 0 row)",3,"peak-to-peak open-circuit voltage (V), pressing mode",6.7267,0.05508,0.0082,"Source Data sheet 'Fig. 4', panel 4a columns 'Voltage(pp)' and 'Standard Deviation' (reported values)",methods: 'All relevant basic tests were repeated three times'; whether three separate films or three measurements is not stated,"triplicate, type unspecified",yes (hot-pressed after electrospinning except the x = 0 row)
10.1038/s41467-025-67519-5,Qu,2026,"electrospun P(VDF-TrFE), ES membrane (x = 0 row)",3,"peak-to-peak open-circuit voltage (V), bending mode",16.127,0.7267,0.0451,"Source Data sheet 'Fig. 4', panel 4a columns 'Voltage(pp)' and 'Standard Deviation' (reported values)",methods: 'All relevant basic tests were repeated three times'; whether three separate films or three measurements is not stated,"triplicate, type unspecified",yes (hot-pressed after electrospinning except the x = 0 row)
10.1038/s41467-025-67519-5,Qu,2026,"electrospun P(VDF-TrFE), TMP-IQ film pressed at 105 C",3,"peak-to-peak open-circuit voltage (V), pressing mode",8.1533,0.2145,0.0263,"Source Data sheet 'Fig. 4', panel 4a columns 'Voltage(pp)' and 'Standard Deviation' (reported values)",methods: 'All relevant basic tests were repeated three times'; whether three separate films or three measurements is not stated,"triplicate, type unspecified",yes (hot-pressed after electrospinning except the x = 0 row)
10.1038/s41467-025-67519-5,Qu,2026,"electrospun P(VDF-TrFE), TMP-IQ film pressed at 105 C",3,"peak-to-peak open-circuit voltage (V), bending mode",22.577,0.2281,0.0101,"Source Data sheet 'Fig. 4', panel 4a columns 'Voltage(pp)' and 'Standard Deviation' (reported values)",methods: 'All relevant basic tests were repeated three times'; whether three separate films or three measurements is not stated,"triplicate, type unspecified",yes (hot-pressed after electrospinning except the x = 0 row)
10.1038/s41467-025-67519-5,Qu,2026,"electrospun P(VDF-TrFE), TMP-IQ film pressed at 115 C",3,"peak-to-peak open-circuit voltage (V), pressing mode",11.14,0.03606,0.0032,"Source Data sheet 'Fig. 4', panel 4a columns 'Voltage(pp)' and 'Standard Deviation' (reported values)",methods: 'All relevant basic tests were repeated three times'; whether three separate films or three measurements is not stated,"triplicate, type unspecified",yes (hot-pressed after electrospinning except the x = 0 row)
10.1038/s41467-025-67519-5,Qu,2026,"electrospun P(VDF-TrFE), TMP-IQ film pressed at 115 C",3,"peak-to-peak open-circuit voltage (V), bending mode",24.807,1.239,0.0500,"Source Data sheet 'Fig. 4', panel 4a columns 'Voltage(pp)' and 'Standard Deviation' (reported values)",methods: 'All relevant basic tests were repeated three times'; whether three separate films or three measurements is not stated,"triplicate, type unspecified",yes (hot-pressed after electrospinning except the x = 0 row)
10.1038/s41467-025-67519-5,Qu,2026,"electrospun P(VDF-TrFE), TMP-IQ film pressed at 125 C",3,"peak-to-peak open-circuit voltage (V), pressing mode",12.88,0.2152,0.0167,"Source Data sheet 'Fig. 4', panel 4a columns 'Voltage(pp)' and 'Standard Deviation' (reported values)",methods: 'All relevant basic tests were repeated three times'; whether three separate films or three measurements is not stated,"triplicate, type unspecified",yes (hot-pressed after electrospinning except the x = 0 row)
10.1038/s41467-025-67519-5,Qu,2026,"electrospun P(VDF-TrFE), TMP-IQ film pressed at 125 C",3,"peak-to-peak open-circuit voltage (V), bending mode",23.68,0.3764,0.0159,"Source Data sheet 'Fig. 4', panel 4a columns 'Voltage(pp)' and 'Standard Deviation' (reported values)",methods: 'All relevant basic tests were repeated three times'; whether three separate films or three measurements is not stated,"triplicate, type unspecified",yes (hot-pressed after electrospinning except the x = 0 row)
10.1038/s41467-025-67519-5,Qu,2026,"electrospun P(VDF-TrFE), TMP-IQ film pressed at 135 C",3,"peak-to-peak open-circuit voltage (V), pressing mode",18.17,0.2458,0.0135,"Source Data sheet 'Fig. 4', panel 4a columns 'Voltage(pp)' and 'Standard Deviation' (reported values)",methods: 'All relevant basic tests were repeated three times'; whether three separate films or three measurements is not stated,"triplicate, type unspecified",yes (hot-pressed after electrospinning except the x = 0 row)
10.1038/s41467-025-67519-5,Qu,2026,"electrospun P(VDF-TrFE), TMP-IQ film pressed at 135 C",3,"peak-to-peak open-circuit voltage (V), bending mode",28.813,0.75,0.0260,"Source Data sheet 'Fig. 4', panel 4a columns 'Voltage(pp)' and 'Standard Deviation' (reported values)",methods: 'All relevant basic tests were repeated three times'; whether three separate films or three measurements is not stated,"triplicate, type unspecified",yes (hot-pressed after electrospinning except the x = 0 row)
10.1038/s41467-025-67519-5,Qu,2026,"electrospun P(VDF-TrFE), TMP-IQ film pressed at 140 C",3,"peak-to-peak open-circuit voltage (V), pressing mode",19.52,0.3703,0.0190,"Source Data sheet 'Fig. 4', panel 4a columns 'Voltage(pp)' and 'Standard Deviation' (reported values)",methods: 'All relevant basic tests were repeated three times'; whether three separate films or three measurements is not stated,"triplicate, type unspecified",yes (hot-pressed after electrospinning except the x = 0 row)
10.1038/s41467-025-67519-5,Qu,2026,"electrospun P(VDF-TrFE), TMP-IQ film pressed at 140 C",3,"peak-to-peak open-circuit voltage (V), bending mode",36.483,0.2948,0.0081,"Source Data sheet 'Fig. 4', panel 4a columns 'Voltage(pp)' and 'Standard Deviation' (reported values)",methods: 'All relevant basic tests were repeated three times'; whether three separate films or three measurements is not stated,"triplicate, type unspecified",yes (hot-pressed after electrospinning except the x = 0 row)
10.1038/s41467-025-67519-5,Qu,2026,"electrospun P(VDF-TrFE), TMP-IQ film pressed at 145 C",3,"peak-to-peak open-circuit voltage (V), pressing mode",10.703,0.1595,0.0149,"Source Data sheet 'Fig. 4', panel 4a columns 'Voltage(pp)' and 'Standard Deviation' (reported values)",methods: 'All relevant basic tests were repeated three times'; whether three separate films or three measurements is not stated,"triplicate, type unspecified",yes (hot-pressed after electrospinning except the x = 0 row)
10.1038/s41467-025-67519-5,Qu,2026,"electrospun P(VDF-TrFE), TMP-IQ film pressed at 145 C",3,"peak-to-peak open-circuit voltage (V), bending mode",19.027,0.4065,0.0214,"Source Data sheet 'Fig. 4', panel 4a columns 'Voltage(pp)' and 'Standard Deviation' (reported values)",methods: 'All relevant basic tests were repeated three times'; whether three separate films or three measurements is not stated,"triplicate, type unspecified",yes (hot-pressed after electrospinning except the x = 0 row)
10.1038/s41467-025-67519-5,Qu,2026,"electrospun P(VDF-TrFE), TMP-IQ film pressed at 150 C",3,"peak-to-peak open-circuit voltage (V), pressing mode",10.41,0.1931,0.0186,"Source Data sheet 'Fig. 4', panel 4a columns 'Voltage(pp)' and 'Standard Deviation' (reported values)",methods: 'All relevant basic tests were repeated three times'; whether three separate films or three measurements is not stated,"triplicate, type unspecified",yes (hot-pressed after electrospinning except the x = 0 row)
10.1038/s41467-025-67519-5,Qu,2026,"electrospun P(VDF-TrFE), TMP-IQ film pressed at 150 C",3,"peak-to-peak open-circuit voltage (V), bending mode",17.16,0.2464,0.0144,"Source Data sheet 'Fig. 4', panel 4a columns 'Voltage(pp)' and 'Standard Deviation' (reported values)",methods: 'All relevant basic tests were repeated three times'; whether three separate films or three measurements is not stated,"triplicate, type unspecified",yes (hot-pressed after electrospinning except the x = 0 row)
10.1038/s41467-025-67519-5,Qu,2026,"electrospun P(VDF-TrFE), TMP-IQ film pressed at 155 C",3,"peak-to-peak open-circuit voltage (V), pressing mode",8.8267,0.05508,0.0062,"Source Data sheet 'Fig. 4', panel 4a columns 'Voltage(pp)' and 'Standard Deviation' (reported values)",methods: 'All relevant basic tests were repeated three times'; whether three separate films or three measurements is not stated,"triplicate, type unspecified",yes (hot-pressed after electrospinning except the x = 0 row)
10.1038/s41467-025-67519-5,Qu,2026,"electrospun P(VDF-TrFE), TMP-IQ film pressed at 155 C",3,"peak-to-peak open-circuit voltage (V), bending mode",14.753,1.108,0.0751,"Source Data sheet 'Fig. 4', panel 4a columns 'Voltage(pp)' and 'Standard Deviation' (reported values)",methods: 'All relevant basic tests were repeated three times'; whether three separate films or three measurements is not stated,"triplicate, type unspecified",yes (hot-pressed after electrospinning except the x = 0 row)
10.1038/s41467-025-67519-5,Qu,2026,"electrospun P(VDF-TrFE), TMP-IQ film pressed at 165 C",3,"peak-to-peak open-circuit voltage (V), pressing mode",6.5133,0.2454,0.0377,"Source Data sheet 'Fig. 4', panel 4a columns 'Voltage(pp)' and 'Standard Deviation' (reported values)",methods: 'All relevant basic tests were repeated three times'; whether three separate films or three measurements is not stated,"triplicate, type unspecified",yes (hot-pressed after electrospinning except the x = 0 row)
10.1038/s41467-025-67519-5,Qu,2026,"electrospun P(VDF-TrFE), TMP-IQ film pressed at 165 C",3,"peak-to-peak open-circuit voltage (V), bending mode",14.51,0.2982,0.0205,"Source Data sheet 'Fig. 4', panel 4a columns 'Voltage(pp)' and 'Standard Deviation' (reported values)",methods: 'All relevant basic tests were repeated three times'; whether three separate films or three measurements is not stated,"triplicate, type unspecified",yes (hot-pressed after electrospinning except the x = 0 row)
10.1038/s41467-025-67519-5,Qu,2026,"electrospun P(VDF-TrFE), TMP-IQ film pressed at 175 C",3,"peak-to-peak open-circuit voltage (V), pressing mode",7.33,0.04583,0.0063,"Source Data sheet 'Fig. 4', panel 4a columns 'Voltage(pp)' and 'Standard Deviation' (reported values)",methods: 'All relevant basic tests were repeated three times'; whether three separate films or three measurements is not stated,"triplicate, type unspecified",yes (hot-pressed after electrospinning except the x = 0 row)
10.1038/s41467-025-67519-5,Qu,2026,"electrospun P(VDF-TrFE), TMP-IQ film pressed at 175 C",3,"peak-to-peak open-circuit voltage (V), bending mode",15.743,0.2765,0.0176,"Source Data sheet 'Fig. 4', panel 4a columns 'Voltage(pp)' and 'Standard Deviation' (reported values)",methods: 'All relevant basic tests were repeated three times'; whether three separate films or three measurements is not stated,"triplicate, type unspecified",yes (hot-pressed after electrospinning except the x = 0 row)
10.1038/s41467-025-67519-5,Qu,2026,"electrospun P(VDF-TrFE), TMP-IQ film pressed at 185 C",3,"peak-to-peak open-circuit voltage (V), pressing mode",6.533,0.4208,0.0644,"Source Data sheet 'Fig. 4', panel 4a columns 'Voltage(pp)' and 'Standard Deviation' (reported values)",methods: 'All relevant basic tests were repeated three times'; whether three separate films or three measurements is not stated,"triplicate, type unspecified",yes (hot-pressed after electrospinning except the x = 0 row)
10.1038/s41467-025-67519-5,Qu,2026,"electrospun P(VDF-TrFE), TMP-IQ film pressed at 185 C",3,"peak-to-peak open-circuit voltage (V), bending mode",10.963,0.129,0.0118,"Source Data sheet 'Fig. 4', panel 4a columns 'Voltage(pp)' and 'Standard Deviation' (reported values)",methods: 'All relevant basic tests were repeated three times'; whether three separate films or three measurements is not stated,"triplicate, type unspecified",yes (hot-pressed after electrospinning except the x = 0 row)
10.1038/ncomms11108,Lang,2016,"electrospun PVDF nanofibre web acoustic sensor, web thickness 20 um",3,"acoustic sensitivity (mV/Pa) = voltage / fixed sound pressure (115 dB, 220 Hz)",161.6,6.3,0.0390,Fig. 2e rendered at 400 dpi; marker centre and error-bar ends located by pixel analysis against the 0 and 250 mV/Pa frame lines (reading error about 1 mV/Pa),caption: 'error bars represent the s.d. of the test results of at least three replicates'; n taken as 3 (lower bound),"replicates, type unspecified",yes
10.1038/ncomms11108,Lang,2016,"electrospun PVDF nanofibre web acoustic sensor, web thickness 30 um",3,"acoustic sensitivity (mV/Pa) = voltage / fixed sound pressure (115 dB, 220 Hz)",174.3,7.9,0.0453,Fig. 2e rendered at 400 dpi; marker centre and error-bar ends located by pixel analysis against the 0 and 250 mV/Pa frame lines (reading error about 1 mV/Pa),caption: 'error bars represent the s.d. of the test results of at least three replicates'; n taken as 3 (lower bound),"replicates, type unspecified",yes
10.1038/ncomms11108,Lang,2016,"electrospun PVDF nanofibre web acoustic sensor, web thickness 40 um",3,"acoustic sensitivity (mV/Pa) = voltage / fixed sound pressure (115 dB, 220 Hz)",203.1,16,0.0788,Fig. 2e rendered at 400 dpi; marker centre and error-bar ends located by pixel analysis against the 0 and 250 mV/Pa frame lines (reading error about 1 mV/Pa),caption: 'error bars represent the s.d. of the test results of at least three replicates'; n taken as 3 (lower bound),"replicates, type unspecified",yes
10.1038/ncomms11108,Lang,2016,"electrospun PVDF nanofibre web acoustic sensor, web thickness 50 um",3,"acoustic sensitivity (mV/Pa) = voltage / fixed sound pressure (115 dB, 220 Hz)",161.1,8.9,0.0552,Fig. 2e rendered at 400 dpi; marker centre and error-bar ends located by pixel analysis against the 0 and 250 mV/Pa frame lines (reading error about 1 mV/Pa),caption: 'error bars represent the s.d. of the test results of at least three replicates'; n taken as 3 (lower bound),"replicates, type unspecified",yes
10.1038/ncomms11108,Lang,2016,"electrospun PVDF nanofibre web acoustic sensor, web thickness 60 um",3,"acoustic sensitivity (mV/Pa) = voltage / fixed sound pressure (115 dB, 220 Hz)",151.7,6.6,0.0435,Fig. 2e rendered at 400 dpi; marker centre and error-bar ends located by pixel analysis against the 0 and 250 mV/Pa frame lines (reading error about 1 mV/Pa),caption: 'error bars represent the s.d. of the test results of at least three replicates'; n taken as 3 (lower bound),"replicates, type unspecified",yes
10.1038/ncomms11108,Lang,2016,"electrospun PVDF nanofibre web acoustic sensor, web thickness 70 um",3,"acoustic sensitivity (mV/Pa) = voltage / fixed sound pressure (115 dB, 220 Hz)",145.4,7.3,0.0502,Fig. 2e rendered at 400 dpi; marker centre and error-bar ends located by pixel analysis against the 0 and 250 mV/Pa frame lines (reading error about 1 mV/Pa),caption: 'error bars represent the s.d. of the test results of at least three replicates'; n taken as 3 (lower bound),"replicates, type unspecified",yes
10.1038/ncomms11108,Lang,2016,"electrospun PVDF nanofibre web acoustic sensor, web thickness 80 um",3,"acoustic sensitivity (mV/Pa) = voltage / fixed sound pressure (115 dB, 220 Hz)",132.2,9.1,0.0688,Fig. 2e rendered at 400 dpi; marker centre and error-bar ends located by pixel analysis against the 0 and 250 mV/Pa frame lines (reading error about 1 mV/Pa),caption: 'error bars represent the s.d. of the test results of at least three replicates'; n taken as 3 (lower bound),"replicates, type unspecified",yes
10.1038/s41378-024-00704-6,Ge,2024,"commercial screen-printed PVDF film, MEMS cantilever accelerometer",5,"flat-band charge sensitivity (pC/g), 130 Hz",29.45,1.101,0.0374,"main text: 'average experimentally determined flat-band sensitivity ... 29.45 pC/g, with a 3.74% standard deviation' (five manufactured samples)","not electrospun; industrial film, lower bound of device-to-device dispersion for PVDF",independently manufactured devices,no
