dataset,curve,c,F,f,y,law_full
SalamaForce,"0 wt% GO, 10 Hz",0.0,0.1,10.0,423.5,162.499241105173
SalamaForce,"0 wt% GO, 15 Hz",0.0,0.2,15.0,338.0,291.67263091210185
SalamaForce,"0 wt% GO, 10 Hz",0.0,0.3,10.0,631.9,487.49772331551895
SalamaForce,"0 wt% GO, 15 Hz",0.0,0.3,15.0,435.5,437.5089463681527
SalamaForce,"0 wt% GO, 10 Hz",0.0,0.4,10.0,713.1,649.996964420692
SalamaForce,"0 wt% GO, 15 Hz",0.0,0.4,15.0,500.4,583.3452618242037
SalamaForce,"0 wt% GO, 10 Hz",0.0,0.5,10.0,567.0,812.496205525865
SalamaForce,"0 wt% GO, 15 Hz",0.0,0.5,15.0,611.3,729.1815772802545
SalamaForce,"0.5 wt% GO, 10 Hz",0.5,0.1,10.0,313.5,302.25297571970026
SalamaForce,"0.5 wt% GO, 15 Hz",0.5,0.1,15.0,277.9,271.2594841354313
SalamaForce,"0.5 wt% GO, 10 Hz",0.5,0.2,10.0,822.2,604.5059514394005
SalamaForce,"0.5 wt% GO, 15 Hz",0.5,0.2,15.0,549.7,542.5189682708626
SalamaForce,"0.5 wt% GO, 10 Hz",0.5,0.3,10.0,1083.0,906.7589271591008
SalamaForce,"0.5 wt% GO, 15 Hz",0.5,0.3,15.0,837.4,813.7784524062939
SalamaForce,"0.5 wt% GO, 10 Hz",0.5,0.4,10.0,1300.3,1209.011902878801
SalamaForce,"0.5 wt% GO, 15 Hz",0.5,0.4,15.0,1043.0,1085.0379365417252
SalamaForce,"0.5 wt% GO, 10 Hz",0.5,0.5,10.0,1498.8,1511.2648785985014
SalamaForce,"0.5 wt% GO, 15 Hz",0.5,0.5,15.0,1242.4,1356.2974206771567
SalamaForce,"1 wt% GO, 10 Hz",1.0,0.1,10.0,167.8,400.8586199470308
SalamaForce,"1 wt% GO, 15 Hz",1.0,0.1,15.0,337.9,359.75395179867945
SalamaForce,"1 wt% GO, 10 Hz",1.0,0.2,10.0,471.9,801.7172398940615
SalamaForce,"1 wt% GO, 15 Hz",1.0,0.2,15.0,826.3,719.5079035973589
SalamaForce,"1 wt% GO, 10 Hz",1.0,0.3,10.0,1298.3,1202.5758598410923
SalamaForce,"1 wt% GO, 15 Hz",1.0,0.3,15.0,1114.7,1079.2618553960383
SalamaForce,"1 wt% GO, 10 Hz",1.0,0.4,10.0,1593.3,1603.434479788123
SalamaForce,"1 wt% GO, 15 Hz",1.0,0.4,15.0,1359.2,1439.0158071947178
SalamaForce,"1 wt% GO, 10 Hz",1.0,0.5,10.0,1696.5,2004.2930997351539
SalamaForce,"1 wt% GO, 15 Hz",1.0,0.5,15.0,1558.7,1798.7697589933973
SalamaForce,"1.5 wt% GO, 10 Hz",1.5,0.1,10.0,117.5,458.3161737871646
SalamaForce,"1.5 wt% GO, 15 Hz",1.5,0.1,15.0,476.6,411.3197184457954
SalamaForce,"1.5 wt% GO, 10 Hz",1.5,0.2,10.0,312.3,916.6323475743292
SalamaForce,"1.5 wt% GO, 15 Hz",1.5,0.2,15.0,1174.2,822.6394368915908
SalamaForce,"1.5 wt% GO, 10 Hz",1.5,0.3,10.0,1068.1,1374.9485213614937
SalamaForce,"1.5 wt% GO, 15 Hz",1.5,0.3,15.0,1542.6,1233.9591553373862
SalamaForce,"1.5 wt% GO, 10 Hz",1.5,0.4,10.0,2698.0,1833.2646951486583
SalamaForce,"1.5 wt% GO, 15 Hz",1.5,0.4,15.0,2232.8,1645.2788737831816
SalamaForce,"1.5 wt% GO, 10 Hz",1.5,0.5,10.0,3676.3,2291.5808689358228
SalamaForce,"1.5 wt% GO, 15 Hz",1.5,0.5,15.0,2716.1,2056.598592228977
SalamaForce,"2 wt% GO, 10 Hz",2.0,0.1,10.0,328.3,474.62563724010147
SalamaForce,"2 wt% GO, 15 Hz",2.0,0.1,15.0,199.3,425.95678407677894
SalamaForce,"2 wt% GO, 10 Hz",2.0,0.2,10.0,745.1,949.2512744802029
SalamaForce,"2 wt% GO, 15 Hz",2.0,0.2,15.0,740.9,851.9135681535579
SalamaForce,"2 wt% GO, 10 Hz",2.0,0.3,10.0,1001.7,1423.8769117203042
SalamaForce,"2 wt% GO, 15 Hz",2.0,0.3,15.0,979.4,1277.8703522303367
SalamaForce,"2 wt% GO, 10 Hz",2.0,0.4,10.0,1296.5,1898.5025489604059
SalamaForce,"2 wt% GO, 15 Hz",2.0,0.4,15.0,1130.9,1703.8271363071158
SalamaForce,"2 wt% GO, 10 Hz",2.0,0.5,10.0,1603.6,2373.128186200507
SalamaForce,"2 wt% GO, 15 Hz",2.0,0.5,15.0,1234.9,2129.7839203838944
SalamaForce,"2.5 wt% GO, 10 Hz",2.5,0.1,10.0,237.3,449.78701030584165
SalamaForce,"2.5 wt% GO, 15 Hz",2.5,0.1,15.0,156.7,403.6651486916303
SalamaForce,"2.5 wt% GO, 10 Hz",2.5,0.2,10.0,843.5,899.5740206116833
SalamaForce,"2.5 wt% GO, 15 Hz",2.5,0.2,15.0,1210.9,807.3302973832606
SalamaForce,"2.5 wt% GO, 10 Hz",2.5,0.3,10.0,1053.6,1349.3610309175249
SalamaForce,"2.5 wt% GO, 15 Hz",2.5,0.3,15.0,1406.8,1210.9954460748909
SalamaForce,"2.5 wt% GO, 10 Hz",2.5,0.4,10.0,2037.7,1799.1480412233666
SalamaForce,"2.5 wt% GO, 15 Hz",2.5,0.4,15.0,1688.4,1614.6605947665212
SalamaForce,"2.5 wt% GO, 10 Hz",2.5,0.5,10.0,2685.6,2248.935051529208
SalamaForce,"2.5 wt% GO, 15 Hz",2.5,0.5,15.0,1973.1,2018.3257434581512
SalamaForce,"3 wt% GO, 10 Hz",3.0,0.1,10.0,84.2,383.8002929843849
SalamaForce,"3 wt% GO, 15 Hz",3.0,0.1,15.0,78.9,344.4448122903492
SalamaForce,"3 wt% GO, 10 Hz",3.0,0.2,10.0,423.2,767.6005859687698
SalamaForce,"3 wt% GO, 15 Hz",3.0,0.2,15.0,409.4,688.8896245806984
SalamaForce,"3 wt% GO, 10 Hz",3.0,0.3,10.0,1125.4,1151.4008789531545
SalamaForce,"3 wt% GO, 15 Hz",3.0,0.3,15.0,878.7,1033.3344368710475
SalamaForce,"3 wt% GO, 10 Hz",3.0,0.4,10.0,1346.1,1535.2011719375396
SalamaForce,"3 wt% GO, 15 Hz",3.0,0.4,15.0,1709.5,1377.7792491613968
SalamaForce,"3 wt% GO, 10 Hz",3.0,0.5,10.0,2219.0,1919.0014649219243
SalamaForce,"3 wt% GO, 15 Hz",3.0,0.5,15.0,2109.4,1722.224061451746
Shi,PVDF-TrFE,0.0,10.0,0.2,0.1065,0.13579612334172492
Shi,PVDF-TrFE,0.0,20.0,0.2,0.2633,0.27159224668344983
Shi,PVDF-TrFE,0.0,30.0,0.2,0.3698,0.40738837002517475
Shi,PVDF-TrFE,0.0,40.0,0.2,0.432,0.5431844933668997
Shi,PVDF-TrFE,0.0,50.0,0.2,0.4941,0.6789806167086245
Shi,PVDF-TrFE,0.0,60.0,0.2,0.568,0.8147767400503495
Shi,PVDF-TrFE,0.0,70.0,0.2,0.6538,0.9505728633920744
Shi,PVDF-TrFE,0.0,80.0,0.2,0.7485,1.0863689867337993
Shi,PVDF-TrFE,0.0,90.0,0.2,0.8432,1.2221651100755242
Shi,PVDF-TrFE,0.0,100.0,0.2,0.9379,1.357961233417249
Shi,PB-5,0.0,40.0,0.2,0.9763,0.5431844933668997
Shi,PB-5,0.0,70.0,0.2,1.3195,0.9505728633920744
Shi,PB-5,0.0,80.0,0.2,1.4704,1.0863689867337993
Shi,PB-5,0.0,90.0,0.2,1.6598,1.2221651100755242
Shi,PB-5,0.0,100.0,0.2,1.8343,1.357961233417249
Shi,PBC-1,1.0,20.0,0.2,0.4867,0.3498175694960506
Shi,PBC-1,1.0,50.0,0.2,1.0015,0.8745439237401265
Shi,PBC-1,1.0,60.0,0.2,1.1006,1.0494527084881518
Shi,PBC-1,1.0,70.0,0.2,1.2278,1.224361493236177
Shi,PBC-1,1.0,80.0,0.2,1.3521,1.3992702779842023
Shi,PBC-1,1.0,90.0,0.2,1.5621,1.5741790627322276
Shi,PBC-1,1.0,100.0,0.2,1.7426,1.749087847480253
Shi,PBC-2.5,2.5,20.0,0.2,0.5385,0.43501240853711554
Shi,PBC-2.5,2.5,30.0,0.2,0.7663,0.6525186128056734
Shi,PBC-2.5,2.5,40.0,0.2,0.8876,0.8700248170742311
Shi,PBC-2.5,2.5,50.0,0.2,1.0473,1.087531021342789
Shi,PBC-2.5,2.5,70.0,0.2,1.4453,1.5225434298799045
Shi,PBC-2.5,2.5,80.0,0.2,1.6524,1.7400496341484621
Shi,PBC-2.5,2.5,90.0,0.2,1.8417,1.95755583841702
Shi,PBC-2.5,2.5,100.0,0.2,2.0118,2.175062042685578
Shi,PBC-5,5.0,10.0,0.2,0.318,0.24564437656566374
Shi,PBC-5,5.0,20.0,0.2,0.6953,0.49128875313132747
Shi,PBC-5,5.0,30.0,0.2,0.9763,0.7369331296969912
Shi,PBC-5,5.0,40.0,0.2,1.1302,0.9825775062626549
Shi,PBC-5,5.0,50.0,0.2,1.2929,1.2282218828283187
Shi,PBC-5,5.0,60.0,0.2,1.5178,1.4738662593939824
Shi,PBC-5,5.0,70.0,0.2,1.7426,1.7195106359596461
Shi,PBC-5,5.0,80.0,0.2,2.0207,1.9651550125253099
Shi,PBC-5,5.0,90.0,0.2,2.2426,2.2107993890909734
Shi,PBC-5,5.0,100.0,0.2,2.4438,2.4564437656566374
Shi,PBC-7.5,7.5,10.0,0.2,0.284,0.2202106402330428
Shi,PBC-7.5,7.5,20.0,0.2,0.642,0.4404212804660856
Shi,PBC-7.5,7.5,30.0,0.2,0.9024,0.6606319206991283
Shi,PBC-7.5,7.5,40.0,0.2,1.0592,0.8808425609321712
Shi,PBC-7.5,7.5,50.0,0.2,1.1775,1.1010532011652139
Shi,PBC-7.5,7.5,60.0,0.2,1.2899,1.3212638413982567
Shi,PBC-7.5,7.5,70.0,0.2,1.4734,1.5414744816312995
Shi,PBC-7.5,7.5,80.0,0.2,1.6598,1.7616851218643423
Shi,PBC-7.5,7.5,90.0,0.2,1.8817,1.9818957620973852
Shi,PBC-7.5,7.5,100.0,0.2,2.1095,2.2021064023304278
Li,20% BTO/PVDF,0.0,40.0,3.0,1.015,0.9672265193415712
Li,20% BTO/PVDF,0.0,90.0,3.0,2.201,2.176259668518535
Li,20% BTO/PVDF,0.0,130.0,3.0,3.081,3.1434861878601064
Li,20% BTO/PVDF,0.0,170.0,3.0,4.165,4.110712707201677
Li,20% BTO/PVDF,0.0,230.0,3.0,5.393,5.561552486214034
Li,20% BTO/PVDF,0.0,300.0,3.0,7.52,7.254198895061784
Li,20% BTO/PVDF,0.0,370.0,3.0,8.993,8.946845303909534
Li,20% BTO/PVDF,0.0,420.0,3.0,10.63,10.155878453086498
Li,20% BTO/PVDF,0.0,480.0,3.0,11.06,11.606718232098855
Li,20% TOS-BTO/PVDF,1.0,15.0,3.0,0.953,0.7084169669619103
Li,20% TOS-BTO/PVDF,1.0,40.0,3.0,2.385,1.8891119118984272
Li,20% TOS-BTO/PVDF,1.0,90.0,3.0,5.229,4.2505018017714615
Li,20% TOS-BTO/PVDF,1.0,130.0,3.0,6.252,6.139613713669889
Li,20% TOS-BTO/PVDF,1.0,170.0,3.0,8.768,8.028725625568317
Li,20% TOS-BTO/PVDF,1.0,230.0,3.0,10.282,10.862393493415958
Li,20% TOS-BTO/PVDF,1.0,300.0,3.0,14.783,14.168339339238205
Li,20% TOS-BTO/PVDF,1.0,370.0,3.0,17.709,17.474285185060452
Li,20% TOS-BTO/PVDF,1.0,420.0,3.0,20.041,19.835675074933487
Li,20% TOS-BTO/PVDF,1.0,480.0,3.0,21.678,22.669342942781128
