dataset,scheme,model,R2,MAE,mean_within_level_R2
SalamaForce,loo,gp,0.8879630067585844,172.22495164031375,
SalamaForce,loo,lawgp,0.8099970395582912,244.39788109984752,
SalamaForce,loo,law,0.7123994068357908,280.245183043202,
SalamaForce,loo,gp_r4,0.8878804094126174,172.38604882300703,
SalamaForce,loo,lawgp_r4,0.9100310279219755,159.50428013587396,
SalamaForce,composition,gp,0.0344627744836119,567.0892755212128,-3.901540189446566
SalamaForce,composition,lawgp,0.6151785866980626,310.2634376248007,0.0800793987622856
SalamaForce,composition,law,0.6068382681798248,314.7350310276338,-0.013564203715778806
SalamaForce,composition,gp_r4,0.03583156233716178,569.0842431401727,-3.9009742464387758
SalamaForce,composition,lawgp_r4,0.6151785866980626,310.2634376248007,0.0800793987622856
SalamaForce,force,gp,0.8224258775955051,218.3087365094091,-1.7105225733814748
SalamaForce,force,lawgp,0.7476803330750585,266.8972615853913,-0.6626376438819939
SalamaForce,force,law,0.7350251485041621,277.59467101001974,-0.18946552535198505
SalamaForce,force,gp_r4,0.8261508831825854,210.57824354761033,-1.5680817804993887
SalamaForce,force,lawgp_r4,0.779418424682653,236.69983364919278,-0.49319058503187174
SalamaForce,frequency,gp,-0.0060039243104554885,573.3213184198942,-0.008812707057514246
SalamaForce,frequency,lawgp,0.734170487150029,268.9314237674738,0.7377095826121233
SalamaForce,frequency,law,0.7251067339069026,277.37963120213254,0.7255453850347389
SalamaForce,frequency,gp_r4,-0.0060039243104554885,573.3213184198942,-0.008812707057514246
SalamaForce,frequency,lawgp_r4,0.7350330371932392,268.60141130016103,0.7384013142970121
SalamaFreq,loo,gp,0.9621817297516948,84.07814687873959,
SalamaFreq,loo,lawgp,0.9741928202063905,69.8191533475097,
SalamaFreq,loo,law,0.8276867666165195,186.4701519420684,
SalamaFreq,loo,gp_r4,0.9621817164137987,84.07818025622124,
SalamaFreq,loo,lawgp_r4,0.9741928253531348,69.81915380448271,
SalamaFreq,composition,gp,0.18268986363398265,462.4005475969068,-5.647607448463236
SalamaFreq,composition,lawgp,0.7642358921743008,211.78086221273693,-1.0664154611935108
SalamaFreq,composition,law,0.7602399452689417,217.34563588016866,-1.152037592665925
SalamaFreq,composition,gp_r4,0.1826900231738524,462.4005094384133,-5.647606562902356
SalamaFreq,composition,lawgp_r4,0.7642358925727057,211.7808614251965,-1.0664154574685438
SalamaFreq,frequency,gp,0.9652241211286465,80.43261202011529,0.9561004020606344
SalamaFreq,frequency,lawgp,0.9653922334385182,79.26040940007147,0.9574269971715325
SalamaFreq,frequency,law,0.8637490678308367,167.78625171203305,0.8364591314406787
SalamaFreq,frequency,gp_r4,0.9652241211286465,80.43261202011529,0.9561004020606344
SalamaFreq,frequency,lawgp_r4,0.9653922605081449,79.26036819405077,0.9574270314500479
Shi,loo,gp,0.998775098313474,0.013987157598970774,
Shi,loo,lawgp,0.9951340981866148,0.025281951400513144,
Shi,loo,law,0.8605308948225077,0.15679143593365424,
Shi,loo,gp_r4,0.9987750996220832,0.013987145015797498,
Shi,loo,lawgp_r4,0.9950895106794881,0.025457504781196346,
Shi,composition,gp,0.6015980482584353,0.23044648686451033,-0.7069059140019748
Shi,composition,lawgp,0.6393737394972224,0.27086533202544616,-0.4133857129099671
Shi,composition,law,0.6467901908912121,0.2503795367309108,-0.5155245965436174
Shi,composition,gp_r4,0.6015980770373713,0.23044640327357307,-0.7069058982399214
Shi,composition,lawgp_r4,0.5914580880363258,0.285147995180754,-0.7149223266377015
Shi,force,gp,0.9972345540298189,0.01902125866308048,0.9587718973695882
Shi,force,lawgp,0.9945111209021327,0.02686324437136865,0.9035762436148655
Shi,force,law,0.8774555495580506,0.1498179457262568,0.5430150068805347
Shi,force,gp_r4,0.9972345540108379,0.019021260040568522,0.9587718974587297
Shi,force,lawgp_r4,0.994511307564483,0.026863088147748192,0.9035773072939733
Li,loo,gp,0.9916427680856496,0.4283264187558384,
Li,loo,lawgp,0.9912341945441621,0.4410228107103434,
Li,loo,law,0.9913478590139692,0.4254155212211046,
Li,loo,gp_r4,0.9916427640146901,0.4283264737343689,
Li,loo,lawgp_r4,0.990858027710884,0.45000751423986235,
Li,composition,gp,-0.11599902258645156,5.383016733846698,-0.5276048887657784
Li,composition,lawgp,-0.128320772280349,5.6174901320668225,-1.2474726083183736
Li,composition,law,-0.11609764523543142,5.529178983716574,-1.2021434820808001
Li,composition,gp_r4,-0.11433822119476611,5.589019676453467,-1.1988768249114978
Li,composition,lawgp_r4,-0.11581098420533276,5.616490674674842,-1.2069307237277047
Li,force,gp,0.9909516621586517,0.4442680331460029,0.953930194957013
Li,force,lawgp,0.9915434970474387,0.41804684870479586,0.9372016018475016
Li,force,law,0.9913478590138614,0.42541552122565657,0.9270300018589267
Li,force,gp_r4,0.990951662700512,0.4442680583597909,0.9539301788708612
Li,force,lawgp_r4,0.9913431247845855,0.4233749028107414,0.9361717403134777
ParkG,loo,gp,0.10347778097086391,0.5146078253154031,
ParkG,loo,lawgp,0.874998506045318,0.20185682389948875,
ParkG,loo,law,0.47373162471142427,0.4989559478488666,
ParkG,loo,gp_r4,0.8594978879398417,0.21187999357769877,
ParkG,loo,lawgp_r4,0.8662697971158997,0.2071685260839529,
ParkG,preload,gp,0.536381312972761,0.4434941939108019,-0.48378030032572616
ParkG,preload,lawgp,0.08706806921568666,0.4967880902113646,-0.5079356640061281
ParkG,preload,law,-0.0019853330829531224,0.613319450161928,-1.3970351894000423
ParkG,preload,gp_r4,0.5884949919941502,0.41135531761108196,-0.20058358586153516
ParkG,preload,lawgp_r4,0.09002778045478499,0.4948428388283498,-0.49844661308481647
ParkG,frequency,gp,-0.08722216993824516,0.5334952952205457,-0.49301946881063935
ParkG,frequency,lawgp,-0.13712656564738768,0.44223344959752353,-0.03552926847504199
ParkG,frequency,law,-0.3393323675149309,0.604777203375153,-1.323901303122654
ParkG,frequency,gp_r4,-0.05257702131585629,0.4859976877422502,-0.3065267245121306
ParkG,frequency,lawgp_r4,-0.11746519219415252,0.432764183615996,0.015726040557863884
ParkT,loo,gp,0.8548609026061782,0.08816170069719453,
ParkT,loo,lawgp,0.8748713539294467,0.08361446897030893,
ParkT,loo,law,0.44000131982843693,0.29368925827414605,
ParkT,loo,gp_r4,0.8617232286750542,0.08756239222798075,
ParkT,loo,lawgp_r4,0.8700171498741393,0.08443853273476384,
ParkT,preload,gp,-0.15541896626601615,0.44237834555826955,-0.35356113084228363
ParkT,preload,lawgp,-1.8241427860724553,0.6759163102479375,-4.887369584128731
ParkT,preload,law,-1.6255760386384606,0.6299343545388011,-4.541668390953941
ParkT,preload,gp_r4,-0.15541885139643563,0.4423782964664809,-0.35355989755517525
ParkT,preload,lawgp_r4,-1.7966911977635855,0.6718774352227447,-4.593979096228508
ParkT,frequency,gp,0.13520688758176314,0.3495934133352676,-2.5196993744119602
ParkT,frequency,lawgp,0.3218917027168665,0.29856595291860677,-0.18613038077191094
ParkT,frequency,law,0.22161257232900033,0.34335974028889266,-0.34622914821157175
ParkT,frequency,gp_r4,0.13519658655041022,0.3496009427263613,-2.519706328065344
ParkT,frequency,lawgp_r4,0.3218917027168665,0.29856595291860677,-0.18613038077191094
